id_venta;id_cliente;codigo_producto;producto;vendedor;fecha;cantidad; precio_venta_unitario ;descuento; total_neto ; utilidad ;forma_pago
VEN00001;CLI076;10022;ACOPLE SANITARIO CARDENAS LARGO;Andrés Cardona;25/01/2025;3;2000;0;6000;2400;Efectivo
VEN00002;CLI179;10084;AGUAMONIACO  FRASCO X 480;Milena Restrepo;5/04/2026;3;3800;0;11400;7800;Transferencia
VEN00003;CLI256;10048;ALAMBRE CENTELSA N 12 AZUL;Andrés Cardona;3/01/2026;2;2000;0;4000;1600;Tarjeta
VEN00004;CLI150;10017;ACEITE USA1 X 70 CC;Diana Tobón;12/08/2025;3;2000;0;6000;2400;Efectivo
VEN00005;CLI023;11071;ACOPLE LAVAMANOS GRIVAL LARGO 60;Andrés Cardona;26/02/2026;3;2000;0;6000;2400;Transferencia
VEN00006;CLI109;10032;ALAMBRE PUA  C14 X 350MT CORSAN;Andrés Cardona;1/05/2025;2;2000;0;4000;1600;Transferencia
VEN00007;CLI261;10018;ACIDO CORRIENTE X 480;Milena Restrepo;16/05/2025;10;2000;0;20000;8000;Tarjeta
VEN00008;CLI226;11941;AGUA STOP AHORRADOR PLASTIG;Carlos Mario Hoyos;15/06/2025;5;2000;0;10000;4000;Efectivo
VEN00009;CLI279;10025;ACRONAL  DE 1/4;Carlos Mario Hoyos;15/12/2025;2;2000;0;4000;1600;Transferencia
VEN00010;CLI174;11942;AGUA STOP CAUCHO GRIPLAS;Milena Restrepo;19/09/2025;10;2000;0;20000;8000;Tarjeta
VEN00011;CLI030;11700;"ADAPTADOR MACHO DE 1/2"" PVC LEO";Milena Restrepo;3/04/2025;10;2000;0;20000;8000;Efectivo
VEN00012;CLI164;10033;ALAMBRE PUA C16 X 200MT CORSAN;Andrés Cardona;20/05/2025;1;2000;0;2000;800;Tarjeta
VEN00013;CLI192;11060;AGUA STOP PASTA GRIVAL;Carlos Mario Hoyos;15/01/2025;1;2000;0;2000;800;Transferencia
VEN00014;CLI241;11696;ADAPTADOR PVC ALARGE 1/2 X 3/8;Diana Tobón;24/01/2025;10;2000;0;20000;8000;Efectivo
VEN00015;CLI065;10056;ALAMBRE CENTELSA N 14 NEGRO;Milena Restrepo;25/01/2026;3;2000;0;6000;2400;Tarjeta
VEN00016;CLI188;10879;ADAPTADOR MACHO 1/2 X 16MM PE AL PE;Milena Restrepo;10/02/2026;10;2000;0;20000;8000;Efectivo
VEN00017;CLI183;11060;AGUA STOP PASTA GRIVAL;Carlos Mario Hoyos;21/02/2026;5;2000;0;10000;4000;Efectivo
VEN00018;CLI206;10987;AGUA STOP PINES SAPITO GERFOR 580051;Diana Tobón;16/09/2025;5;2000;500;9500;3500;Tarjeta
VEN00019;CLI046;10017;ACEITE USA1 X 70 CC;Andrés Cardona;20/11/2025;3;2000;0;6000;2400;Efectivo
VEN00020;CLI266;10986;AGUA STOP ARGOLLA GERFOR 581140;Diana Tobón;2/09/2025;10;2000;0;20000;8000;Tarjeta
VEN00021;CLI275;10002;ABRAZADERA TITAN 5/16-15/32 10-00;Carlos Mario Hoyos;5/10/2025;10;2000;2000;18000;6000;Transferencia
VEN00022;CLI287;10008;ABRAZADERA TITAN 1A19/16 40-20;Milena Restrepo;8/05/2026;10;2000;0;20000;8000;Efectivo
VEN00023;CLI182;10010;ABRAZADERA TITAN 11/4A2 40-28;Carlos Mario Hoyos;19/08/2025;5;2000;0;10000;4000;Tarjeta
VEN00024;CLI133;10048;ALAMBRE CENTELSA N 12 AZUL;Diana Tobón;16/02/2026;3;2000;0;6000;2400;Tarjeta
VEN00025;CLI265;10987;AGUA STOP PINES SAPITO GERFOR 580051;Carlos Mario Hoyos;25/03/2025;1;2000;100;1900;700;Tarjeta
VEN00026;CLI014;12240;ACOPLE PASTA SAMURAY ECONOMICO;Carlos Mario Hoyos;1/04/2025;3;2000;600;5400;1800;Transferencia
VEN00027;CLI167;10035;ALAMBRE CENTELSA N  8 AMARILLO;Milena Restrepo;4/12/2025;10;2000;0;20000;8000;Transferencia
VEN00028;CLI138;10002;ABRAZADERA TITAN 5/16-15/32 10-00;Milena Restrepo;7/05/2026;10;2000;0;20000;8000;Efectivo
VEN00029;CLI287;11704;"ADAPTADOR MACHO DE 2"" PVC LEO";Carlos Mario Hoyos;30/08/2025;2;2000;0;4000;1600;Efectivo
VEN00030;CLI112;10035;ALAMBRE CENTELSA N  8 AMARILLO;Carlos Mario Hoyos;11/05/2025;1;2000;0;2000;800;Efectivo
VEN00031;CLI284;12597;ADAPTADOR DE 3/4 EMT;Carlos Mario Hoyos;18/07/2025;1;2000;0;2000;800;Transferencia
VEN00032;CLI121;10058;ALAMBRE CENTELSA N 14 VERDE;Diana Tobón;2/01/2026;2;2000;0;4000;1600;Tarjeta
VEN00033;CLI113;10040;ALAMBRE CENTELSA N  8 VERDE;Andrés Cardona;21/07/2025;10;2000;0;20000;8000;Tarjeta
VEN00034;CLI149;12242;ACOPLE SAMURAY PREMIER AMARILLO;Milena Restrepo;26/09/2025;5;2000;0;10000;4000;Efectivo
VEN00035;CLI090;10031;ALAMBRE PUA C 14 X 500MT;Andrés Cardona;26/01/2026;3;2000;0;6000;2400;Tarjeta
VEN00036;CLI182;11685;ACOPLE CAUCHO SUELTO LICUADORA OSTER;Andrés Cardona;14/05/2025;3;2000;0;6000;2400;Tarjeta
VEN00037;CLI005;10042;ALAMBRE CENTELSA N 10 AZUL;Carlos Mario Hoyos;15/01/2025;1;2000;0;2000;800;Efectivo
VEN00038;CLI177;10033;ALAMBRE PUA C16 X 200MT CORSAN;Andrés Cardona;19/03/2025;2;2000;0;4000;1600;Efectivo
VEN00039;CLI123;10038;ALAMBRE CENTELSA N  8 NEGRO;Andrés Cardona;27/03/2025;5;2000;0;10000;4000;Tarjeta
VEN00040;CLI142;10055;ALAMBRE CENTELSA N 14 BLANCO;Milena Restrepo;2/03/2026;3;2000;0;6000;2400;Efectivo
VEN00041;CLI229;10084;AGUAMONIACO  FRASCO X 480;Carlos Mario Hoyos;29/08/2025;3;3800;0;11400;7800;Tarjeta
VEN00042;CLI001;11058;ACOPLE SANITARIO GRIVAL 40 CMS;Diana Tobón;28/12/2025;1;2000;0;2000;800;Efectivo
VEN00043;CLI173;10056;ALAMBRE CENTELSA N 14 NEGRO;Andrés Cardona;24/11/2025;10;2000;0;20000;8000;Transferencia
VEN00044;CLI290;10033;ALAMBRE PUA C16 X 200MT CORSAN;Carlos Mario Hoyos;23/07/2025;2;2000;0;4000;1600;Tarjeta
VEN00045;CLI168;10053;ALAMBRE CENTELSA N 14 AMARILLO;Milena Restrepo;11/01/2026;5;2000;0;10000;4000;Efectivo
VEN00046;CLI034;10045;ALAMBRE CENTELSA N 10 ROJO;Milena Restrepo;15/01/2026;5;2000;0;10000;4000;Tarjeta
VEN00047;CLI170;10029;AEROGRAFO X 125 ML CHORRO DSF-1505 K3;Carlos Mario Hoyos;25/08/2025;5;2000;0;10000;4000;Tarjeta
VEN00048;CLI249;11704;"ADAPTADOR MACHO DE 2"" PVC LEO";Andrés Cardona;4/11/2025;1;2000;100;1900;700;Transferencia
VEN00049;CLI117;12177;AGUJAS PISTOLA PINTAR;Milena Restrepo;1/03/2025;1;2000;200;1800;600;Efectivo
VEN00050;CLI173;10046;ALAMBRE CENTELSA N 10 VERDE;Carlos Mario Hoyos;2/07/2025;10;2000;2000;18000;6000;Tarjeta
VEN00051;CLI033;11702;"ADAPTADOR MACHO DE 1"" LEO";Andrés Cardona;4/01/2026;10;2000;0;20000;8000;Efectivo
VEN00052;CLI172;10009;ABRAZADERA TITAN 11/8A17/8  40-24;Milena Restrepo;8/05/2026;3;2000;0;6000;2400;Tarjeta
VEN00053;CLI047;10035;ALAMBRE CENTELSA N  8 AMARILLO;Diana Tobón;24/10/2025;1;2000;0;2000;800;Tarjeta
VEN00054;CLI152;10059;ALCOHOL INDUSTRIAL X 500;Andrés Cardona;4/03/2025;5;2000;0;10000;4000;Tarjeta
VEN00055;CLI060;10011;ABRAZADERA TITAN 13/4A21/2  40-32;Milena Restrepo;4/02/2025;3;2000;0;6000;2400;Efectivo
VEN00056;CLI179;10013;ABRAZADERA TITAN 23/8A31/8  40-40;Milena Restrepo;9/05/2026;1;2000;0;2000;800;Tarjeta
VEN00057;CLI100;11943;AGUA STOP PLASTGRIFOS;Andrés Cardona;21/07/2025;10;2000;1000;19000;7000;Efectivo
VEN00058;CLI073;10013;ABRAZADERA TITAN 23/8A31/8  40-40;Milena Restrepo;26/06/2025;1;2000;0;2000;800;Transferencia
VEN00059;CLI171;11696;ADAPTADOR PVC ALARGE 1/2 X 3/8;Milena Restrepo;26/05/2025;5;2000;500;9500;3500;Transferencia
VEN00060;CLI163;10041;ALAMBRE CENTELSA N 10 AMARILLO;Diana Tobón;26/12/2025;2;2000;0;4000;1600;Transferencia
VEN00061;CLI279;12187;ACOPLE RAPIDO PISTOLA PINTAR;Carlos Mario Hoyos;26/05/2025;10;2000;0;20000;8000;Transferencia
VEN00062;CLI213;10049;ALAMBRE CENTELSA N 12 BLANCO;Andrés Cardona;24/02/2026;1;2000;200;1800;600;Tarjeta
VEN00063;CLI075;10031;ALAMBRE PUA C 14 X 500MT;Carlos Mario Hoyos;4/06/2025;1;2000;0;2000;800;Tarjeta
VEN00064;CLI296;11696;ADAPTADOR PVC ALARGE 1/2 X 3/8;Diana Tobón;16/06/2025;10;2000;0;20000;8000;Efectivo
VEN00065;CLI052;10012;ABRAZADERA TITAN  2A2-3/8 40-36;Carlos Mario Hoyos;20/03/2026;1;2000;0;2000;800;Efectivo
VEN00066;CLI287;12188;ACOPLE RAPIDO PISTOLA X 2 DORADO DSF-6035;Carlos Mario Hoyos;5/03/2025;5;2000;0;10000;4000;Efectivo
VEN00067;CLI181;10878;ADAPTADOR HEMBRA 1/2 X 16MM PE AL PE;Andrés Cardona;16/10/2025;3;10800;0;32400;28800;Transferencia
VEN00068;CLI171;12241;ACOPLE SAMURAY CAUCHO ECONOMICO;Carlos Mario Hoyos;25/02/2026;2;2000;0;4000;1600;Transferencia
VEN00069;CLI272;10022;ACOPLE SANITARIO CARDENAS LARGO;Andrés Cardona;13/01/2026;2;2000;0;4000;1600;Transferencia
VEN00070;CLI124;10048;ALAMBRE CENTELSA N 12 AZUL;Diana Tobón;27/01/2025;2;2000;0;4000;1600;Transferencia
VEN00071;CLI201;11942;AGUA STOP CAUCHO GRIPLAS;Andrés Cardona;4/04/2026;3;2000;0;6000;2400;Efectivo
VEN00072;CLI286;12187;ACOPLE RAPIDO PISTOLA PINTAR;Andrés Cardona;13/12/2025;5;2000;1000;9000;3000;Efectivo
VEN00073;CLI249;10035;ALAMBRE CENTELSA N  8 AMARILLO;Milena Restrepo;25/01/2025;10;2000;0;20000;8000;Efectivo
VEN00074;CLI110;12177;AGUJAS PISTOLA PINTAR;Milena Restrepo;2/11/2025;1;2000;0;2000;800;Efectivo
VEN00075;CLI226;10006;ABRAZADERA TITAN 3/4A1 40-12;Carlos Mario Hoyos;18/04/2025;2;2000;0;4000;1600;Transferencia
VEN00076;CLI127;10017;ACEITE USA1 X 70 CC;Andrés Cardona;11/04/2026;2;2000;0;4000;1600;Tarjeta
VEN00077;CLI149;10055;ALAMBRE CENTELSA N 14 BLANCO;Diana Tobón;28/03/2026;5;2000;0;10000;4000;Efectivo
VEN00078;CLI043;10878;ADAPTADOR HEMBRA 1/2 X 16MM PE AL PE;Andrés Cardona;21/10/2025;2;10800;0;21600;19200;Transferencia
VEN00079;CLI084;11699;ADAPTADOR HEMBRA DE 3/4 PVC LEO;Andrés Cardona;9/01/2026;5;2000;0;10000;4000;Transferencia
VEN00080;CLI042;10001;ABRAZADERA 1/2 ECONOMICA;Carlos Mario Hoyos;17/07/2025;10;2000;0;20000;8000;Transferencia
VEN00081;CLI277;11704;"ADAPTADOR MACHO DE 2"" PVC LEO";Andrés Cardona;23/10/2025;3;2000;0;6000;2400;Efectivo
VEN00082;CLI134;11697;"ADAPTADOR HEMBRA DE 1"" PVC LEO";Milena Restrepo;5/08/2025;10;2000;0;20000;8000;Efectivo
VEN00083;CLI234;11697;"ADAPTADOR HEMBRA DE 1"" PVC LEO";Diana Tobón;27/01/2026;2;2000;0;4000;1600;Tarjeta
VEN00084;CLI226;10010;ABRAZADERA TITAN 11/4A2 40-28;Carlos Mario Hoyos;15/01/2025;2;2000;0;4000;1600;Tarjeta
VEN00085;CLI168;12241;ACOPLE SAMURAY CAUCHO ECONOMICO;Milena Restrepo;13/09/2025;5;2000;0;10000;4000;Transferencia
VEN00086;CLI110;10735;ADAPTADOR DE ESPIGO A ROSCA DE 1/2;Carlos Mario Hoyos;18/03/2026;1;2000;0;2000;800;Transferencia
VEN00087;CLI046;11699;ADAPTADOR HEMBRA DE 3/4 PVC LEO;Andrés Cardona;13/04/2026;5;2000;0;10000;4000;Tarjeta
VEN00088;CLI240;10003;ABRAZADERA TITAN 5/16A5/8 - 3/8  10-04;Carlos Mario Hoyos;1/05/2025;2;2000;0;4000;1600;Tarjeta
VEN00089;CLI038;10001;ABRAZADERA 1/2 ECONOMICA;Milena Restrepo;25/05/2025;2;2000;0;4000;1600;Efectivo
VEN00090;CLI109;10003;ABRAZADERA TITAN 5/16A5/8 - 3/8  10-04;Carlos Mario Hoyos;17/08/2025;10;2000;0;20000;8000;Efectivo
VEN00091;CLI029;10041;ALAMBRE CENTELSA N 10 AMARILLO;Carlos Mario Hoyos;4/01/2025;1;2000;0;2000;800;Transferencia
VEN00092;CLI068;10015;ABRAZADERA TITAN 31/2A45/16 40-56;Carlos Mario Hoyos;31/01/2025;1;2000;0;2000;800;Tarjeta
VEN00093;CLI114;10007;ABRAZADERA TITAN 29/32A1-3/8 40-16;Diana Tobón;15/02/2025;3;2000;0;6000;2400;Efectivo
VEN00094;CLI066;10001;ABRAZADERA 1/2 ECONOMICA;Carlos Mario Hoyos;18/02/2025;1;2000;0;2000;800;Tarjeta
VEN00095;CLI006;10046;ALAMBRE CENTELSA N 10 VERDE;Carlos Mario Hoyos;12/05/2025;1;2000;100;1900;700;Tarjeta
VEN00096;CLI052;10038;ALAMBRE CENTELSA N  8 NEGRO;Milena Restrepo;11/11/2025;2;2000;400;3600;1200;Tarjeta
VEN00097;CLI064;10061;ALICATE 6 NARANJA DSF-6049;Milena Restrepo;27/12/2025;1;2000;0;2000;800;Transferencia
VEN00098;CLI141;10019;ACOPLE LAVAMANO CORTO  CARDENAS;Carlos Mario Hoyos;19/04/2026;2;2000;0;4000;1600;Transferencia
VEN00099;CLI111;10057;ALAMBRE CENTELSA N 14 ROJO;Diana Tobón;3/03/2026;2;2000;0;4000;1600;Efectivo
VEN00100;CLI179;11071;ACOPLE LAVAMANOS GRIVAL LARGO 60;Milena Restrepo;17/04/2026;10;2000;0;20000;8000;Tarjeta
VEN00101;CLI237;10057;ALAMBRE CENTELSA N 14 ROJO;Carlos Mario Hoyos;4/04/2026;1;2000;0;2000;800;Transferencia
VEN00102;CLI249;10004;ABRAZADERA TITAN 7/16A25/32 - 1/2 10-06;Andrés Cardona;9/05/2025;1;2000;0;2000;800;Efectivo
VEN00103;CLI007;11696;ADAPTADOR PVC ALARGE 1/2 X 3/8;Milena Restrepo;10/10/2025;10;2000;0;20000;8000;Transferencia
VEN00104;CLI236;10010;ABRAZADERA TITAN 11/4A2 40-28;Carlos Mario Hoyos;6/05/2026;3;2000;300;5700;2100;Transferencia
VEN00105;CLI289;11059;AGUA STOP CAUCHO GRIVAL;Carlos Mario Hoyos;28/01/2025;2;2000;0;4000;1600;Transferencia
VEN00106;CLI210;10058;ALAMBRE CENTELSA N 14 VERDE;Andrés Cardona;11/05/2026;5;2000;1000;9000;3000;Tarjeta
VEN00107;CLI118;10028;AEROGRAFO LAPICERO X 4 HOPEX PROFESI;Milena Restrepo;29/11/2025;10;2000;0;20000;8000;Transferencia
VEN00108;CLI263;10018;ACIDO CORRIENTE X 480;Carlos Mario Hoyos;22/04/2026;5;2000;0;10000;4000;Efectivo
VEN00109;CLI026;10009;ABRAZADERA TITAN 11/8A17/8  40-24;Diana Tobón;10/09/2025;10;2000;1000;19000;7000;Transferencia
VEN00110;CLI042;11698;"ADAPTADOR HEMBRA  1/2"" LEO PRECION";Andrés Cardona;9/05/2026;10;2000;0;20000;8000;Efectivo
VEN00111;CLI072;12242;ACOPLE SAMURAY PREMIER AMARILLO;Diana Tobón;1/06/2025;10;2000;0;20000;8000;Transferencia
VEN00112;CLI216;10879;ADAPTADOR MACHO 1/2 X 16MM PE AL PE;Andrés Cardona;24/03/2026;10;2000;1000;19000;7000;Transferencia
VEN00113;CLI216;12240;ACOPLE PASTA SAMURAY ECONOMICO;Milena Restrepo;16/01/2026;2;2000;0;4000;1600;Tarjeta
VEN00114;CLI272;10006;ABRAZADERA TITAN 3/4A1 40-12;Andrés Cardona;14/01/2025;3;2000;300;5700;2100;Efectivo
VEN00115;CLI182;11830;ALQUITRAN POR KILO;Carlos Mario Hoyos;29/07/2025;3;2000;0;6000;2400;Transferencia
VEN00116;CLI209;10057;ALAMBRE CENTELSA N 14 ROJO;Diana Tobón;20/02/2025;10;2000;0;20000;8000;Tarjeta
VEN00117;CLI266;10009;ABRAZADERA TITAN 11/8A17/8  40-24;Carlos Mario Hoyos;23/09/2025;2;2000;0;4000;1600;Efectivo
VEN00118;CLI246;10031;ALAMBRE PUA C 14 X 500MT;Diana Tobón;3/09/2025;3;2000;0;6000;2400;Efectivo
VEN00119;CLI294;11697;"ADAPTADOR HEMBRA DE 1"" PVC LEO";Milena Restrepo;4/02/2025;3;2000;0;6000;2400;Tarjeta
VEN00120;CLI001;10042;ALAMBRE CENTELSA N 10 AZUL;Diana Tobón;4/02/2025;10;2000;1000;19000;7000;Efectivo
VEN00121;CLI249;11941;AGUA STOP AHORRADOR PLASTIG;Carlos Mario Hoyos;11/06/2025;10;2000;0;20000;8000;Transferencia
VEN00122;CLI039;10004;ABRAZADERA TITAN 7/16A25/32 - 1/2 10-06;Carlos Mario Hoyos;12/05/2026;5;2000;0;10000;4000;Efectivo
VEN00123;CLI147;10058;ALAMBRE CENTELSA N 14 VERDE;Carlos Mario Hoyos;6/03/2026;3;2000;0;6000;2400;Efectivo
VEN00124;CLI222;11703;"ADAPTADOR MACHO DE 11/2"" PVC LEO";Andrés Cardona;18/11/2025;1;2000;0;2000;800;Efectivo
VEN00125;CLI006;10031;ALAMBRE PUA C 14 X 500MT;Carlos Mario Hoyos;21/02/2025;5;2000;0;10000;4000;Transferencia
VEN00126;CLI157;10037;ALAMBRE CENTELSA N  8 BLANCO;Milena Restrepo;9/04/2026;3;2000;600;5400;1800;Transferencia
VEN00127;CLI132;10041;ALAMBRE CENTELSA N 10 AMARILLO;Andrés Cardona;29/01/2025;1;2000;0;2000;800;Tarjeta
VEN00128;CLI145;10029;AEROGRAFO X 125 ML CHORRO DSF-1505 K3;Carlos Mario Hoyos;20/01/2025;3;2000;300;5700;2100;Efectivo
VEN00129;CLI197;11702;"ADAPTADOR MACHO DE 1"" LEO";Andrés Cardona;11/06/2025;10;2000;0;20000;8000;Transferencia
VEN00130;CLI070;10001;ABRAZADERA 1/2 ECONOMICA;Milena Restrepo;31/01/2026;5;2000;0;10000;4000;Tarjeta
VEN00131;CLI064;11701;"ADAPTADOR MACHO DE 3/4"" PVC LEO";Andrés Cardona;8/04/2026;10;2000;0;20000;8000;Transferencia
VEN00132;CLI152;10043;ALAMBRE CENTELSA N 10 BLANCO;Carlos Mario Hoyos;19/03/2025;10;2000;0;20000;8000;Efectivo
VEN00133;CLI079;10049;ALAMBRE CENTELSA N 12 BLANCO;Carlos Mario Hoyos;20/11/2025;1;2000;100;1900;700;Transferencia
VEN00134;CLI235;10058;ALAMBRE CENTELSA N 14 VERDE;Milena Restrepo;5/01/2026;3;2000;300;5700;2100;Efectivo
VEN00135;CLI014;10052;ALAMBRE CENTELSA N 12 VERDE;Diana Tobón;3/10/2025;5;2000;0;10000;4000;Transferencia
VEN00136;CLI250;10006;ABRAZADERA TITAN 3/4A1 40-12;Carlos Mario Hoyos;29/03/2026;10;2000;0;20000;8000;Efectivo
VEN00137;CLI109;12597;ADAPTADOR DE 3/4 EMT;Carlos Mario Hoyos;16/04/2026;5;2000;0;10000;4000;Tarjeta
VEN00138;CLI115;10048;ALAMBRE CENTELSA N 12 AZUL;Milena Restrepo;22/09/2025;10;2000;0;20000;8000;Efectivo
VEN00139;CLI264;10053;ALAMBRE CENTELSA N 14 AMARILLO;Milena Restrepo;23/10/2025;1;2000;100;1900;700;Transferencia
VEN00140;CLI156;12188;ACOPLE RAPIDO PISTOLA X 2 DORADO DSF-6035;Andrés Cardona;13/09/2025;3;2000;0;6000;2400;Transferencia
VEN00141;CLI234;10004;ABRAZADERA TITAN 7/16A25/32 - 1/2 10-06;Milena Restrepo;17/05/2025;1;2000;0;2000;800;Efectivo
VEN00142;CLI125;10986;AGUA STOP ARGOLLA GERFOR 581140;Diana Tobón;8/05/2025;3;2000;0;6000;2400;Transferencia
VEN00143;CLI063;10879;ADAPTADOR MACHO 1/2 X 16MM PE AL PE;Diana Tobón;5/12/2025;1;2000;0;2000;800;Transferencia
VEN00144;CLI223;11704;"ADAPTADOR MACHO DE 2"" PVC LEO";Andrés Cardona;26/04/2026;10;2000;1000;19000;7000;Tarjeta
VEN00145;CLI165;10987;AGUA STOP PINES SAPITO GERFOR 580051;Milena Restrepo;19/04/2025;1;2000;100;1900;700;Tarjeta
VEN00146;CLI144;11702;"ADAPTADOR MACHO DE 1"" LEO";Andrés Cardona;6/05/2025;5;2000;0;10000;4000;Transferencia
VEN00147;CLI035;10043;ALAMBRE CENTELSA N 10 BLANCO;Andrés Cardona;17/09/2025;2;2000;0;4000;1600;Tarjeta
VEN00148;CLI244;12187;ACOPLE RAPIDO PISTOLA PINTAR;Carlos Mario Hoyos;19/04/2026;10;2000;0;20000;8000;Transferencia
VEN00149;CLI026;10016;ACEITE USA1 X 30 CC;Milena Restrepo;30/03/2026;10;2000;0;20000;8000;Transferencia
VEN00150;CLI298;12242;ACOPLE SAMURAY PREMIER AMARILLO;Carlos Mario Hoyos;15/04/2026;5;2000;0;10000;4000;Efectivo
VEN00151;CLI017;10031;ALAMBRE PUA C 14 X 500MT;Andrés Cardona;2/05/2025;3;2000;0;6000;2400;Efectivo
VEN00152;CLI012;11071;ACOPLE LAVAMANOS GRIVAL LARGO 60;Diana Tobón;8/06/2025;3;2000;0;6000;2400;Tarjeta
VEN00153;CLI207;10055;ALAMBRE CENTELSA N 14 BLANCO;Andrés Cardona;15/12/2025;1;2000;0;2000;800;Efectivo
VEN00154;CLI187;10878;ADAPTADOR HEMBRA 1/2 X 16MM PE AL PE;Diana Tobón;14/03/2026;3;10800;0;32400;28800;Efectivo
VEN00155;CLI270;11941;AGUA STOP AHORRADOR PLASTIG;Andrés Cardona;12/02/2026;2;2000;0;4000;1600;Transferencia
VEN00156;CLI061;10050;ALAMBRE CENTELSA N 12 NEGRO;Diana Tobón;4/03/2026;10;2000;0;20000;8000;Transferencia
VEN00157;CLI120;10033;ALAMBRE PUA C16 X 200MT CORSAN;Diana Tobón;2/12/2025;10;2000;0;20000;8000;Tarjeta
VEN00158;CLI285;10003;ABRAZADERA TITAN 5/16A5/8 - 3/8  10-04;Diana Tobón;5/01/2026;2;2000;0;4000;1600;Efectivo
VEN00159;CLI202;10046;ALAMBRE CENTELSA N 10 VERDE;Milena Restrepo;24/01/2025;10;2000;0;20000;8000;Transferencia
VEN00160;CLI039;10986;AGUA STOP ARGOLLA GERFOR 581140;Andrés Cardona;4/12/2025;2;2000;0;4000;1600;Tarjeta
VEN00161;CLI169;10033;ALAMBRE PUA C16 X 200MT CORSAN;Milena Restrepo;11/08/2025;10;2000;0;20000;8000;Efectivo
VEN00162;CLI027;10006;ABRAZADERA TITAN 3/4A1 40-12;Carlos Mario Hoyos;18/02/2026;1;2000;0;2000;800;Efectivo
VEN00163;CLI182;12597;ADAPTADOR DE 3/4 EMT;Carlos Mario Hoyos;5/07/2025;5;2000;0;10000;4000;Efectivo
VEN00164;CLI107;11701;"ADAPTADOR MACHO DE 3/4"" PVC LEO";Andrés Cardona;22/10/2025;10;2000;0;20000;8000;Tarjeta
VEN00165;CLI013;10055;ALAMBRE CENTELSA N 14 BLANCO;Milena Restrepo;3/09/2025;5;2000;0;10000;4000;Transferencia
VEN00166;CLI121;11060;AGUA STOP PASTA GRIVAL;Carlos Mario Hoyos;22/03/2026;3;2000;0;6000;2400;Transferencia
VEN00167;CLI218;10024;ACOPLE SANITARIO GRIPLAS;Milena Restrepo;28/01/2025;1;2000;0;2000;800;Transferencia
VEN00168;CLI224;10030;AEROGRAFO X 150 ML ABANICO HOPEX F2;Carlos Mario Hoyos;21/01/2025;3;2000;0;6000;2400;Transferencia
VEN00169;CLI175;10046;ALAMBRE CENTELSA N 10 VERDE;Diana Tobón;8/03/2026;2;2000;200;3800;1400;Efectivo
VEN00170;CLI129;10034;ALAMBRE PUA C16 X 400MT CORSAN;Carlos Mario Hoyos;7/07/2025;10;2000;1000;19000;7000;Efectivo
VEN00171;CLI212;10012;ABRAZADERA TITAN  2A2-3/8 40-36;Milena Restrepo;15/05/2026;2;2000;0;4000;1600;Efectivo
VEN00172;CLI282;10059;ALCOHOL INDUSTRIAL X 500;Milena Restrepo;1/02/2026;2;2000;0;4000;1600;Efectivo
VEN00173;CLI152;10045;ALAMBRE CENTELSA N 10 ROJO;Milena Restrepo;18/04/2026;5;2000;500;9500;3500;Tarjeta
VEN00174;CLI065;11058;ACOPLE SANITARIO GRIVAL 40 CMS;Andrés Cardona;10/01/2025;2;2000;400;3600;1200;Efectivo
VEN00175;CLI045;10035;ALAMBRE CENTELSA N  8 AMARILLO;Carlos Mario Hoyos;24/02/2026;10;2000;0;20000;8000;Tarjeta
VEN00176;CLI226;12187;ACOPLE RAPIDO PISTOLA PINTAR;Andrés Cardona;5/07/2025;1;2000;0;2000;800;Tarjeta
VEN00177;CLI155;10015;ABRAZADERA TITAN 31/2A45/16 40-56;Carlos Mario Hoyos;15/10/2025;3;2000;300;5700;2100;Tarjeta
VEN00178;CLI270;10011;ABRAZADERA TITAN 13/4A21/2  40-32;Andrés Cardona;25/02/2025;5;2000;500;9500;3500;Tarjeta
VEN00179;CLI257;10013;ABRAZADERA TITAN 23/8A31/8  40-40;Andrés Cardona;9/03/2025;10;2000;0;20000;8000;Transferencia
VEN00180;CLI283;10036;ALAMBRE CENTELSA N  8 AZUL;Milena Restrepo;16/04/2025;1;2000;0;2000;800;Efectivo
VEN00181;CLI167;10036;ALAMBRE CENTELSA N  8 AZUL;Diana Tobón;10/12/2025;2;2000;0;4000;1600;Efectivo
VEN00182;CLI254;10056;ALAMBRE CENTELSA N 14 NEGRO;Andrés Cardona;20/11/2025;10;2000;2000;18000;6000;Efectivo
VEN00183;CLI005;10023;ACOPLE SANITARIO CORTO CARDENAS;Carlos Mario Hoyos;21/08/2025;2;2000;0;4000;1600;Efectivo
VEN00184;CLI132;10019;ACOPLE LAVAMANO CORTO  CARDENAS;Andrés Cardona;12/02/2025;10;2000;0;20000;8000;Tarjeta
VEN00185;CLI204;10058;ALAMBRE CENTELSA N 14 VERDE;Carlos Mario Hoyos;31/08/2025;2;2000;400;3600;1200;Tarjeta
VEN00186;CLI032;10030;AEROGRAFO X 150 ML ABANICO HOPEX F2;Andrés Cardona;10/08/2025;1;2000;100;1900;700;Efectivo
VEN00187;CLI275;10041;ALAMBRE CENTELSA N 10 AMARILLO;Milena Restrepo;3/06/2025;1;2000;200;1800;600;Tarjeta
VEN00188;CLI147;10021;ACOPLE LAVAMANOS GRIPLAS;Milena Restrepo;8/04/2026;2;2000;0;4000;1600;Efectivo
VEN00189;CLI105;10029;AEROGRAFO X 125 ML CHORRO DSF-1505 K3;Diana Tobón;14/12/2025;3;2000;300;5700;2100;Efectivo
VEN00190;CLI231;11685;ACOPLE CAUCHO SUELTO LICUADORA OSTER;Diana Tobón;17/01/2026;3;2000;300;5700;2100;Efectivo
VEN00191;CLI008;10012;ABRAZADERA TITAN  2A2-3/8 40-36;Carlos Mario Hoyos;31/01/2026;10;2000;1000;19000;7000;Efectivo
VEN00192;CLI155;12188;ACOPLE RAPIDO PISTOLA X 2 DORADO DSF-6035;Diana Tobón;12/02/2025;1;2000;0;2000;800;Transferencia
VEN00193;CLI287;10039;ALAMBRE CENTELSA N  8 ROJO;Diana Tobón;28/12/2025;2;2000;0;4000;1600;Tarjeta
VEN00194;CLI295;10010;ABRAZADERA TITAN 11/4A2 40-28;Milena Restrepo;15/09/2025;5;2000;0;10000;4000;Tarjeta
VEN00195;CLI129;11704;"ADAPTADOR MACHO DE 2"" PVC LEO";Milena Restrepo;7/03/2026;5;2000;500;9500;3500;Tarjeta
VEN00196;CLI124;10030;AEROGRAFO X 150 ML ABANICO HOPEX F2;Carlos Mario Hoyos;23/05/2025;10;2000;0;20000;8000;Efectivo
VEN00197;CLI223;10064;ALICATE STANLEY N 8 84-023;Diana Tobón;20/03/2025;5;2000;500;9500;3500;Efectivo
VEN00198;CLI016;10046;ALAMBRE CENTELSA N 10 VERDE;Diana Tobón;19/03/2025;3;2000;0;6000;2400;Tarjeta
VEN00199;CLI272;11704;"ADAPTADOR MACHO DE 2"" PVC LEO";Carlos Mario Hoyos;19/01/2025;5;2000;500;9500;3500;Efectivo
VEN00200;CLI046;10049;ALAMBRE CENTELSA N 12 BLANCO;Carlos Mario Hoyos;6/01/2025;1;2000;0;2000;800;Transferencia
VEN00201;CLI031;10053;ALAMBRE CENTELSA N 14 AMARILLO;Andrés Cardona;26/02/2025;2;2000;0;4000;1600;Tarjeta
VEN00202;CLI127;10031;ALAMBRE PUA C 14 X 500MT;Milena Restrepo;28/03/2025;5;2000;0;10000;4000;Efectivo
VEN00203;CLI255;10879;ADAPTADOR MACHO 1/2 X 16MM PE AL PE;Andrés Cardona;19/12/2025;1;2000;100;1900;700;Transferencia
VEN00204;CLI258;11057;ACOPLE LAVAMANOS GRIVAL 40CMS;Diana Tobón;27/10/2025;2;2000;200;3800;1400;Tarjeta
VEN00205;CLI106;11699;ADAPTADOR HEMBRA DE 3/4 PVC LEO;Carlos Mario Hoyos;14/02/2025;1;2000;0;2000;800;Tarjeta
VEN00206;CLI015;10021;ACOPLE LAVAMANOS GRIPLAS;Milena Restrepo;7/05/2025;1;2000;0;2000;800;Transferencia
VEN00207;CLI161;11702;"ADAPTADOR MACHO DE 1"" LEO";Andrés Cardona;26/09/2025;3;2000;300;5700;2100;Transferencia
VEN00208;CLI133;12188;ACOPLE RAPIDO PISTOLA X 2 DORADO DSF-6035;Milena Restrepo;22/05/2025;2;2000;0;4000;1600;Efectivo
VEN00209;CLI114;10063;ALICATE FOCCI 8,5 DSF-1684;Milena Restrepo;24/05/2025;10;2000;0;20000;8000;Efectivo
VEN00210;CLI174;11943;AGUA STOP PLASTGRIFOS;Carlos Mario Hoyos;16/04/2026;10;2000;0;20000;8000;Transferencia
VEN00211;CLI240;10048;ALAMBRE CENTELSA N 12 AZUL;Carlos Mario Hoyos;28/09/2025;3;2000;0;6000;2400;Transferencia
VEN00212;CLI195;10048;ALAMBRE CENTELSA N 12 AZUL;Milena Restrepo;3/01/2025;5;2000;0;10000;4000;Efectivo
VEN00213;CLI155;12240;ACOPLE PASTA SAMURAY ECONOMICO;Milena Restrepo;9/11/2025;10;2000;0;20000;8000;Tarjeta
VEN00214;CLI003;11697;"ADAPTADOR HEMBRA DE 1"" PVC LEO";Carlos Mario Hoyos;18/07/2025;5;2000;0;10000;4000;Efectivo
VEN00215;CLI002;10016;ACEITE USA1 X 30 CC;Milena Restrepo;4/11/2025;2;2000;0;4000;1600;Transferencia
VEN00216;CLI238;10042;ALAMBRE CENTELSA N 10 AZUL;Milena Restrepo;26/01/2025;2;2000;0;4000;1600;Transferencia
VEN00217;CLI175;10030;AEROGRAFO X 150 ML ABANICO HOPEX F2;Diana Tobón;1/04/2026;3;2000;0;6000;2400;Transferencia
VEN00218;CLI276;10020;ACOPLE LAVAMANOS CARDENAS LARGO;Carlos Mario Hoyos;15/09/2025;1;2000;0;2000;800;Efectivo
VEN00219;CLI219;11700;"ADAPTADOR MACHO DE 1/2"" PVC LEO";Carlos Mario Hoyos;27/03/2025;2;2000;0;4000;1600;Efectivo
VEN00220;CLI145;10037;ALAMBRE CENTELSA N  8 BLANCO;Diana Tobón;23/01/2025;10;2000;0;20000;8000;Efectivo
VEN00221;CLI174;12240;ACOPLE PASTA SAMURAY ECONOMICO;Milena Restrepo;28/07/2025;3;2000;0;6000;2400;Transferencia
VEN00222;CLI086;10027;AEROGRAFO F75 400 ML DSF-1499;Diana Tobón;18/08/2025;10;2000;0;20000;8000;Tarjeta
VEN00223;CLI268;10002;ABRAZADERA TITAN 5/16-15/32 10-00;Diana Tobón;2/02/2025;10;2000;0;20000;8000;Transferencia
VEN00224;CLI028;10037;ALAMBRE CENTELSA N  8 BLANCO;Milena Restrepo;7/03/2025;2;2000;0;4000;1600;Tarjeta
VEN00225;CLI070;11058;ACOPLE SANITARIO GRIVAL 40 CMS;Milena Restrepo;16/06/2025;2;2000;0;4000;1600;Tarjeta
VEN00226;CLI284;12242;ACOPLE SAMURAY PREMIER AMARILLO;Milena Restrepo;16/09/2025;2;2000;0;4000;1600;Transferencia
VEN00227;CLI195;10033;ALAMBRE PUA C16 X 200MT CORSAN;Andrés Cardona;28/11/2025;3;2000;0;6000;2400;Efectivo
VEN00228;CLI108;10023;ACOPLE SANITARIO CORTO CARDENAS;Carlos Mario Hoyos;28/07/2025;10;2000;0;20000;8000;Tarjeta
VEN00229;CLI148;10037;ALAMBRE CENTELSA N  8 BLANCO;Milena Restrepo;4/01/2026;2;2000;0;4000;1600;Tarjeta
VEN00230;CLI053;10049;ALAMBRE CENTELSA N 12 BLANCO;Milena Restrepo;17/03/2026;2;2000;0;4000;1600;Efectivo
VEN00231;CLI069;10012;ABRAZADERA TITAN  2A2-3/8 40-36;Andrés Cardona;23/11/2025;2;2000;0;4000;1600;Efectivo
VEN00232;CLI057;10015;ABRAZADERA TITAN 31/2A45/16 40-56;Milena Restrepo;14/01/2025;5;2000;0;10000;4000;Efectivo
VEN00233;CLI281;10987;AGUA STOP PINES SAPITO GERFOR 580051;Andrés Cardona;30/11/2025;3;2000;0;6000;2400;Tarjeta
VEN00234;CLI119;11072;ACOPLE SANITARIO GRIVAL LARGO 55;Milena Restrepo;27/06/2025;10;2000;1000;19000;7000;Tarjeta
VEN00235;CLI106;10055;ALAMBRE CENTELSA N 14 BLANCO;Carlos Mario Hoyos;29/09/2025;1;2000;0;2000;800;Transferencia
VEN00236;CLI027;10018;ACIDO CORRIENTE X 480;Milena Restrepo;18/01/2025;10;2000;0;20000;8000;Efectivo
VEN00237;CLI172;10012;ABRAZADERA TITAN  2A2-3/8 40-36;Diana Tobón;16/11/2025;2;2000;200;3800;1400;Efectivo
VEN00238;CLI001;10004;ABRAZADERA TITAN 7/16A25/32 - 1/2 10-06;Milena Restrepo;5/05/2025;2;2000;400;3600;1200;Transferencia
VEN00239;CLI103;11059;AGUA STOP CAUCHO GRIVAL;Carlos Mario Hoyos;6/08/2025;1;2000;0;2000;800;Tarjeta
VEN00240;CLI246;10054;ALAMBRE CENTELSA N 14 AZUL;Diana Tobón;14/04/2026;5;2000;500;9500;3500;Transferencia
VEN00241;CLI260;10056;ALAMBRE CENTELSA N 14 NEGRO;Diana Tobón;6/01/2025;1;2000;0;2000;800;Transferencia
VEN00242;CLI089;10055;ALAMBRE CENTELSA N 14 BLANCO;Milena Restrepo;27/01/2026;5;2000;0;10000;4000;Efectivo
VEN00243;CLI183;10063;ALICATE FOCCI 8,5 DSF-1684;Milena Restrepo;1/09/2025;2;2000;0;4000;1600;Efectivo
VEN00244;CLI178;10030;AEROGRAFO X 150 ML ABANICO HOPEX F2;Carlos Mario Hoyos;8/11/2025;3;2000;0;6000;2400;Transferencia
VEN00245;CLI037;11943;AGUA STOP PLASTGRIFOS;Carlos Mario Hoyos;21/02/2025;3;2000;0;6000;2400;Tarjeta
VEN00246;CLI296;10049;ALAMBRE CENTELSA N 12 BLANCO;Milena Restrepo;8/03/2026;1;2000;100;1900;700;Transferencia
VEN00247;CLI105;12242;ACOPLE SAMURAY PREMIER AMARILLO;Andrés Cardona;4/10/2025;10;2000;0;20000;8000;Tarjeta
VEN00248;CLI174;12596;ADAPTADOR DE 1/2 EMT;Milena Restrepo;2/01/2026;5;2000;0;10000;4000;Efectivo
VEN00249;CLI061;10019;ACOPLE LAVAMANO CORTO  CARDENAS;Diana Tobón;10/04/2025;1;2000;0;2000;800;Efectivo
VEN00250;CLI090;10008;ABRAZADERA TITAN 1A19/16 40-20;Andrés Cardona;19/02/2025;1;2000;100;1900;700;Efectivo
VEN00251;CLI208;10063;ALICATE FOCCI 8,5 DSF-1684;Milena Restrepo;25/10/2025;2;2000;0;4000;1600;Transferencia
VEN00252;CLI118;10986;AGUA STOP ARGOLLA GERFOR 581140;Diana Tobón;24/10/2025;5;2000;0;10000;4000;Tarjeta
VEN00253;CLI228;10040;ALAMBRE CENTELSA N  8 VERDE;Diana Tobón;19/12/2025;1;2000;0;2000;800;Tarjeta
VEN00254;CLI034;11697;"ADAPTADOR HEMBRA DE 1"" PVC LEO";Andrés Cardona;20/12/2025;10;2000;0;20000;8000;Transferencia
VEN00255;CLI095;10017;ACEITE USA1 X 70 CC;Andrés Cardona;22/04/2025;5;2000;0;10000;4000;Transferencia
VEN00256;CLI076;10008;ABRAZADERA TITAN 1A19/16 40-20;Carlos Mario Hoyos;3/05/2025;3;2000;0;6000;2400;Tarjeta
VEN00257;CLI067;10033;ALAMBRE PUA C16 X 200MT CORSAN;Diana Tobón;28/03/2026;1;2000;0;2000;800;Tarjeta
VEN00258;CLI137;11700;"ADAPTADOR MACHO DE 1/2"" PVC LEO";Carlos Mario Hoyos;3/10/2025;3;2000;0;6000;2400;Transferencia
VEN00259;CLI276;10008;ABRAZADERA TITAN 1A19/16 40-20;Andrés Cardona;26/04/2026;1;2000;0;2000;800;Tarjeta
VEN00260;CLI104;10027;AEROGRAFO F75 400 ML DSF-1499;Diana Tobón;9/02/2025;3;2000;0;6000;2400;Tarjeta
VEN00261;CLI223;10029;AEROGRAFO X 125 ML CHORRO DSF-1505 K3;Diana Tobón;18/03/2025;10;2000;1000;19000;7000;Tarjeta
VEN00262;CLI156;10020;ACOPLE LAVAMANOS CARDENAS LARGO;Andrés Cardona;22/02/2026;3;2000;0;6000;2400;Efectivo
VEN00263;CLI166;12177;AGUJAS PISTOLA PINTAR;Diana Tobón;9/01/2026;1;2000;0;2000;800;Transferencia
VEN00264;CLI013;10009;ABRAZADERA TITAN 11/8A17/8  40-24;Diana Tobón;13/05/2026;10;2000;0;20000;8000;Efectivo
VEN00265;CLI183;10025;ACRONAL  DE 1/4;Carlos Mario Hoyos;18/05/2025;3;2000;0;6000;2400;Efectivo
VEN00266;CLI266;10046;ALAMBRE CENTELSA N 10 VERDE;Andrés Cardona;29/03/2025;10;2000;1000;19000;7000;Transferencia
VEN00267;CLI295;11060;AGUA STOP PASTA GRIVAL;Carlos Mario Hoyos;24/02/2025;5;2000;0;10000;4000;Transferencia
VEN00268;CLI016;10013;ABRAZADERA TITAN 23/8A31/8  40-40;Andrés Cardona;4/03/2026;10;2000;1000;19000;7000;Tarjeta
VEN00269;CLI023;11702;"ADAPTADOR MACHO DE 1"" LEO";Milena Restrepo;18/07/2025;3;2000;0;6000;2400;Efectivo
VEN00270;CLI108;10041;ALAMBRE CENTELSA N 10 AMARILLO;Milena Restrepo;18/01/2026;10;2000;0;20000;8000;Tarjeta
VEN00271;CLI213;10001;ABRAZADERA 1/2 ECONOMICA;Andrés Cardona;19/05/2025;5;2000;0;10000;4000;Tarjeta
VEN00272;CLI274;12596;ADAPTADOR DE 1/2 EMT;Andrés Cardona;5/01/2025;3;2000;600;5400;1800;Transferencia
VEN00273;CLI253;10006;ABRAZADERA TITAN 3/4A1 40-12;Andrés Cardona;7/10/2025;5;2000;1000;9000;3000;Efectivo
VEN00274;CLI036;10039;ALAMBRE CENTELSA N  8 ROJO;Andrés Cardona;9/10/2025;3;2000;0;6000;2400;Efectivo
VEN00275;CLI275;10037;ALAMBRE CENTELSA N  8 BLANCO;Andrés Cardona;6/10/2025;3;2000;0;6000;2400;Transferencia
VEN00276;CLI227;11702;"ADAPTADOR MACHO DE 1"" LEO";Carlos Mario Hoyos;17/02/2026;10;2000;1000;19000;7000;Transferencia
VEN00277;CLI042;10053;ALAMBRE CENTELSA N 14 AMARILLO;Milena Restrepo;8/04/2026;2;2000;0;4000;1600;Efectivo
VEN00278;CLI216;10025;ACRONAL  DE 1/4;Milena Restrepo;18/04/2026;5;2000;0;10000;4000;Efectivo
VEN00279;CLI104;10056;ALAMBRE CENTELSA N 14 NEGRO;Andrés Cardona;5/04/2025;5;2000;0;10000;4000;Transferencia
VEN00280;CLI105;11704;"ADAPTADOR MACHO DE 2"" PVC LEO";Carlos Mario Hoyos;27/10/2025;1;2000;100;1900;700;Transferencia
VEN00281;CLI136;10057;ALAMBRE CENTELSA N 14 ROJO;Andrés Cardona;6/04/2025;3;2000;0;6000;2400;Efectivo
VEN00282;CLI112;11704;"ADAPTADOR MACHO DE 2"" PVC LEO";Andrés Cardona;12/04/2026;2;2000;0;4000;1600;Transferencia
VEN00283;CLI241;12187;ACOPLE RAPIDO PISTOLA PINTAR;Diana Tobón;11/05/2025;3;2000;0;6000;2400;Efectivo
VEN00284;CLI142;10059;ALCOHOL INDUSTRIAL X 500;Milena Restrepo;4/03/2025;5;2000;0;10000;4000;Tarjeta
VEN00285;CLI093;10063;ALICATE FOCCI 8,5 DSF-1684;Andrés Cardona;6/12/2025;3;2000;300;5700;2100;Transferencia
VEN00286;CLI230;10007;ABRAZADERA TITAN 29/32A1-3/8 40-16;Diana Tobón;10/02/2026;1;2000;0;2000;800;Efectivo
VEN00287;CLI032;10014;ABRAZADERA TITAN 2-3/8A3-1/8  40-44;Diana Tobón;2/05/2025;2;2000;0;4000;1600;Tarjeta
VEN00288;CLI156;10053;ALAMBRE CENTELSA N 14 AMARILLO;Carlos Mario Hoyos;25/03/2026;10;2000;0;20000;8000;Transferencia
VEN00289;CLI188;10037;ALAMBRE CENTELSA N  8 BLANCO;Andrés Cardona;6/04/2025;1;2000;0;2000;800;Tarjeta
VEN00290;CLI056;10012;ABRAZADERA TITAN  2A2-3/8 40-36;Carlos Mario Hoyos;17/04/2026;5;2000;0;10000;4000;Tarjeta
VEN00291;CLI014;10007;ABRAZADERA TITAN 29/32A1-3/8 40-16;Andrés Cardona;29/08/2025;1;2000;0;2000;800;Efectivo
VEN00292;CLI226;10052;ALAMBRE CENTELSA N 12 VERDE;Andrés Cardona;8/01/2026;3;2000;0;6000;2400;Transferencia
VEN00293;CLI219;10052;ALAMBRE CENTELSA N 12 VERDE;Milena Restrepo;27/06/2025;1;2000;0;2000;800;Tarjeta
VEN00294;CLI232;12595;ADAPTADOR DE 1 EMT;Andrés Cardona;6/07/2025;1;2000;100;1900;700;Efectivo
VEN00295;CLI184;10986;AGUA STOP ARGOLLA GERFOR 581140;Andrés Cardona;14/11/2025;2;2000;0;4000;1600;Efectivo
VEN00296;CLI250;10039;ALAMBRE CENTELSA N  8 ROJO;Diana Tobón;31/03/2026;10;2000;1000;19000;7000;Tarjeta
VEN00297;CLI258;10878;ADAPTADOR HEMBRA 1/2 X 16MM PE AL PE;Carlos Mario Hoyos;30/01/2025;2;10800;0;21600;19200;Efectivo
VEN00298;CLI245;10041;ALAMBRE CENTELSA N 10 AMARILLO;Andrés Cardona;9/02/2026;5;2000;0;10000;4000;Efectivo
VEN00299;CLI280;11704;"ADAPTADOR MACHO DE 2"" PVC LEO";Diana Tobón;24/10/2025;1;2000;0;2000;800;Transferencia
VEN00300;CLI230;11057;ACOPLE LAVAMANOS GRIVAL 40CMS;Milena Restrepo;25/08/2025;5;2000;0;10000;4000;Tarjeta
VEN00301;CLI222;10001;ABRAZADERA 1/2 ECONOMICA;Andrés Cardona;15/11/2025;5;2000;0;10000;4000;Efectivo
VEN00302;CLI152;10011;ABRAZADERA TITAN 13/4A21/2  40-32;Andrés Cardona;31/01/2025;1;2000;0;2000;800;Transferencia
VEN00303;CLI002;10879;ADAPTADOR MACHO 1/2 X 16MM PE AL PE;Milena Restrepo;5/10/2025;2;2000;0;4000;1600;Tarjeta
VEN00304;CLI114;10987;AGUA STOP PINES SAPITO GERFOR 580051;Carlos Mario Hoyos;1/07/2025;1;2000;100;1900;700;Tarjeta
VEN00305;CLI122;10030;AEROGRAFO X 150 ML ABANICO HOPEX F2;Diana Tobón;12/02/2025;1;2000;200;1800;600;Transferencia
VEN00306;CLI254;10027;AEROGRAFO F75 400 ML DSF-1499;Andrés Cardona;6/06/2025;5;2000;500;9500;3500;Tarjeta
VEN00307;CLI046;10062;ALICATE 8 NARANJA DSF-6050;Andrés Cardona;12/07/2025;10;2000;2000;18000;6000;Efectivo
VEN00308;CLI193;10005;ABRAZADERA TITAN 1/2A3/4  40-06;Milena Restrepo;19/05/2025;1;2000;0;2000;800;Transferencia
VEN00309;CLI142;12242;ACOPLE SAMURAY PREMIER AMARILLO;Diana Tobón;23/10/2025;3;2000;0;6000;2400;Transferencia
VEN00310;CLI032;12597;ADAPTADOR DE 3/4 EMT;Milena Restrepo;5/02/2025;1;2000;100;1900;700;Tarjeta
VEN00311;CLI120;11059;AGUA STOP CAUCHO GRIVAL;Diana Tobón;11/11/2025;5;2000;0;10000;4000;Tarjeta
VEN00312;CLI212;10040;ALAMBRE CENTELSA N  8 VERDE;Milena Restrepo;5/08/2025;10;2000;0;20000;8000;Efectivo
VEN00313;CLI275;10004;ABRAZADERA TITAN 7/16A25/32 - 1/2 10-06;Andrés Cardona;5/04/2025;5;2000;0;10000;4000;Tarjeta
VEN00314;CLI208;11830;ALQUITRAN POR KILO;Milena Restrepo;14/07/2025;10;2000;1000;19000;7000;Efectivo
VEN00315;CLI018;10021;ACOPLE LAVAMANOS GRIPLAS;Carlos Mario Hoyos;30/03/2025;3;2000;0;6000;2400;Tarjeta
VEN00316;CLI022;10878;ADAPTADOR HEMBRA 1/2 X 16MM PE AL PE;Carlos Mario Hoyos;26/05/2025;5;10800;0;54000;48000;Tarjeta
VEN00317;CLI060;10026;ACRONAL  DE GALON;Diana Tobón;11/03/2025;1;2000;0;2000;800;Tarjeta
VEN00318;CLI023;10987;AGUA STOP PINES SAPITO GERFOR 580051;Diana Tobón;14/05/2025;5;2000;500;9500;3500;Tarjeta
VEN00319;CLI294;10046;ALAMBRE CENTELSA N 10 VERDE;Diana Tobón;8/02/2025;5;2000;0;10000;4000;Efectivo
VEN00320;CLI083;11704;"ADAPTADOR MACHO DE 2"" PVC LEO";Milena Restrepo;12/03/2026;5;2000;500;9500;3500;Transferencia
VEN00321;CLI032;10063;ALICATE FOCCI 8,5 DSF-1684;Diana Tobón;13/01/2025;3;2000;0;6000;2400;Efectivo
VEN00322;CLI158;10064;ALICATE STANLEY N 8 84-023;Diana Tobón;20/02/2025;3;2000;0;6000;2400;Transferencia
VEN00323;CLI163;12188;ACOPLE RAPIDO PISTOLA X 2 DORADO DSF-6035;Diana Tobón;22/05/2025;5;2000;0;10000;4000;Transferencia
VEN00324;CLI161;10001;ABRAZADERA 1/2 ECONOMICA;Diana Tobón;9/05/2025;5;2000;500;9500;3500;Efectivo
VEN00325;CLI070;10034;ALAMBRE PUA C16 X 400MT CORSAN;Carlos Mario Hoyos;23/12/2025;1;2000;0;2000;800;Tarjeta
VEN00326;CLI040;11057;ACOPLE LAVAMANOS GRIVAL 40CMS;Andrés Cardona;16/10/2025;10;2000;0;20000;8000;Efectivo
VEN00327;CLI024;10028;AEROGRAFO LAPICERO X 4 HOPEX PROFESI;Milena Restrepo;12/01/2025;5;2000;0;10000;4000;Transferencia
VEN00328;CLI202;10062;ALICATE 8 NARANJA DSF-6050;Diana Tobón;28/02/2026;2;2000;0;4000;1600;Efectivo
VEN00329;CLI205;10041;ALAMBRE CENTELSA N 10 AMARILLO;Andrés Cardona;8/04/2026;5;2000;500;9500;3500;Tarjeta
VEN00330;CLI231;10039;ALAMBRE CENTELSA N  8 ROJO;Andrés Cardona;24/01/2026;5;2000;500;9500;3500;Tarjeta
VEN00331;CLI218;10031;ALAMBRE PUA C 14 X 500MT;Carlos Mario Hoyos;6/06/2025;1;2000;0;2000;800;Efectivo
VEN00332;CLI116;10047;ALAMBRE CENTELSA N 12 AMARILLO;Carlos Mario Hoyos;15/12/2025;3;2000;0;6000;2400;Tarjeta
VEN00333;CLI114;12177;AGUJAS PISTOLA PINTAR;Diana Tobón;3/04/2026;10;2000;1000;19000;7000;Tarjeta
VEN00334;CLI165;10006;ABRAZADERA TITAN 3/4A1 40-12;Diana Tobón;8/03/2026;10;2000;0;20000;8000;Tarjeta
VEN00335;CLI198;10034;ALAMBRE PUA C16 X 400MT CORSAN;Milena Restrepo;23/10/2025;3;2000;0;6000;2400;Tarjeta
VEN00336;CLI036;10029;AEROGRAFO X 125 ML CHORRO DSF-1505 K3;Carlos Mario Hoyos;28/11/2025;5;2000;0;10000;4000;Tarjeta
VEN00337;CLI014;10035;ALAMBRE CENTELSA N  8 AMARILLO;Diana Tobón;1/11/2025;10;2000;0;20000;8000;Efectivo
VEN00338;CLI081;11701;"ADAPTADOR MACHO DE 3/4"" PVC LEO";Milena Restrepo;24/01/2026;3;2000;0;6000;2400;Tarjeta
VEN00339;CLI261;10016;ACEITE USA1 X 30 CC;Carlos Mario Hoyos;18/12/2025;3;2000;0;6000;2400;Tarjeta
VEN00340;CLI042;10045;ALAMBRE CENTELSA N 10 ROJO;Diana Tobón;5/07/2025;2;2000;0;4000;1600;Tarjeta
VEN00341;CLI281;10015;ABRAZADERA TITAN 31/2A45/16 40-56;Andrés Cardona;7/04/2026;3;2000;0;6000;2400;Tarjeta
VEN00342;CLI268;11701;"ADAPTADOR MACHO DE 3/4"" PVC LEO";Milena Restrepo;15/03/2026;3;2000;300;5700;2100;Efectivo
VEN00343;CLI218;12240;ACOPLE PASTA SAMURAY ECONOMICO;Andrés Cardona;22/04/2025;1;2000;0;2000;800;Tarjeta
VEN00344;CLI131;12188;ACOPLE RAPIDO PISTOLA X 2 DORADO DSF-6035;Andrés Cardona;4/01/2026;2;2000;0;4000;1600;Tarjeta
VEN00345;CLI020;10059;ALCOHOL INDUSTRIAL X 500;Diana Tobón;27/03/2025;3;2000;0;6000;2400;Efectivo
VEN00346;CLI035;10032;ALAMBRE PUA  C14 X 350MT CORSAN;Andrés Cardona;19/07/2025;10;2000;2000;18000;6000;Tarjeta
VEN00347;CLI214;10033;ALAMBRE PUA C16 X 200MT CORSAN;Diana Tobón;19/01/2025;5;2000;0;10000;4000;Tarjeta
VEN00348;CLI009;12597;ADAPTADOR DE 3/4 EMT;Milena Restrepo;15/05/2025;5;2000;500;9500;3500;Tarjeta
VEN00349;CLI118;12597;ADAPTADOR DE 3/4 EMT;Carlos Mario Hoyos;6/04/2025;2;2000;0;4000;1600;Tarjeta
VEN00350;CLI018;10043;ALAMBRE CENTELSA N 10 BLANCO;Milena Restrepo;14/01/2026;2;2000;0;4000;1600;Tarjeta
VEN00351;CLI037;10022;ACOPLE SANITARIO CARDENAS LARGO;Diana Tobón;2/01/2025;3;2000;600;5400;1800;Transferencia
VEN00352;CLI144;10052;ALAMBRE CENTELSA N 12 VERDE;Milena Restrepo;15/03/2025;3;2000;0;6000;2400;Transferencia
VEN00353;CLI039;10017;ACEITE USA1 X 70 CC;Carlos Mario Hoyos;13/04/2025;1;2000;0;2000;800;Transferencia
VEN00354;CLI004;10045;ALAMBRE CENTELSA N 10 ROJO;Andrés Cardona;25/06/2025;3;2000;0;6000;2400;Tarjeta
VEN00355;CLI175;10039;ALAMBRE CENTELSA N  8 ROJO;Diana Tobón;4/04/2026;5;2000;500;9500;3500;Efectivo
VEN00356;CLI144;10023;ACOPLE SANITARIO CORTO CARDENAS;Andrés Cardona;29/06/2025;2;2000;0;4000;1600;Tarjeta
VEN00357;CLI166;10008;ABRAZADERA TITAN 1A19/16 40-20;Milena Restrepo;2/11/2025;3;2000;0;6000;2400;Efectivo
VEN00358;CLI264;10008;ABRAZADERA TITAN 1A19/16 40-20;Milena Restrepo;3/09/2025;3;2000;0;6000;2400;Tarjeta
VEN00359;CLI034;10003;ABRAZADERA TITAN 5/16A5/8 - 3/8  10-04;Milena Restrepo;13/05/2026;1;2000;0;2000;800;Efectivo
VEN00360;CLI106;10047;ALAMBRE CENTELSA N 12 AMARILLO;Diana Tobón;30/10/2025;3;2000;0;6000;2400;Transferencia
VEN00361;CLI172;10047;ALAMBRE CENTELSA N 12 AMARILLO;Carlos Mario Hoyos;16/01/2026;5;2000;0;10000;4000;Transferencia
VEN00362;CLI160;10036;ALAMBRE CENTELSA N  8 AZUL;Andrés Cardona;23/04/2026;5;2000;0;10000;4000;Transferencia
VEN00363;CLI037;10021;ACOPLE LAVAMANOS GRIPLAS;Carlos Mario Hoyos;19/10/2025;5;2000;0;10000;4000;Efectivo
VEN00364;CLI229;12177;AGUJAS PISTOLA PINTAR;Andrés Cardona;27/12/2025;3;2000;0;6000;2400;Efectivo
VEN00365;CLI186;10051;ALAMBRE CENTELSA N 12 ROJO;Diana Tobón;6/03/2026;1;2000;0;2000;800;Tarjeta
VEN00366;CLI143;11943;AGUA STOP PLASTGRIFOS;Milena Restrepo;6/04/2026;10;2000;0;20000;8000;Efectivo
VEN00367;CLI118;10012;ABRAZADERA TITAN  2A2-3/8 40-36;Diana Tobón;16/08/2025;3;2000;0;6000;2400;Tarjeta
VEN00368;CLI296;10048;ALAMBRE CENTELSA N 12 AZUL;Carlos Mario Hoyos;6/05/2025;1;2000;0;2000;800;Transferencia
VEN00369;CLI249;12187;ACOPLE RAPIDO PISTOLA PINTAR;Andrés Cardona;7/11/2025;2;2000;0;4000;1600;Efectivo
VEN00370;CLI025;10016;ACEITE USA1 X 30 CC;Andrés Cardona;14/04/2025;10;2000;0;20000;8000;Efectivo
VEN00371;CLI281;10735;ADAPTADOR DE ESPIGO A ROSCA DE 1/2;Andrés Cardona;1/02/2025;5;2000;0;10000;4000;Efectivo
VEN00372;CLI180;10040;ALAMBRE CENTELSA N  8 VERDE;Andrés Cardona;6/10/2025;10;2000;0;20000;8000;Efectivo
VEN00373;CLI073;10010;ABRAZADERA TITAN 11/4A2 40-28;Milena Restrepo;21/08/2025;2;2000;0;4000;1600;Efectivo
VEN00374;CLI273;10023;ACOPLE SANITARIO CORTO CARDENAS;Carlos Mario Hoyos;14/04/2025;1;2000;0;2000;800;Tarjeta
VEN00375;CLI127;10035;ALAMBRE CENTELSA N  8 AMARILLO;Carlos Mario Hoyos;25/02/2025;1;2000;0;2000;800;Efectivo
VEN00376;CLI030;10039;ALAMBRE CENTELSA N  8 ROJO;Milena Restrepo;2/11/2025;3;2000;0;6000;2400;Transferencia
VEN00377;CLI028;11697;"ADAPTADOR HEMBRA DE 1"" PVC LEO";Diana Tobón;26/04/2025;10;2000;0;20000;8000;Tarjeta
VEN00378;CLI090;10049;ALAMBRE CENTELSA N 12 BLANCO;Milena Restrepo;27/11/2025;3;2000;0;6000;2400;Efectivo
VEN00379;CLI275;10037;ALAMBRE CENTELSA N  8 BLANCO;Andrés Cardona;11/02/2026;1;2000;0;2000;800;Tarjeta
VEN00380;CLI018;11941;AGUA STOP AHORRADOR PLASTIG;Diana Tobón;31/12/2025;2;2000;0;4000;1600;Efectivo
VEN00381;CLI226;11700;"ADAPTADOR MACHO DE 1/2"" PVC LEO";Carlos Mario Hoyos;4/07/2025;5;2000;0;10000;4000;Tarjeta
VEN00382;CLI262;10011;ABRAZADERA TITAN 13/4A21/2  40-32;Diana Tobón;30/04/2026;3;2000;0;6000;2400;Transferencia
VEN00383;CLI168;10008;ABRAZADERA TITAN 1A19/16 40-20;Milena Restrepo;25/09/2025;5;2000;500;9500;3500;Transferencia
VEN00384;CLI061;10060;ALICATE  BICOLOR N 8;Carlos Mario Hoyos;17/01/2026;1;2000;100;1900;700;Efectivo
VEN00385;CLI182;10010;ABRAZADERA TITAN 11/4A2 40-28;Diana Tobón;10/05/2025;2;2000;0;4000;1600;Transferencia
VEN00386;CLI198;10014;ABRAZADERA TITAN 2-3/8A3-1/8  40-44;Diana Tobón;28/02/2025;5;2000;0;10000;4000;Efectivo
VEN00387;CLI099;10022;ACOPLE SANITARIO CARDENAS LARGO;Milena Restrepo;25/09/2025;1;2000;0;2000;800;Tarjeta
VEN00388;CLI145;10051;ALAMBRE CENTELSA N 12 ROJO;Diana Tobón;12/02/2026;3;2000;0;6000;2400;Transferencia
VEN00389;CLI167;10987;AGUA STOP PINES SAPITO GERFOR 580051;Andrés Cardona;21/08/2025;1;2000;0;2000;800;Tarjeta
VEN00390;CLI287;10039;ALAMBRE CENTELSA N  8 ROJO;Milena Restrepo;5/05/2025;5;2000;500;9500;3500;Tarjeta
VEN00391;CLI144;10022;ACOPLE SANITARIO CARDENAS LARGO;Milena Restrepo;10/02/2025;1;2000;0;2000;800;Tarjeta
VEN00392;CLI221;10011;ABRAZADERA TITAN 13/4A21/2  40-32;Carlos Mario Hoyos;31/10/2025;2;2000;200;3800;1400;Transferencia
VEN00393;CLI167;10005;ABRAZADERA TITAN 1/2A3/4  40-06;Andrés Cardona;19/04/2026;10;2000;0;20000;8000;Transferencia
VEN00394;CLI294;11685;ACOPLE CAUCHO SUELTO LICUADORA OSTER;Milena Restrepo;27/07/2025;3;2000;300;5700;2100;Transferencia
VEN00395;CLI054;10045;ALAMBRE CENTELSA N 10 ROJO;Carlos Mario Hoyos;7/09/2025;3;2000;0;6000;2400;Tarjeta
VEN00396;CLI149;12240;ACOPLE PASTA SAMURAY ECONOMICO;Milena Restrepo;1/12/2025;3;2000;0;6000;2400;Transferencia
VEN00397;CLI124;11071;ACOPLE LAVAMANOS GRIVAL LARGO 60;Andrés Cardona;15/04/2026;3;2000;300;5700;2100;Tarjeta
VEN00398;CLI055;10047;ALAMBRE CENTELSA N 12 AMARILLO;Carlos Mario Hoyos;30/07/2025;2;2000;0;4000;1600;Efectivo
VEN00399;CLI153;10028;AEROGRAFO LAPICERO X 4 HOPEX PROFESI;Milena Restrepo;1/08/2025;5;2000;1000;9000;3000;Tarjeta
VEN00400;CLI195;12241;ACOPLE SAMURAY CAUCHO ECONOMICO;Milena Restrepo;11/06/2025;5;2000;0;10000;4000;Transferencia
VEN00401;CLI082;10061;ALICATE 6 NARANJA DSF-6049;Carlos Mario Hoyos;27/03/2026;2;2000;0;4000;1600;Efectivo
VEN00402;CLI241;11697;"ADAPTADOR HEMBRA DE 1"" PVC LEO";Milena Restrepo;12/01/2026;2;2000;200;3800;1400;Efectivo
VEN00403;CLI151;10041;ALAMBRE CENTELSA N 10 AMARILLO;Diana Tobón;1/08/2025;2;2000;0;4000;1600;Tarjeta
VEN00404;CLI126;11059;AGUA STOP CAUCHO GRIVAL;Carlos Mario Hoyos;21/02/2025;5;2000;500;9500;3500;Transferencia
VEN00405;CLI072;10016;ACEITE USA1 X 30 CC;Andrés Cardona;2/02/2026;10;2000;0;20000;8000;Tarjeta
VEN00406;CLI297;10044;ALAMBRE CENTELSA N 10 NEGRO;Carlos Mario Hoyos;2/12/2025;1;2000;0;2000;800;Transferencia
VEN00407;CLI225;11943;AGUA STOP PLASTGRIFOS;Diana Tobón;20/11/2025;10;2000;0;20000;8000;Transferencia
VEN00408;CLI190;12187;ACOPLE RAPIDO PISTOLA PINTAR;Carlos Mario Hoyos;12/03/2025;5;2000;0;10000;4000;Tarjeta
VEN00409;CLI173;11943;AGUA STOP PLASTGRIFOS;Carlos Mario Hoyos;6/04/2025;5;2000;0;10000;4000;Transferencia
VEN00410;CLI157;10053;ALAMBRE CENTELSA N 14 AMARILLO;Diana Tobón;31/01/2025;5;2000;0;10000;4000;Efectivo
VEN00411;CLI124;11057;ACOPLE LAVAMANOS GRIVAL 40CMS;Carlos Mario Hoyos;25/02/2026;10;2000;0;20000;8000;Efectivo
VEN00412;CLI151;10003;ABRAZADERA TITAN 5/16A5/8 - 3/8  10-04;Carlos Mario Hoyos;11/03/2026;2;2000;0;4000;1600;Transferencia
VEN00413;CLI037;10003;ABRAZADERA TITAN 5/16A5/8 - 3/8  10-04;Milena Restrepo;16/08/2025;2;2000;0;4000;1600;Transferencia
VEN00414;CLI286;11057;ACOPLE LAVAMANOS GRIVAL 40CMS;Milena Restrepo;14/02/2025;3;2000;0;6000;2400;Efectivo
VEN00415;CLI164;11072;ACOPLE SANITARIO GRIVAL LARGO 55;Diana Tobón;23/02/2025;10;2000;0;20000;8000;Tarjeta
VEN00416;CLI266;12241;ACOPLE SAMURAY CAUCHO ECONOMICO;Milena Restrepo;30/05/2025;10;2000;2000;18000;6000;Tarjeta
VEN00417;CLI023;10050;ALAMBRE CENTELSA N 12 NEGRO;Carlos Mario Hoyos;26/07/2025;10;2000;0;20000;8000;Transferencia
VEN00418;CLI041;10735;ADAPTADOR DE ESPIGO A ROSCA DE 1/2;Carlos Mario Hoyos;1/06/2025;2;2000;0;4000;1600;Transferencia
VEN00419;CLI109;10878;ADAPTADOR HEMBRA 1/2 X 16MM PE AL PE;Carlos Mario Hoyos;13/03/2025;3;10800;3240;29160;25560;Tarjeta
VEN00420;CLI268;10028;AEROGRAFO LAPICERO X 4 HOPEX PROFESI;Milena Restrepo;2/07/2025;5;2000;0;10000;4000;Tarjeta
VEN00421;CLI224;12242;ACOPLE SAMURAY PREMIER AMARILLO;Andrés Cardona;30/01/2026;3;2000;0;6000;2400;Efectivo
VEN00422;CLI118;10001;ABRAZADERA 1/2 ECONOMICA;Carlos Mario Hoyos;8/04/2026;2;2000;0;4000;1600;Tarjeta
VEN00423;CLI140;10016;ACEITE USA1 X 30 CC;Carlos Mario Hoyos;12/05/2026;10;2000;1000;19000;7000;Efectivo
VEN00424;CLI155;10044;ALAMBRE CENTELSA N 10 NEGRO;Milena Restrepo;19/07/2025;1;2000;0;2000;800;Transferencia
VEN00425;CLI298;10004;ABRAZADERA TITAN 7/16A25/32 - 1/2 10-06;Milena Restrepo;8/06/2025;3;2000;0;6000;2400;Tarjeta
VEN00426;CLI066;10024;ACOPLE SANITARIO GRIPLAS;Andrés Cardona;16/08/2025;1;2000;0;2000;800;Tarjeta
VEN00427;CLI010;11698;"ADAPTADOR HEMBRA  1/2"" LEO PRECION";Milena Restrepo;25/05/2025;1;2000;100;1900;700;Transferencia
VEN00428;CLI111;10037;ALAMBRE CENTELSA N  8 BLANCO;Andrés Cardona;18/06/2025;3;2000;0;6000;2400;Efectivo
VEN00429;CLI233;10025;ACRONAL  DE 1/4;Milena Restrepo;24/01/2025;2;2000;0;4000;1600;Transferencia
VEN00430;CLI113;10058;ALAMBRE CENTELSA N 14 VERDE;Diana Tobón;2/04/2026;10;2000;1000;19000;7000;Efectivo
VEN00431;CLI091;10046;ALAMBRE CENTELSA N 10 VERDE;Andrés Cardona;30/05/2025;3;2000;0;6000;2400;Transferencia
VEN00432;CLI086;10014;ABRAZADERA TITAN 2-3/8A3-1/8  40-44;Andrés Cardona;12/01/2026;2;2000;0;4000;1600;Tarjeta
VEN00433;CLI048;10001;ABRAZADERA 1/2 ECONOMICA;Carlos Mario Hoyos;9/03/2025;2;2000;0;4000;1600;Transferencia
VEN00434;CLI083;10986;AGUA STOP ARGOLLA GERFOR 581140;Milena Restrepo;7/01/2026;10;2000;0;20000;8000;Transferencia
VEN00435;CLI275;10038;ALAMBRE CENTELSA N  8 NEGRO;Diana Tobón;19/10/2025;10;2000;0;20000;8000;Transferencia
VEN00436;CLI002;10015;ABRAZADERA TITAN 31/2A45/16 40-56;Milena Restrepo;10/11/2025;10;2000;0;20000;8000;Tarjeta
VEN00437;CLI146;10062;ALICATE 8 NARANJA DSF-6050;Carlos Mario Hoyos;27/07/2025;5;2000;500;9500;3500;Efectivo
VEN00438;CLI275;10040;ALAMBRE CENTELSA N  8 VERDE;Carlos Mario Hoyos;2/01/2025;10;2000;0;20000;8000;Tarjeta
VEN00439;CLI087;10042;ALAMBRE CENTELSA N 10 AZUL;Andrés Cardona;21/07/2025;1;2000;0;2000;800;Efectivo
VEN00440;CLI232;10060;ALICATE  BICOLOR N 8;Milena Restrepo;5/08/2025;3;2000;0;6000;2400;Efectivo
VEN00441;CLI217;10055;ALAMBRE CENTELSA N 14 BLANCO;Milena Restrepo;4/05/2025;3;2000;0;6000;2400;Transferencia
VEN00442;CLI096;10050;ALAMBRE CENTELSA N 12 NEGRO;Diana Tobón;1/01/2026;5;2000;500;9500;3500;Transferencia
VEN00443;CLI276;10024;ACOPLE SANITARIO GRIPLAS;Milena Restrepo;7/07/2025;10;2000;0;20000;8000;Transferencia
VEN00444;CLI149;10879;ADAPTADOR MACHO 1/2 X 16MM PE AL PE;Diana Tobón;21/07/2025;1;2000;0;2000;800;Efectivo
VEN00445;CLI051;10006;ABRAZADERA TITAN 3/4A1 40-12;Carlos Mario Hoyos;23/08/2025;10;2000;0;20000;8000;Transferencia
VEN00446;CLI184;11071;ACOPLE LAVAMANOS GRIVAL LARGO 60;Milena Restrepo;20/04/2026;3;2000;0;6000;2400;Efectivo
VEN00447;CLI067;10735;ADAPTADOR DE ESPIGO A ROSCA DE 1/2;Andrés Cardona;2/05/2026;2;2000;200;3800;1400;Efectivo
VEN00448;CLI264;10050;ALAMBRE CENTELSA N 12 NEGRO;Carlos Mario Hoyos;6/03/2026;3;2000;0;6000;2400;Transferencia
VEN00449;CLI053;10986;AGUA STOP ARGOLLA GERFOR 581140;Andrés Cardona;19/01/2025;2;2000;0;4000;1600;Efectivo
VEN00450;CLI056;10013;ABRAZADERA TITAN 23/8A31/8  40-40;Carlos Mario Hoyos;3/09/2025;3;2000;0;6000;2400;Transferencia
VEN00451;CLI143;10002;ABRAZADERA TITAN 5/16-15/32 10-00;Milena Restrepo;12/08/2025;2;2000;0;4000;1600;Tarjeta
VEN00452;CLI076;11703;"ADAPTADOR MACHO DE 11/2"" PVC LEO";Andrés Cardona;30/01/2026;1;2000;0;2000;800;Tarjeta
VEN00453;CLI121;11942;AGUA STOP CAUCHO GRIPLAS;Carlos Mario Hoyos;30/09/2025;2;2000;0;4000;1600;Tarjeta
VEN00454;CLI199;10011;ABRAZADERA TITAN 13/4A21/2  40-32;Andrés Cardona;16/12/2025;1;2000;0;2000;800;Efectivo
VEN00455;CLI004;10015;ABRAZADERA TITAN 31/2A45/16 40-56;Diana Tobón;6/05/2026;5;2000;0;10000;4000;Efectivo
VEN00456;CLI221;10048;ALAMBRE CENTELSA N 12 AZUL;Andrés Cardona;24/02/2025;10;2000;0;20000;8000;Transferencia
VEN00457;CLI178;10009;ABRAZADERA TITAN 11/8A17/8  40-24;Carlos Mario Hoyos;2/07/2025;1;2000;0;2000;800;Transferencia
VEN00458;CLI138;10040;ALAMBRE CENTELSA N  8 VERDE;Milena Restrepo;31/05/2025;2;2000;0;4000;1600;Tarjeta
VEN00459;CLI117;10014;ABRAZADERA TITAN 2-3/8A3-1/8  40-44;Carlos Mario Hoyos;5/02/2025;2;2000;0;4000;1600;Transferencia
VEN00460;CLI279;10060;ALICATE  BICOLOR N 8;Milena Restrepo;14/04/2026;5;2000;1000;9000;3000;Efectivo
VEN00461;CLI135;11704;"ADAPTADOR MACHO DE 2"" PVC LEO";Diana Tobón;6/11/2025;1;2000;0;2000;800;Efectivo
VEN00462;CLI043;10016;ACEITE USA1 X 30 CC;Milena Restrepo;19/04/2026;1;2000;0;2000;800;Transferencia
VEN00463;CLI004;10053;ALAMBRE CENTELSA N 14 AMARILLO;Milena Restrepo;14/02/2026;5;2000;500;9500;3500;Efectivo
VEN00464;CLI284;12242;ACOPLE SAMURAY PREMIER AMARILLO;Andrés Cardona;14/03/2026;10;2000;0;20000;8000;Transferencia
VEN00465;CLI204;12177;AGUJAS PISTOLA PINTAR;Milena Restrepo;10/09/2025;1;2000;100;1900;700;Efectivo
VEN00466;CLI179;10050;ALAMBRE CENTELSA N 12 NEGRO;Diana Tobón;22/07/2025;2;2000;0;4000;1600;Efectivo
VEN00467;CLI088;11703;"ADAPTADOR MACHO DE 11/2"" PVC LEO";Diana Tobón;5/06/2025;5;2000;0;10000;4000;Efectivo
VEN00468;CLI267;10022;ACOPLE SANITARIO CARDENAS LARGO;Andrés Cardona;27/01/2026;3;2000;0;6000;2400;Tarjeta
VEN00469;CLI189;10878;ADAPTADOR HEMBRA 1/2 X 16MM PE AL PE;Carlos Mario Hoyos;5/10/2025;3;10800;0;32400;28800;Tarjeta
VEN00470;CLI088;10032;ALAMBRE PUA  C14 X 350MT CORSAN;Diana Tobón;20/01/2025;2;2000;200;3800;1400;Transferencia
VEN00471;CLI019;11059;AGUA STOP CAUCHO GRIVAL;Diana Tobón;26/07/2025;2;2000;200;3800;1400;Efectivo
VEN00472;CLI116;10056;ALAMBRE CENTELSA N 14 NEGRO;Milena Restrepo;15/11/2025;3;2000;0;6000;2400;Transferencia
VEN00473;CLI100;10026;ACRONAL  DE GALON;Andrés Cardona;14/03/2025;10;2000;1000;19000;7000;Tarjeta
VEN00474;CLI103;10061;ALICATE 6 NARANJA DSF-6049;Diana Tobón;29/09/2025;1;2000;0;2000;800;Transferencia
VEN00475;CLI002;10021;ACOPLE LAVAMANOS GRIPLAS;Diana Tobón;11/05/2026;3;2000;0;6000;2400;Efectivo
VEN00476;CLI198;10048;ALAMBRE CENTELSA N 12 AZUL;Andrés Cardona;16/09/2025;3;2000;300;5700;2100;Efectivo
VEN00477;CLI021;10006;ABRAZADERA TITAN 3/4A1 40-12;Carlos Mario Hoyos;24/06/2025;5;2000;0;10000;4000;Transferencia
VEN00478;CLI277;10009;ABRAZADERA TITAN 11/8A17/8  40-24;Milena Restrepo;2/02/2025;2;2000;0;4000;1600;Transferencia
VEN00479;CLI037;10023;ACOPLE SANITARIO CORTO CARDENAS;Andrés Cardona;12/01/2025;3;2000;0;6000;2400;Transferencia
VEN00480;CLI300;12595;ADAPTADOR DE 1 EMT;Milena Restrepo;8/01/2025;10;2000;0;20000;8000;Efectivo
VEN00481;CLI094;10051;ALAMBRE CENTELSA N 12 ROJO;Milena Restrepo;17/09/2025;10;2000;0;20000;8000;Tarjeta
VEN00482;CLI137;10003;ABRAZADERA TITAN 5/16A5/8 - 3/8  10-04;Milena Restrepo;18/12/2025;5;2000;0;10000;4000;Efectivo
VEN00483;CLI185;11700;"ADAPTADOR MACHO DE 1/2"" PVC LEO";Milena Restrepo;4/05/2026;10;2000;0;20000;8000;Transferencia
VEN00484;CLI124;10008;ABRAZADERA TITAN 1A19/16 40-20;Diana Tobón;22/04/2026;5;2000;0;10000;4000;Transferencia
VEN00485;CLI193;10022;ACOPLE SANITARIO CARDENAS LARGO;Diana Tobón;8/05/2025;5;2000;0;10000;4000;Transferencia
VEN00486;CLI031;12595;ADAPTADOR DE 1 EMT;Andrés Cardona;29/09/2025;1;2000;100;1900;700;Tarjeta
VEN00487;CLI162;10059;ALCOHOL INDUSTRIAL X 500;Diana Tobón;1/09/2025;2;2000;200;3800;1400;Transferencia
VEN00488;CLI011;11943;AGUA STOP PLASTGRIFOS;Milena Restrepo;6/08/2025;2;2000;0;4000;1600;Tarjeta
VEN00489;CLI222;10040;ALAMBRE CENTELSA N  8 VERDE;Diana Tobón;30/01/2025;2;2000;0;4000;1600;Efectivo
VEN00490;CLI243;11696;ADAPTADOR PVC ALARGE 1/2 X 3/8;Andrés Cardona;23/09/2025;5;2000;500;9500;3500;Transferencia
VEN00491;CLI119;11700;"ADAPTADOR MACHO DE 1/2"" PVC LEO";Diana Tobón;12/04/2026;1;2000;0;2000;800;Transferencia
VEN00492;CLI067;10063;ALICATE FOCCI 8,5 DSF-1684;Carlos Mario Hoyos;8/07/2025;5;2000;0;10000;4000;Tarjeta
VEN00493;CLI143;11697;"ADAPTADOR HEMBRA DE 1"" PVC LEO";Carlos Mario Hoyos;29/04/2026;10;2000;2000;18000;6000;Efectivo
VEN00494;CLI293;10041;ALAMBRE CENTELSA N 10 AMARILLO;Andrés Cardona;1/01/2026;3;2000;0;6000;2400;Efectivo
VEN00495;CLI248;10026;ACRONAL  DE GALON;Milena Restrepo;6/10/2025;5;2000;0;10000;4000;Efectivo
VEN00496;CLI001;10052;ALAMBRE CENTELSA N 12 VERDE;Carlos Mario Hoyos;21/03/2026;1;2000;0;2000;800;Tarjeta
VEN00497;CLI177;11697;"ADAPTADOR HEMBRA DE 1"" PVC LEO";Carlos Mario Hoyos;6/03/2025;1;2000;100;1900;700;Efectivo
VEN00498;CLI168;10022;ACOPLE SANITARIO CARDENAS LARGO;Carlos Mario Hoyos;25/12/2025;1;2000;0;2000;800;Efectivo
VEN00499;CLI294;10059;ALCOHOL INDUSTRIAL X 500;Diana Tobón;20/05/2025;1;2000;100;1900;700;Transferencia
VEN00500;CLI201;12595;ADAPTADOR DE 1 EMT;Diana Tobón;22/02/2026;5;2000;0;10000;4000;Transferencia
VEN00501;CLI075;10042;ALAMBRE CENTELSA N 10 AZUL;Diana Tobón;15/11/2025;1;2000;0;2000;800;Tarjeta
VEN00502;CLI254;11058;ACOPLE SANITARIO GRIVAL 40 CMS;Milena Restrepo;19/04/2025;1;2000;0;2000;800;Transferencia
VEN00503;CLI287;10058;ALAMBRE CENTELSA N 14 VERDE;Milena Restrepo;27/03/2025;10;2000;2000;18000;6000;Efectivo
VEN00504;CLI208;10027;AEROGRAFO F75 400 ML DSF-1499;Andrés Cardona;4/12/2025;1;2000;0;2000;800;Tarjeta
VEN00505;CLI086;10057;ALAMBRE CENTELSA N 14 ROJO;Milena Restrepo;28/12/2025;1;2000;100;1900;700;Tarjeta
VEN00506;CLI101;10064;ALICATE STANLEY N 8 84-023;Andrés Cardona;25/03/2026;10;2000;0;20000;8000;Transferencia
VEN00507;CLI283;10021;ACOPLE LAVAMANOS GRIPLAS;Milena Restrepo;21/08/2025;2;2000;0;4000;1600;Tarjeta
VEN00508;CLI106;12187;ACOPLE RAPIDO PISTOLA PINTAR;Diana Tobón;10/08/2025;1;2000;0;2000;800;Efectivo
VEN00509;CLI107;10053;ALAMBRE CENTELSA N 14 AMARILLO;Andrés Cardona;14/09/2025;5;2000;0;10000;4000;Transferencia
VEN00510;CLI181;10055;ALAMBRE CENTELSA N 14 BLANCO;Diana Tobón;9/09/2025;2;2000;0;4000;1600;Tarjeta
VEN00511;CLI290;10064;ALICATE STANLEY N 8 84-023;Carlos Mario Hoyos;1/04/2026;2;2000;0;4000;1600;Transferencia
VEN00512;CLI149;10041;ALAMBRE CENTELSA N 10 AMARILLO;Carlos Mario Hoyos;3/03/2026;3;2000;0;6000;2400;Transferencia
VEN00513;CLI300;10021;ACOPLE LAVAMANOS GRIPLAS;Milena Restrepo;19/02/2026;3;2000;0;6000;2400;Transferencia
VEN00514;CLI086;10059;ALCOHOL INDUSTRIAL X 500;Milena Restrepo;21/04/2025;10;2000;0;20000;8000;Efectivo
VEN00515;CLI140;11942;AGUA STOP CAUCHO GRIPLAS;Diana Tobón;27/07/2025;2;2000;0;4000;1600;Tarjeta
VEN00516;CLI107;10044;ALAMBRE CENTELSA N 10 NEGRO;Andrés Cardona;5/07/2025;2;2000;0;4000;1600;Transferencia
VEN00517;CLI191;11941;AGUA STOP AHORRADOR PLASTIG;Milena Restrepo;28/03/2026;1;2000;0;2000;800;Transferencia
VEN00518;CLI229;10018;ACIDO CORRIENTE X 480;Diana Tobón;3/09/2025;2;2000;0;4000;1600;Transferencia
VEN00519;CLI235;10987;AGUA STOP PINES SAPITO GERFOR 580051;Andrés Cardona;26/04/2026;2;2000;400;3600;1200;Efectivo
VEN00520;CLI292;10008;ABRAZADERA TITAN 1A19/16 40-20;Diana Tobón;26/10/2025;2;2000;0;4000;1600;Efectivo
VEN00521;CLI192;10060;ALICATE  BICOLOR N 8;Diana Tobón;13/05/2026;1;2000;0;2000;800;Tarjeta
VEN00522;CLI257;10063;ALICATE FOCCI 8,5 DSF-1684;Andrés Cardona;29/12/2025;2;2000;0;4000;1600;Efectivo
VEN00523;CLI179;10039;ALAMBRE CENTELSA N  8 ROJO;Diana Tobón;23/02/2025;2;2000;0;4000;1600;Transferencia
VEN00524;CLI142;10018;ACIDO CORRIENTE X 480;Diana Tobón;4/01/2026;10;2000;0;20000;8000;Tarjeta
VEN00525;CLI187;10052;ALAMBRE CENTELSA N 12 VERDE;Carlos Mario Hoyos;4/12/2025;1;2000;200;1800;600;Efectivo
VEN00526;CLI194;10057;ALAMBRE CENTELSA N 14 ROJO;Andrés Cardona;7/01/2026;1;2000;0;2000;800;Tarjeta
VEN00527;CLI228;11059;AGUA STOP CAUCHO GRIVAL;Diana Tobón;14/01/2025;2;2000;0;4000;1600;Transferencia
VEN00528;CLI073;10008;ABRAZADERA TITAN 1A19/16 40-20;Diana Tobón;3/12/2025;1;2000;0;2000;800;Efectivo
VEN00529;CLI042;10084;AGUAMONIACO  FRASCO X 480;Diana Tobón;19/10/2025;1;3800;0;3800;2600;Transferencia
VEN00530;CLI130;10048;ALAMBRE CENTELSA N 12 AZUL;Diana Tobón;25/03/2025;10;2000;0;20000;8000;Tarjeta
VEN00531;CLI090;11071;ACOPLE LAVAMANOS GRIVAL LARGO 60;Diana Tobón;11/11/2025;2;2000;0;4000;1600;Transferencia
VEN00532;CLI269;11060;AGUA STOP PASTA GRIVAL;Diana Tobón;2/12/2025;1;2000;0;2000;800;Efectivo
VEN00533;CLI139;10036;ALAMBRE CENTELSA N  8 AZUL;Diana Tobón;27/02/2025;3;2000;0;6000;2400;Efectivo
VEN00534;CLI219;10028;AEROGRAFO LAPICERO X 4 HOPEX PROFESI;Andrés Cardona;16/04/2026;10;2000;1000;19000;7000;Tarjeta
VEN00535;CLI022;12178;ACOPLE RAPIDO PISTOLA PINTAR JUEGO X 5;Andrés Cardona;20/04/2026;3;2000;0;6000;2400;Tarjeta
VEN00536;CLI109;10035;ALAMBRE CENTELSA N  8 AMARILLO;Milena Restrepo;18/06/2025;1;2000;200;1800;600;Transferencia
VEN00537;CLI216;11072;ACOPLE SANITARIO GRIVAL LARGO 55;Carlos Mario Hoyos;20/04/2026;1;2000;0;2000;800;Tarjeta
VEN00538;CLI198;10987;AGUA STOP PINES SAPITO GERFOR 580051;Milena Restrepo;15/04/2025;3;2000;0;6000;2400;Transferencia
VEN00539;CLI076;10014;ABRAZADERA TITAN 2-3/8A3-1/8  40-44;Carlos Mario Hoyos;28/02/2026;2;2000;0;4000;1600;Tarjeta
VEN00540;CLI195;11057;ACOPLE LAVAMANOS GRIVAL 40CMS;Milena Restrepo;27/03/2026;1;2000;0;2000;800;Transferencia
VEN00541;CLI219;10014;ABRAZADERA TITAN 2-3/8A3-1/8  40-44;Carlos Mario Hoyos;30/11/2025;3;2000;300;5700;2100;Efectivo
VEN00542;CLI151;10735;ADAPTADOR DE ESPIGO A ROSCA DE 1/2;Carlos Mario Hoyos;29/09/2025;2;2000;0;4000;1600;Tarjeta
VEN00543;CLI052;10061;ALICATE 6 NARANJA DSF-6049;Carlos Mario Hoyos;7/07/2025;2;2000;0;4000;1600;Efectivo
VEN00544;CLI033;10044;ALAMBRE CENTELSA N 10 NEGRO;Diana Tobón;22/02/2026;3;2000;0;6000;2400;Efectivo
VEN00545;CLI276;10024;ACOPLE SANITARIO GRIPLAS;Carlos Mario Hoyos;10/07/2025;10;2000;0;20000;8000;Tarjeta
VEN00546;CLI212;10061;ALICATE 6 NARANJA DSF-6049;Carlos Mario Hoyos;8/10/2025;3;2000;0;6000;2400;Tarjeta
VEN00547;CLI113;11071;ACOPLE LAVAMANOS GRIVAL LARGO 60;Andrés Cardona;20/10/2025;10;2000;0;20000;8000;Tarjeta
VEN00548;CLI141;10062;ALICATE 8 NARANJA DSF-6050;Diana Tobón;16/12/2025;5;2000;0;10000;4000;Tarjeta
VEN00549;CLI120;10060;ALICATE  BICOLOR N 8;Carlos Mario Hoyos;11/04/2025;2;2000;200;3800;1400;Tarjeta
VEN00550;CLI279;10054;ALAMBRE CENTELSA N 14 AZUL;Carlos Mario Hoyos;14/10/2025;10;2000;1000;19000;7000;Transferencia
VEN00551;CLI100;12177;AGUJAS PISTOLA PINTAR;Andrés Cardona;31/08/2025;3;2000;0;6000;2400;Transferencia
VEN00552;CLI161;10084;AGUAMONIACO  FRASCO X 480;Andrés Cardona;11/11/2025;3;3800;0;11400;7800;Efectivo
VEN00553;CLI100;12596;ADAPTADOR DE 1/2 EMT;Andrés Cardona;23/01/2025;3;2000;0;6000;2400;Tarjeta
VEN00554;CLI034;10049;ALAMBRE CENTELSA N 12 BLANCO;Andrés Cardona;9/03/2025;2;2000;200;3800;1400;Transferencia
VEN00555;CLI130;10054;ALAMBRE CENTELSA N 14 AZUL;Diana Tobón;6/04/2025;1;2000;0;2000;800;Transferencia
VEN00556;CLI234;10009;ABRAZADERA TITAN 11/8A17/8  40-24;Carlos Mario Hoyos;11/09/2025;1;2000;0;2000;800;Tarjeta
VEN00557;CLI061;10019;ACOPLE LAVAMANO CORTO  CARDENAS;Milena Restrepo;27/01/2025;3;2000;300;5700;2100;Tarjeta
VEN00558;CLI044;11701;"ADAPTADOR MACHO DE 3/4"" PVC LEO";Milena Restrepo;27/12/2025;1;2000;0;2000;800;Tarjeta
VEN00559;CLI028;10018;ACIDO CORRIENTE X 480;Andrés Cardona;24/01/2025;10;2000;0;20000;8000;Efectivo
VEN00560;CLI260;11942;AGUA STOP CAUCHO GRIPLAS;Andrés Cardona;27/02/2026;3;2000;0;6000;2400;Efectivo
VEN00561;CLI072;10060;ALICATE  BICOLOR N 8;Andrés Cardona;17/02/2026;5;2000;0;10000;4000;Efectivo
VEN00562;CLI174;10045;ALAMBRE CENTELSA N 10 ROJO;Carlos Mario Hoyos;18/11/2025;2;2000;200;3800;1400;Transferencia
VEN00563;CLI107;10047;ALAMBRE CENTELSA N 12 AMARILLO;Andrés Cardona;24/05/2025;3;2000;0;6000;2400;Tarjeta
VEN00564;CLI033;12595;ADAPTADOR DE 1 EMT;Milena Restrepo;21/04/2026;10;2000;1000;19000;7000;Tarjeta
VEN00565;CLI055;10024;ACOPLE SANITARIO GRIPLAS;Diana Tobón;31/01/2026;10;2000;0;20000;8000;Efectivo
VEN00566;CLI167;10055;ALAMBRE CENTELSA N 14 BLANCO;Diana Tobón;3/04/2025;5;2000;500;9500;3500;Efectivo
VEN00567;CLI046;10054;ALAMBRE CENTELSA N 14 AZUL;Andrés Cardona;4/04/2025;3;2000;0;6000;2400;Transferencia
VEN00568;CLI139;10002;ABRAZADERA TITAN 5/16-15/32 10-00;Carlos Mario Hoyos;22/09/2025;2;2000;200;3800;1400;Tarjeta
VEN00569;CLI239;12187;ACOPLE RAPIDO PISTOLA PINTAR;Andrés Cardona;9/11/2025;3;2000;0;6000;2400;Transferencia
VEN00570;CLI284;12240;ACOPLE PASTA SAMURAY ECONOMICO;Milena Restrepo;21/11/2025;10;2000;0;20000;8000;Tarjeta
VEN00571;CLI224;12596;ADAPTADOR DE 1/2 EMT;Andrés Cardona;19/04/2025;5;2000;500;9500;3500;Transferencia
VEN00572;CLI245;10057;ALAMBRE CENTELSA N 14 ROJO;Carlos Mario Hoyos;18/01/2025;1;2000;0;2000;800;Tarjeta
VEN00573;CLI003;10060;ALICATE  BICOLOR N 8;Andrés Cardona;1/05/2026;5;2000;0;10000;4000;Tarjeta
VEN00574;CLI073;10060;ALICATE  BICOLOR N 8;Carlos Mario Hoyos;15/04/2025;5;2000;0;10000;4000;Tarjeta
VEN00575;CLI042;10012;ABRAZADERA TITAN  2A2-3/8 40-36;Andrés Cardona;13/04/2025;3;2000;0;6000;2400;Transferencia
VEN00576;CLI168;10052;ALAMBRE CENTELSA N 12 VERDE;Andrés Cardona;8/09/2025;1;2000;200;1800;600;Efectivo
VEN00577;CLI112;10047;ALAMBRE CENTELSA N 12 AMARILLO;Andrés Cardona;7/03/2026;2;2000;0;4000;1600;Efectivo
VEN00578;CLI081;10879;ADAPTADOR MACHO 1/2 X 16MM PE AL PE;Andrés Cardona;10/10/2025;2;2000;0;4000;1600;Transferencia
VEN00579;CLI249;10052;ALAMBRE CENTELSA N 12 VERDE;Andrés Cardona;11/05/2025;1;2000;0;2000;800;Transferencia
VEN00580;CLI192;11704;"ADAPTADOR MACHO DE 2"" PVC LEO";Carlos Mario Hoyos;7/03/2026;2;2000;200;3800;1400;Transferencia
VEN00581;CLI270;10012;ABRAZADERA TITAN  2A2-3/8 40-36;Milena Restrepo;2/01/2025;5;2000;0;10000;4000;Efectivo
VEN00582;CLI059;10019;ACOPLE LAVAMANO CORTO  CARDENAS;Milena Restrepo;19/06/2025;5;2000;0;10000;4000;Transferencia
VEN00583;CLI274;11698;"ADAPTADOR HEMBRA  1/2"" LEO PRECION";Andrés Cardona;11/04/2025;5;2000;0;10000;4000;Tarjeta
VEN00584;CLI277;10040;ALAMBRE CENTELSA N  8 VERDE;Milena Restrepo;1/08/2025;1;2000;0;2000;800;Transferencia
VEN00585;CLI135;10003;ABRAZADERA TITAN 5/16A5/8 - 3/8  10-04;Milena Restrepo;4/12/2025;1;2000;100;1900;700;Transferencia
VEN00586;CLI062;11943;AGUA STOP PLASTGRIFOS;Carlos Mario Hoyos;9/05/2025;3;2000;0;6000;2400;Efectivo
VEN00587;CLI214;10021;ACOPLE LAVAMANOS GRIPLAS;Carlos Mario Hoyos;25/05/2025;3;2000;0;6000;2400;Transferencia
VEN00588;CLI038;10015;ABRAZADERA TITAN 31/2A45/16 40-56;Andrés Cardona;23/04/2025;2;2000;400;3600;1200;Transferencia
VEN00589;CLI067;12188;ACOPLE RAPIDO PISTOLA X 2 DORADO DSF-6035;Andrés Cardona;5/05/2025;10;2000;0;20000;8000;Transferencia
VEN00590;CLI253;12240;ACOPLE PASTA SAMURAY ECONOMICO;Diana Tobón;24/03/2025;1;2000;0;2000;800;Efectivo
VEN00591;CLI199;11696;ADAPTADOR PVC ALARGE 1/2 X 3/8;Andrés Cardona;15/12/2025;1;2000;0;2000;800;Transferencia
VEN00592;CLI139;10004;ABRAZADERA TITAN 7/16A25/32 - 1/2 10-06;Carlos Mario Hoyos;13/12/2025;10;2000;0;20000;8000;Transferencia
VEN00593;CLI142;10033;ALAMBRE PUA C16 X 200MT CORSAN;Andrés Cardona;26/03/2025;1;2000;0;2000;800;Efectivo
VEN00594;CLI046;11942;AGUA STOP CAUCHO GRIPLAS;Milena Restrepo;21/06/2025;3;2000;300;5700;2100;Tarjeta
VEN00595;CLI082;10010;ABRAZADERA TITAN 11/4A2 40-28;Milena Restrepo;5/12/2025;5;2000;0;10000;4000;Tarjeta
VEN00596;CLI147;10011;ABRAZADERA TITAN 13/4A21/2  40-32;Milena Restrepo;18/09/2025;10;2000;0;20000;8000;Tarjeta
VEN00597;CLI172;10028;AEROGRAFO LAPICERO X 4 HOPEX PROFESI;Andrés Cardona;6/04/2025;5;2000;1000;9000;3000;Transferencia
VEN00598;CLI243;10064;ALICATE STANLEY N 8 84-023;Andrés Cardona;21/03/2026;10;2000;1000;19000;7000;Tarjeta
VEN00599;CLI162;11941;AGUA STOP AHORRADOR PLASTIG;Andrés Cardona;23/04/2025;2;2000;0;4000;1600;Transferencia
VEN00600;CLI186;10041;ALAMBRE CENTELSA N 10 AMARILLO;Milena Restrepo;19/09/2025;3;2000;0;6000;2400;Tarjeta
VEN00601;CLI149;12178;ACOPLE RAPIDO PISTOLA PINTAR JUEGO X 5;Andrés Cardona;17/11/2025;10;2000;0;20000;8000;Transferencia
VEN00602;CLI082;11072;ACOPLE SANITARIO GRIVAL LARGO 55;Milena Restrepo;6/04/2026;3;2000;0;6000;2400;Efectivo
VEN00603;CLI238;10042;ALAMBRE CENTELSA N 10 AZUL;Milena Restrepo;14/06/2025;5;2000;0;10000;4000;Tarjeta
VEN00604;CLI259;12241;ACOPLE SAMURAY CAUCHO ECONOMICO;Carlos Mario Hoyos;25/02/2026;10;2000;0;20000;8000;Efectivo
VEN00605;CLI298;10026;ACRONAL  DE GALON;Andrés Cardona;9/10/2025;1;2000;0;2000;800;Transferencia
VEN00606;CLI173;10015;ABRAZADERA TITAN 31/2A45/16 40-56;Andrés Cardona;14/06/2025;1;2000;0;2000;800;Transferencia
VEN00607;CLI093;12596;ADAPTADOR DE 1/2 EMT;Milena Restrepo;22/04/2025;3;2000;0;6000;2400;Efectivo
VEN00608;CLI152;10023;ACOPLE SANITARIO CORTO CARDENAS;Carlos Mario Hoyos;22/02/2026;5;2000;0;10000;4000;Efectivo
VEN00609;CLI009;10044;ALAMBRE CENTELSA N 10 NEGRO;Diana Tobón;3/04/2025;5;2000;0;10000;4000;Transferencia
VEN00610;CLI178;11942;AGUA STOP CAUCHO GRIPLAS;Andrés Cardona;3/09/2025;10;2000;0;20000;8000;Efectivo
VEN00611;CLI189;11941;AGUA STOP AHORRADOR PLASTIG;Andrés Cardona;13/12/2025;5;2000;0;10000;4000;Transferencia
VEN00612;CLI177;12242;ACOPLE SAMURAY PREMIER AMARILLO;Milena Restrepo;17/05/2025;2;2000;0;4000;1600;Transferencia
VEN00613;CLI121;10027;AEROGRAFO F75 400 ML DSF-1499;Andrés Cardona;14/02/2025;1;2000;100;1900;700;Efectivo
VEN00614;CLI031;10036;ALAMBRE CENTELSA N  8 AZUL;Carlos Mario Hoyos;27/12/2025;1;2000;100;1900;700;Efectivo
VEN00615;CLI109;11701;"ADAPTADOR MACHO DE 3/4"" PVC LEO";Carlos Mario Hoyos;19/11/2025;10;2000;0;20000;8000;Efectivo
VEN00616;CLI249;10014;ABRAZADERA TITAN 2-3/8A3-1/8  40-44;Milena Restrepo;29/01/2026;10;2000;0;20000;8000;Tarjeta
VEN00617;CLI135;10041;ALAMBRE CENTELSA N 10 AMARILLO;Carlos Mario Hoyos;15/03/2025;5;2000;500;9500;3500;Transferencia
VEN00618;CLI299;10040;ALAMBRE CENTELSA N  8 VERDE;Andrés Cardona;6/09/2025;1;2000;0;2000;800;Transferencia
VEN00619;CLI092;10030;AEROGRAFO X 150 ML ABANICO HOPEX F2;Carlos Mario Hoyos;26/05/2025;10;2000;0;20000;8000;Transferencia
VEN00620;CLI040;10054;ALAMBRE CENTELSA N 14 AZUL;Andrés Cardona;29/06/2025;5;2000;0;10000;4000;Transferencia
VEN00621;CLI196;11071;ACOPLE LAVAMANOS GRIVAL LARGO 60;Diana Tobón;4/06/2025;10;2000;0;20000;8000;Tarjeta
VEN00622;CLI142;10018;ACIDO CORRIENTE X 480;Diana Tobón;24/04/2026;1;2000;100;1900;700;Tarjeta
VEN00623;CLI088;10011;ABRAZADERA TITAN 13/4A21/2  40-32;Carlos Mario Hoyos;12/12/2025;3;2000;300;5700;2100;Tarjeta
VEN00624;CLI246;11703;"ADAPTADOR MACHO DE 11/2"" PVC LEO";Andrés Cardona;6/01/2025;5;2000;0;10000;4000;Transferencia
VEN00625;CLI261;12187;ACOPLE RAPIDO PISTOLA PINTAR;Andrés Cardona;7/02/2026;3;2000;300;5700;2100;Efectivo
VEN00626;CLI154;10039;ALAMBRE CENTELSA N  8 ROJO;Milena Restrepo;2/08/2025;3;2000;0;6000;2400;Transferencia
VEN00627;CLI210;10022;ACOPLE SANITARIO CARDENAS LARGO;Carlos Mario Hoyos;11/11/2025;10;2000;1000;19000;7000;Transferencia
VEN00628;CLI075;10054;ALAMBRE CENTELSA N 14 AZUL;Andrés Cardona;7/05/2026;10;2000;0;20000;8000;Transferencia
VEN00629;CLI021;11943;AGUA STOP PLASTGRIFOS;Andrés Cardona;23/10/2025;2;2000;0;4000;1600;Efectivo
VEN00630;CLI132;10045;ALAMBRE CENTELSA N 10 ROJO;Carlos Mario Hoyos;11/08/2025;1;2000;0;2000;800;Transferencia
VEN00631;CLI163;11700;"ADAPTADOR MACHO DE 1/2"" PVC LEO";Andrés Cardona;19/03/2026;3;2000;0;6000;2400;Transferencia
VEN00632;CLI035;11699;ADAPTADOR HEMBRA DE 3/4 PVC LEO;Carlos Mario Hoyos;17/09/2025;3;2000;0;6000;2400;Transferencia
VEN00633;CLI098;10050;ALAMBRE CENTELSA N 12 NEGRO;Milena Restrepo;6/09/2025;5;2000;0;10000;4000;Transferencia
VEN00634;CLI248;11942;AGUA STOP CAUCHO GRIPLAS;Carlos Mario Hoyos;8/01/2026;5;2000;0;10000;4000;Tarjeta
VEN00635;CLI169;11943;AGUA STOP PLASTGRIFOS;Carlos Mario Hoyos;29/01/2026;2;2000;0;4000;1600;Efectivo
VEN00636;CLI178;10016;ACEITE USA1 X 30 CC;Diana Tobón;4/06/2025;5;2000;0;10000;4000;Tarjeta
VEN00637;CLI275;10084;AGUAMONIACO  FRASCO X 480;Diana Tobón;8/07/2025;3;3800;570;10830;7230;Tarjeta
VEN00638;CLI123;12187;ACOPLE RAPIDO PISTOLA PINTAR;Carlos Mario Hoyos;7/10/2025;10;2000;0;20000;8000;Efectivo
VEN00639;CLI079;10060;ALICATE  BICOLOR N 8;Carlos Mario Hoyos;3/04/2025;2;2000;200;3800;1400;Efectivo
VEN00640;CLI246;10006;ABRAZADERA TITAN 3/4A1 40-12;Diana Tobón;9/02/2025;10;2000;0;20000;8000;Tarjeta
VEN00641;CLI117;10024;ACOPLE SANITARIO GRIPLAS;Milena Restrepo;3/02/2025;10;2000;2000;18000;6000;Tarjeta
VEN00642;CLI114;10023;ACOPLE SANITARIO CORTO CARDENAS;Andrés Cardona;1/10/2025;2;2000;0;4000;1600;Transferencia
VEN00643;CLI013;10986;AGUA STOP ARGOLLA GERFOR 581140;Carlos Mario Hoyos;28/12/2025;2;2000;200;3800;1400;Transferencia
VEN00644;CLI296;10023;ACOPLE SANITARIO CORTO CARDENAS;Carlos Mario Hoyos;21/08/2025;5;2000;500;9500;3500;Tarjeta
VEN00645;CLI013;10062;ALICATE 8 NARANJA DSF-6050;Carlos Mario Hoyos;3/10/2025;10;2000;0;20000;8000;Efectivo
VEN00646;CLI043;11071;ACOPLE LAVAMANOS GRIVAL LARGO 60;Milena Restrepo;24/03/2026;3;2000;0;6000;2400;Transferencia
VEN00647;CLI091;10027;AEROGRAFO F75 400 ML DSF-1499;Carlos Mario Hoyos;28/03/2026;5;2000;0;10000;4000;Efectivo
VEN00648;CLI014;10013;ABRAZADERA TITAN 23/8A31/8  40-40;Andrés Cardona;3/12/2025;1;2000;0;2000;800;Tarjeta
VEN00649;CLI112;10032;ALAMBRE PUA  C14 X 350MT CORSAN;Milena Restrepo;13/05/2025;10;2000;0;20000;8000;Tarjeta
VEN00650;CLI022;10031;ALAMBRE PUA C 14 X 500MT;Diana Tobón;20/11/2025;1;2000;0;2000;800;Efectivo
VEN00651;CLI109;10005;ABRAZADERA TITAN 1/2A3/4  40-06;Diana Tobón;4/03/2026;1;2000;100;1900;700;Tarjeta
VEN00652;CLI274;12240;ACOPLE PASTA SAMURAY ECONOMICO;Carlos Mario Hoyos;16/12/2025;5;2000;500;9500;3500;Transferencia
VEN00653;CLI220;10022;ACOPLE SANITARIO CARDENAS LARGO;Diana Tobón;14/01/2026;3;2000;0;6000;2400;Tarjeta
VEN00654;CLI082;10012;ABRAZADERA TITAN  2A2-3/8 40-36;Diana Tobón;4/05/2025;3;2000;0;6000;2400;Tarjeta
VEN00655;CLI118;10986;AGUA STOP ARGOLLA GERFOR 581140;Carlos Mario Hoyos;15/01/2025;5;2000;0;10000;4000;Efectivo
VEN00656;CLI103;10034;ALAMBRE PUA C16 X 400MT CORSAN;Carlos Mario Hoyos;21/11/2025;2;2000;0;4000;1600;Efectivo
VEN00657;CLI124;10043;ALAMBRE CENTELSA N 10 BLANCO;Milena Restrepo;17/05/2025;1;2000;0;2000;800;Transferencia
VEN00658;CLI284;10036;ALAMBRE CENTELSA N  8 AZUL;Andrés Cardona;30/09/2025;1;2000;100;1900;700;Transferencia
VEN00659;CLI219;11943;AGUA STOP PLASTGRIFOS;Milena Restrepo;22/02/2026;1;2000;0;2000;800;Tarjeta
VEN00660;CLI238;10878;ADAPTADOR HEMBRA 1/2 X 16MM PE AL PE;Diana Tobón;12/02/2025;5;10800;0;54000;48000;Efectivo
VEN00661;CLI255;10084;AGUAMONIACO  FRASCO X 480;Andrés Cardona;16/01/2025;5;3800;950;18050;12050;Tarjeta
VEN00662;CLI265;10051;ALAMBRE CENTELSA N 12 ROJO;Carlos Mario Hoyos;19/11/2025;1;2000;0;2000;800;Transferencia
VEN00663;CLI105;10050;ALAMBRE CENTELSA N 12 NEGRO;Milena Restrepo;30/08/2025;3;2000;0;6000;2400;Transferencia
VEN00664;CLI053;10044;ALAMBRE CENTELSA N 10 NEGRO;Diana Tobón;5/03/2026;1;2000;100;1900;700;Transferencia
VEN00665;CLI013;11701;"ADAPTADOR MACHO DE 3/4"" PVC LEO";Milena Restrepo;5/09/2025;3;2000;0;6000;2400;Efectivo
VEN00666;CLI010;12240;ACOPLE PASTA SAMURAY ECONOMICO;Diana Tobón;24/12/2025;2;2000;0;4000;1600;Transferencia
VEN00667;CLI101;10001;ABRAZADERA 1/2 ECONOMICA;Milena Restrepo;23/02/2025;5;2000;0;10000;4000;Transferencia
VEN00668;CLI136;10050;ALAMBRE CENTELSA N 12 NEGRO;Carlos Mario Hoyos;18/07/2025;3;2000;300;5700;2100;Tarjeta
VEN00669;CLI082;10005;ABRAZADERA TITAN 1/2A3/4  40-06;Diana Tobón;16/03/2025;1;2000;0;2000;800;Efectivo
VEN00670;CLI079;10035;ALAMBRE CENTELSA N  8 AMARILLO;Milena Restrepo;22/02/2025;1;2000;0;2000;800;Transferencia
VEN00671;CLI298;11700;"ADAPTADOR MACHO DE 1/2"" PVC LEO";Milena Restrepo;2/08/2025;5;2000;0;10000;4000;Transferencia
VEN00672;CLI244;10014;ABRAZADERA TITAN 2-3/8A3-1/8  40-44;Carlos Mario Hoyos;1/12/2025;3;2000;0;6000;2400;Efectivo
VEN00673;CLI072;10036;ALAMBRE CENTELSA N  8 AZUL;Milena Restrepo;20/07/2025;10;2000;0;20000;8000;Efectivo
VEN00674;CLI122;11060;AGUA STOP PASTA GRIVAL;Andrés Cardona;21/07/2025;1;2000;0;2000;800;Transferencia
VEN00675;CLI095;10035;ALAMBRE CENTELSA N  8 AMARILLO;Milena Restrepo;3/02/2025;1;2000;100;1900;700;Transferencia
VEN00676;CLI232;10879;ADAPTADOR MACHO 1/2 X 16MM PE AL PE;Andrés Cardona;1/01/2026;10;2000;0;20000;8000;Tarjeta
VEN00677;CLI298;11059;AGUA STOP CAUCHO GRIVAL;Milena Restrepo;10/11/2025;5;2000;0;10000;4000;Transferencia
VEN00678;CLI194;10056;ALAMBRE CENTELSA N 14 NEGRO;Diana Tobón;18/08/2025;10;2000;0;20000;8000;Tarjeta
VEN00679;CLI101;10018;ACIDO CORRIENTE X 480;Carlos Mario Hoyos;20/10/2025;1;2000;0;2000;800;Efectivo
VEN00680;CLI198;10002;ABRAZADERA TITAN 5/16-15/32 10-00;Milena Restrepo;14/01/2026;1;2000;0;2000;800;Efectivo
VEN00681;CLI072;11058;ACOPLE SANITARIO GRIVAL 40 CMS;Diana Tobón;23/03/2026;3;2000;0;6000;2400;Efectivo
VEN00682;CLI276;12178;ACOPLE RAPIDO PISTOLA PINTAR JUEGO X 5;Diana Tobón;18/04/2026;1;2000;0;2000;800;Transferencia
VEN00683;CLI156;10022;ACOPLE SANITARIO CARDENAS LARGO;Andrés Cardona;24/03/2026;1;2000;0;2000;800;Efectivo
VEN00684;CLI059;10084;AGUAMONIACO  FRASCO X 480;Milena Restrepo;5/08/2025;5;3800;950;18050;12050;Efectivo
VEN00685;CLI185;11071;ACOPLE LAVAMANOS GRIVAL LARGO 60;Milena Restrepo;29/09/2025;1;2000;0;2000;800;Efectivo
VEN00686;CLI257;11697;"ADAPTADOR HEMBRA DE 1"" PVC LEO";Andrés Cardona;31/10/2025;5;2000;1000;9000;3000;Transferencia
VEN00687;CLI224;11697;"ADAPTADOR HEMBRA DE 1"" PVC LEO";Carlos Mario Hoyos;20/05/2025;5;2000;0;10000;4000;Transferencia
VEN00688;CLI094;10987;AGUA STOP PINES SAPITO GERFOR 580051;Diana Tobón;14/10/2025;1;2000;0;2000;800;Transferencia
VEN00689;CLI156;10026;ACRONAL  DE GALON;Diana Tobón;30/08/2025;3;2000;300;5700;2100;Transferencia
VEN00690;CLI209;11942;AGUA STOP CAUCHO GRIPLAS;Carlos Mario Hoyos;11/05/2026;1;2000;0;2000;800;Efectivo
VEN00691;CLI079;10063;ALICATE FOCCI 8,5 DSF-1684;Diana Tobón;28/06/2025;3;2000;600;5400;1800;Efectivo
VEN00692;CLI165;10018;ACIDO CORRIENTE X 480;Andrés Cardona;25/04/2026;5;2000;0;10000;4000;Efectivo
VEN00693;CLI191;11941;AGUA STOP AHORRADOR PLASTIG;Diana Tobón;11/01/2025;5;2000;500;9500;3500;Transferencia
VEN00694;CLI248;12178;ACOPLE RAPIDO PISTOLA PINTAR JUEGO X 5;Carlos Mario Hoyos;23/12/2025;3;2000;300;5700;2100;Transferencia
VEN00695;CLI144;10043;ALAMBRE CENTELSA N 10 BLANCO;Carlos Mario Hoyos;26/01/2025;10;2000;0;20000;8000;Tarjeta
VEN00696;CLI261;10051;ALAMBRE CENTELSA N 12 ROJO;Diana Tobón;16/10/2025;2;2000;0;4000;1600;Tarjeta
VEN00697;CLI169;10015;ABRAZADERA TITAN 31/2A45/16 40-56;Andrés Cardona;21/04/2026;2;2000;0;4000;1600;Transferencia
VEN00698;CLI098;10006;ABRAZADERA TITAN 3/4A1 40-12;Diana Tobón;12/10/2025;1;2000;0;2000;800;Transferencia
VEN00699;CLI055;11703;"ADAPTADOR MACHO DE 11/2"" PVC LEO";Diana Tobón;6/05/2026;1;2000;0;2000;800;Tarjeta
VEN00700;CLI033;10015;ABRAZADERA TITAN 31/2A45/16 40-56;Diana Tobón;14/03/2025;10;2000;0;20000;8000;Tarjeta
VEN00701;CLI242;10017;ACEITE USA1 X 70 CC;Andrés Cardona;2/10/2025;3;2000;0;6000;2400;Transferencia
VEN00702;CLI243;12596;ADAPTADOR DE 1/2 EMT;Diana Tobón;13/12/2025;3;2000;0;6000;2400;Efectivo
VEN00703;CLI191;10005;ABRAZADERA TITAN 1/2A3/4  40-06;Andrés Cardona;12/08/2025;2;2000;200;3800;1400;Tarjeta
VEN00704;CLI269;11059;AGUA STOP CAUCHO GRIVAL;Andrés Cardona;6/01/2026;3;2000;0;6000;2400;Tarjeta
VEN00705;CLI058;10039;ALAMBRE CENTELSA N  8 ROJO;Milena Restrepo;20/11/2025;3;2000;0;6000;2400;Efectivo
VEN00706;CLI178;10062;ALICATE 8 NARANJA DSF-6050;Milena Restrepo;4/03/2026;3;2000;0;6000;2400;Transferencia
VEN00707;CLI279;10023;ACOPLE SANITARIO CORTO CARDENAS;Diana Tobón;24/01/2026;10;2000;0;20000;8000;Tarjeta
VEN00708;CLI124;10058;ALAMBRE CENTELSA N 14 VERDE;Milena Restrepo;21/01/2026;5;2000;0;10000;4000;Transferencia
VEN00709;CLI222;11697;"ADAPTADOR HEMBRA DE 1"" PVC LEO";Milena Restrepo;18/08/2025;3;2000;0;6000;2400;Transferencia
VEN00710;CLI170;10060;ALICATE  BICOLOR N 8;Andrés Cardona;28/04/2026;10;2000;0;20000;8000;Transferencia
VEN00711;CLI105;10879;ADAPTADOR MACHO 1/2 X 16MM PE AL PE;Carlos Mario Hoyos;2/04/2026;1;2000;0;2000;800;Efectivo
VEN00712;CLI068;12240;ACOPLE PASTA SAMURAY ECONOMICO;Diana Tobón;3/06/2025;3;2000;0;6000;2400;Transferencia
VEN00713;CLI112;12240;ACOPLE PASTA SAMURAY ECONOMICO;Diana Tobón;19/04/2026;1;2000;0;2000;800;Efectivo
VEN00714;CLI163;10039;ALAMBRE CENTELSA N  8 ROJO;Diana Tobón;2/09/2025;1;2000;0;2000;800;Efectivo
VEN00715;CLI043;12240;ACOPLE PASTA SAMURAY ECONOMICO;Diana Tobón;13/03/2026;10;2000;0;20000;8000;Transferencia
VEN00716;CLI017;10047;ALAMBRE CENTELSA N 12 AMARILLO;Diana Tobón;30/11/2025;5;2000;0;10000;4000;Transferencia
VEN00717;CLI104;12240;ACOPLE PASTA SAMURAY ECONOMICO;Diana Tobón;13/03/2025;5;2000;500;9500;3500;Efectivo
VEN00718;CLI056;10043;ALAMBRE CENTELSA N 10 BLANCO;Carlos Mario Hoyos;8/03/2026;3;2000;0;6000;2400;Tarjeta
VEN00719;CLI090;10052;ALAMBRE CENTELSA N 12 VERDE;Andrés Cardona;1/09/2025;10;2000;0;20000;8000;Tarjeta
VEN00720;CLI241;11830;ALQUITRAN POR KILO;Diana Tobón;9/12/2025;10;2000;2000;18000;6000;Efectivo
VEN00721;CLI232;10029;AEROGRAFO X 125 ML CHORRO DSF-1505 K3;Milena Restrepo;25/02/2026;3;2000;300;5700;2100;Tarjeta
VEN00722;CLI050;10037;ALAMBRE CENTELSA N  8 BLANCO;Diana Tobón;19/07/2025;1;2000;0;2000;800;Efectivo
VEN00723;CLI170;10061;ALICATE 6 NARANJA DSF-6049;Carlos Mario Hoyos;18/08/2025;5;2000;0;10000;4000;Transferencia
VEN00724;CLI087;10007;ABRAZADERA TITAN 29/32A1-3/8 40-16;Andrés Cardona;21/03/2026;1;2000;0;2000;800;Tarjeta
VEN00725;CLI111;10060;ALICATE  BICOLOR N 8;Diana Tobón;2/02/2026;3;2000;0;6000;2400;Transferencia
VEN00726;CLI241;12187;ACOPLE RAPIDO PISTOLA PINTAR;Diana Tobón;6/06/2025;3;2000;300;5700;2100;Efectivo
VEN00727;CLI240;10016;ACEITE USA1 X 30 CC;Diana Tobón;13/08/2025;1;2000;100;1900;700;Tarjeta
VEN00728;CLI054;10007;ABRAZADERA TITAN 29/32A1-3/8 40-16;Milena Restrepo;31/07/2025;3;2000;0;6000;2400;Tarjeta
VEN00729;CLI288;10019;ACOPLE LAVAMANO CORTO  CARDENAS;Diana Tobón;27/09/2025;2;2000;0;4000;1600;Transferencia
VEN00730;CLI126;10050;ALAMBRE CENTELSA N 12 NEGRO;Diana Tobón;19/11/2025;1;2000;0;2000;800;Transferencia
VEN00731;CLI035;10040;ALAMBRE CENTELSA N  8 VERDE;Carlos Mario Hoyos;1/01/2025;1;2000;0;2000;800;Tarjeta
VEN00732;CLI256;12595;ADAPTADOR DE 1 EMT;Carlos Mario Hoyos;26/01/2025;3;2000;300;5700;2100;Tarjeta
VEN00733;CLI078;10012;ABRAZADERA TITAN  2A2-3/8 40-36;Andrés Cardona;22/04/2026;10;2000;0;20000;8000;Tarjeta
VEN00734;CLI241;11697;"ADAPTADOR HEMBRA DE 1"" PVC LEO";Andrés Cardona;21/07/2025;5;2000;0;10000;4000;Tarjeta
VEN00735;CLI213;10043;ALAMBRE CENTELSA N 10 BLANCO;Diana Tobón;8/12/2025;10;2000;0;20000;8000;Efectivo
VEN00736;CLI031;10029;AEROGRAFO X 125 ML CHORRO DSF-1505 K3;Diana Tobón;24/12/2025;2;2000;0;4000;1600;Transferencia
VEN00737;CLI112;11697;"ADAPTADOR HEMBRA DE 1"" PVC LEO";Andrés Cardona;18/08/2025;1;2000;0;2000;800;Efectivo
VEN00738;CLI234;10045;ALAMBRE CENTELSA N 10 ROJO;Diana Tobón;11/04/2026;2;2000;0;4000;1600;Efectivo
VEN00739;CLI065;10039;ALAMBRE CENTELSA N  8 ROJO;Diana Tobón;23/09/2025;5;2000;0;10000;4000;Tarjeta
VEN00740;CLI146;10057;ALAMBRE CENTELSA N 14 ROJO;Diana Tobón;20/04/2026;10;2000;0;20000;8000;Transferencia
VEN00741;CLI180;10034;ALAMBRE PUA C16 X 400MT CORSAN;Milena Restrepo;10/06/2025;1;2000;0;2000;800;Efectivo
VEN00742;CLI011;11685;ACOPLE CAUCHO SUELTO LICUADORA OSTER;Carlos Mario Hoyos;30/08/2025;5;2000;0;10000;4000;Efectivo
VEN00743;CLI035;10010;ABRAZADERA TITAN 11/4A2 40-28;Andrés Cardona;21/06/2025;10;2000;0;20000;8000;Transferencia
VEN00744;CLI023;12241;ACOPLE SAMURAY CAUCHO ECONOMICO;Andrés Cardona;14/02/2026;5;2000;0;10000;4000;Transferencia
VEN00745;CLI296;10017;ACEITE USA1 X 70 CC;Andrés Cardona;14/01/2026;5;2000;0;10000;4000;Tarjeta
VEN00746;CLI295;10029;AEROGRAFO X 125 ML CHORRO DSF-1505 K3;Andrés Cardona;31/01/2026;3;2000;0;6000;2400;Tarjeta
VEN00747;CLI239;10020;ACOPLE LAVAMANOS CARDENAS LARGO;Andrés Cardona;11/01/2025;3;2000;0;6000;2400;Tarjeta
VEN00748;CLI224;10063;ALICATE FOCCI 8,5 DSF-1684;Carlos Mario Hoyos;18/09/2025;2;2000;0;4000;1600;Tarjeta
VEN00749;CLI096;10022;ACOPLE SANITARIO CARDENAS LARGO;Carlos Mario Hoyos;23/03/2026;5;2000;0;10000;4000;Efectivo
VEN00750;CLI128;12188;ACOPLE RAPIDO PISTOLA X 2 DORADO DSF-6035;Milena Restrepo;20/01/2025;5;2000;0;10000;4000;Efectivo
VEN00751;CLI064;10058;ALAMBRE CENTELSA N 14 VERDE;Carlos Mario Hoyos;2/04/2025;3;2000;0;6000;2400;Transferencia
VEN00752;CLI238;11700;"ADAPTADOR MACHO DE 1/2"" PVC LEO";Carlos Mario Hoyos;9/08/2025;2;2000;0;4000;1600;Efectivo
VEN00753;CLI287;10015;ABRAZADERA TITAN 31/2A45/16 40-56;Diana Tobón;13/01/2026;2;2000;0;4000;1600;Efectivo
VEN00754;CLI115;12178;ACOPLE RAPIDO PISTOLA PINTAR JUEGO X 5;Andrés Cardona;3/11/2025;3;2000;0;6000;2400;Tarjeta
VEN00755;CLI287;11703;"ADAPTADOR MACHO DE 11/2"" PVC LEO";Andrés Cardona;28/06/2025;10;2000;1000;19000;7000;Efectivo
VEN00756;CLI173;10059;ALCOHOL INDUSTRIAL X 500;Milena Restrepo;25/10/2025;1;2000;0;2000;800;Transferencia
VEN00757;CLI249;11699;ADAPTADOR HEMBRA DE 3/4 PVC LEO;Diana Tobón;28/04/2025;1;2000;0;2000;800;Efectivo
VEN00758;CLI143;11942;AGUA STOP CAUCHO GRIPLAS;Andrés Cardona;5/04/2025;10;2000;0;20000;8000;Transferencia
VEN00759;CLI173;11942;AGUA STOP CAUCHO GRIPLAS;Andrés Cardona;11/12/2025;1;2000;100;1900;700;Transferencia
VEN00760;CLI129;10053;ALAMBRE CENTELSA N 14 AMARILLO;Carlos Mario Hoyos;9/03/2025;3;2000;0;6000;2400;Efectivo
VEN00761;CLI270;12188;ACOPLE RAPIDO PISTOLA X 2 DORADO DSF-6035;Diana Tobón;18/02/2026;1;2000;0;2000;800;Transferencia
VEN00762;CLI041;11943;AGUA STOP PLASTGRIFOS;Carlos Mario Hoyos;24/01/2026;1;2000;0;2000;800;Efectivo
VEN00763;CLI248;10060;ALICATE  BICOLOR N 8;Andrés Cardona;15/11/2025;10;2000;0;20000;8000;Efectivo
VEN00764;CLI012;10062;ALICATE 8 NARANJA DSF-6050;Andrés Cardona;15/02/2026;1;2000;0;2000;800;Efectivo
VEN00765;CLI299;10986;AGUA STOP ARGOLLA GERFOR 581140;Andrés Cardona;21/06/2025;2;2000;0;4000;1600;Tarjeta
VEN00766;CLI019;11702;"ADAPTADOR MACHO DE 1"" LEO";Andrés Cardona;1/02/2025;5;2000;0;10000;4000;Tarjeta
VEN00767;CLI017;10034;ALAMBRE PUA C16 X 400MT CORSAN;Milena Restrepo;9/03/2025;2;2000;0;4000;1600;Transferencia
VEN00768;CLI250;10009;ABRAZADERA TITAN 11/8A17/8  40-24;Andrés Cardona;20/05/2025;5;2000;0;10000;4000;Tarjeta
VEN00769;CLI264;11830;ALQUITRAN POR KILO;Diana Tobón;8/04/2025;2;2000;0;4000;1600;Tarjeta
VEN00770;CLI102;10022;ACOPLE SANITARIO CARDENAS LARGO;Diana Tobón;7/01/2025;3;2000;0;6000;2400;Efectivo
VEN00771;CLI003;11943;AGUA STOP PLASTGRIFOS;Carlos Mario Hoyos;30/06/2025;10;2000;0;20000;8000;Efectivo
VEN00772;CLI242;10031;ALAMBRE PUA C 14 X 500MT;Carlos Mario Hoyos;28/04/2025;1;2000;0;2000;800;Efectivo
VEN00773;CLI099;12178;ACOPLE RAPIDO PISTOLA PINTAR JUEGO X 5;Andrés Cardona;29/07/2025;10;2000;0;20000;8000;Transferencia
VEN00774;CLI128;11702;"ADAPTADOR MACHO DE 1"" LEO";Andrés Cardona;22/09/2025;1;2000;0;2000;800;Efectivo
VEN00775;CLI215;10006;ABRAZADERA TITAN 3/4A1 40-12;Milena Restrepo;10/10/2025;10;2000;1000;19000;7000;Tarjeta
VEN00776;CLI290;10039;ALAMBRE CENTELSA N  8 ROJO;Carlos Mario Hoyos;21/04/2026;3;2000;300;5700;2100;Transferencia
VEN00777;CLI175;10044;ALAMBRE CENTELSA N 10 NEGRO;Diana Tobón;24/02/2025;2;2000;0;4000;1600;Transferencia
VEN00778;CLI287;12596;ADAPTADOR DE 1/2 EMT;Diana Tobón;28/02/2025;1;2000;0;2000;800;Tarjeta
VEN00779;CLI151;10878;ADAPTADOR HEMBRA 1/2 X 16MM PE AL PE;Diana Tobón;25/01/2026;1;10800;0;10800;9600;Transferencia
VEN00780;CLI031;10046;ALAMBRE CENTELSA N 10 VERDE;Andrés Cardona;23/12/2025;2;2000;0;4000;1600;Transferencia
VEN00781;CLI133;11703;"ADAPTADOR MACHO DE 11/2"" PVC LEO";Andrés Cardona;30/01/2026;2;2000;0;4000;1600;Transferencia
VEN00782;CLI161;10047;ALAMBRE CENTELSA N 12 AMARILLO;Carlos Mario Hoyos;16/07/2025;10;2000;0;20000;8000;Transferencia
VEN00783;CLI183;10033;ALAMBRE PUA C16 X 200MT CORSAN;Andrés Cardona;26/11/2025;2;2000;0;4000;1600;Transferencia
VEN00784;CLI113;10060;ALICATE  BICOLOR N 8;Carlos Mario Hoyos;5/11/2025;3;2000;0;6000;2400;Tarjeta
VEN00785;CLI236;10048;ALAMBRE CENTELSA N 12 AZUL;Andrés Cardona;24/01/2025;1;2000;0;2000;800;Transferencia
VEN00786;CLI136;10058;ALAMBRE CENTELSA N 14 VERDE;Carlos Mario Hoyos;2/05/2026;10;2000;0;20000;8000;Tarjeta
VEN00787;CLI185;10878;ADAPTADOR HEMBRA 1/2 X 16MM PE AL PE;Diana Tobón;15/01/2025;5;10800;0;54000;48000;Transferencia
VEN00788;CLI102;11830;ALQUITRAN POR KILO;Carlos Mario Hoyos;27/11/2025;5;2000;0;10000;4000;Transferencia
VEN00789;CLI188;12178;ACOPLE RAPIDO PISTOLA PINTAR JUEGO X 5;Carlos Mario Hoyos;31/03/2025;2;2000;0;4000;1600;Efectivo
VEN00790;CLI076;10002;ABRAZADERA TITAN 5/16-15/32 10-00;Carlos Mario Hoyos;24/07/2025;10;2000;0;20000;8000;Efectivo
VEN00791;CLI122;10045;ALAMBRE CENTELSA N 10 ROJO;Diana Tobón;6/12/2025;10;2000;0;20000;8000;Efectivo
VEN00792;CLI010;11696;ADAPTADOR PVC ALARGE 1/2 X 3/8;Diana Tobón;12/08/2025;10;2000;0;20000;8000;Tarjeta
VEN00793;CLI270;11701;"ADAPTADOR MACHO DE 3/4"" PVC LEO";Andrés Cardona;29/10/2025;3;2000;300;5700;2100;Efectivo
VEN00794;CLI102;10057;ALAMBRE CENTELSA N 14 ROJO;Diana Tobón;5/03/2026;2;2000;200;3800;1400;Transferencia
VEN00795;CLI200;10017;ACEITE USA1 X 70 CC;Carlos Mario Hoyos;10/04/2026;2;2000;0;4000;1600;Efectivo
VEN00796;CLI106;10028;AEROGRAFO LAPICERO X 4 HOPEX PROFESI;Milena Restrepo;16/05/2025;1;2000;0;2000;800;Tarjeta
VEN00797;CLI055;10055;ALAMBRE CENTELSA N 14 BLANCO;Milena Restrepo;3/06/2025;1;2000;0;2000;800;Transferencia
VEN00798;CLI046;10034;ALAMBRE PUA C16 X 400MT CORSAN;Diana Tobón;9/07/2025;3;2000;300;5700;2100;Tarjeta
VEN00799;CLI294;10031;ALAMBRE PUA C 14 X 500MT;Carlos Mario Hoyos;2/02/2026;1;2000;0;2000;800;Transferencia
VEN00800;CLI110;10020;ACOPLE LAVAMANOS CARDENAS LARGO;Diana Tobón;23/10/2025;3;2000;300;5700;2100;Transferencia
VEN00801;CLI114;10032;ALAMBRE PUA  C14 X 350MT CORSAN;Andrés Cardona;2/06/2025;3;2000;0;6000;2400;Tarjeta
VEN00802;CLI199;10020;ACOPLE LAVAMANOS CARDENAS LARGO;Andrés Cardona;1/01/2025;5;2000;0;10000;4000;Transferencia
VEN00803;CLI221;10986;AGUA STOP ARGOLLA GERFOR 581140;Carlos Mario Hoyos;31/03/2025;1;2000;0;2000;800;Transferencia
VEN00804;CLI299;10050;ALAMBRE CENTELSA N 12 NEGRO;Milena Restrepo;24/02/2026;10;2000;0;20000;8000;Tarjeta
VEN00805;CLI294;10059;ALCOHOL INDUSTRIAL X 500;Diana Tobón;22/03/2025;2;2000;0;4000;1600;Efectivo
VEN00806;CLI038;11704;"ADAPTADOR MACHO DE 2"" PVC LEO";Milena Restrepo;28/07/2025;3;2000;0;6000;2400;Tarjeta
VEN00807;CLI116;10037;ALAMBRE CENTELSA N  8 BLANCO;Andrés Cardona;8/05/2026;1;2000;0;2000;800;Transferencia
VEN00808;CLI234;10042;ALAMBRE CENTELSA N 10 AZUL;Milena Restrepo;8/03/2026;2;2000;0;4000;1600;Transferencia
VEN00809;CLI245;11830;ALQUITRAN POR KILO;Diana Tobón;27/03/2025;3;2000;0;6000;2400;Tarjeta
VEN00810;CLI280;10007;ABRAZADERA TITAN 29/32A1-3/8 40-16;Diana Tobón;8/01/2025;10;2000;0;20000;8000;Efectivo
VEN00811;CLI108;10019;ACOPLE LAVAMANO CORTO  CARDENAS;Carlos Mario Hoyos;16/01/2026;2;2000;0;4000;1600;Tarjeta
VEN00812;CLI283;10007;ABRAZADERA TITAN 29/32A1-3/8 40-16;Carlos Mario Hoyos;19/10/2025;3;2000;0;6000;2400;Transferencia
VEN00813;CLI003;10084;AGUAMONIACO  FRASCO X 480;Andrés Cardona;23/02/2026;5;3800;0;19000;13000;Efectivo
VEN00814;CLI247;10011;ABRAZADERA TITAN 13/4A21/2  40-32;Milena Restrepo;4/06/2025;5;2000;0;10000;4000;Transferencia
VEN00815;CLI230;10062;ALICATE 8 NARANJA DSF-6050;Carlos Mario Hoyos;13/05/2026;1;2000;0;2000;800;Tarjeta
VEN00816;CLI204;10052;ALAMBRE CENTELSA N 12 VERDE;Diana Tobón;29/07/2025;3;2000;300;5700;2100;Tarjeta
VEN00817;CLI017;11702;"ADAPTADOR MACHO DE 1"" LEO";Milena Restrepo;7/02/2025;1;2000;0;2000;800;Tarjeta
VEN00818;CLI045;11703;"ADAPTADOR MACHO DE 11/2"" PVC LEO";Milena Restrepo;3/01/2025;2;2000;0;4000;1600;Transferencia
VEN00819;CLI232;10009;ABRAZADERA TITAN 11/8A17/8  40-24;Carlos Mario Hoyos;2/11/2025;2;2000;0;4000;1600;Tarjeta
VEN00820;CLI256;12178;ACOPLE RAPIDO PISTOLA PINTAR JUEGO X 5;Milena Restrepo;1/03/2025;10;2000;0;20000;8000;Tarjeta
VEN00821;CLI153;10011;ABRAZADERA TITAN 13/4A21/2  40-32;Milena Restrepo;25/01/2025;10;2000;0;20000;8000;Tarjeta
VEN00822;CLI006;12595;ADAPTADOR DE 1 EMT;Carlos Mario Hoyos;27/05/2025;5;2000;0;10000;4000;Efectivo
VEN00823;CLI012;10015;ABRAZADERA TITAN 31/2A45/16 40-56;Milena Restrepo;29/04/2025;2;2000;0;4000;1600;Transferencia
VEN00824;CLI004;10003;ABRAZADERA TITAN 5/16A5/8 - 3/8  10-04;Andrés Cardona;25/03/2025;10;2000;0;20000;8000;Efectivo
VEN00825;CLI066;10046;ALAMBRE CENTELSA N 10 VERDE;Carlos Mario Hoyos;24/07/2025;10;2000;0;20000;8000;Transferencia
VEN00826;CLI156;10048;ALAMBRE CENTELSA N 12 AZUL;Carlos Mario Hoyos;29/03/2025;2;2000;0;4000;1600;Transferencia
VEN00827;CLI277;11696;ADAPTADOR PVC ALARGE 1/2 X 3/8;Diana Tobón;29/12/2025;10;2000;0;20000;8000;Transferencia
VEN00828;CLI001;12187;ACOPLE RAPIDO PISTOLA PINTAR;Diana Tobón;9/12/2025;5;2000;0;10000;4000;Transferencia
VEN00829;CLI298;11071;ACOPLE LAVAMANOS GRIVAL LARGO 60;Andrés Cardona;27/05/2025;10;2000;0;20000;8000;Transferencia
VEN00830;CLI221;10039;ALAMBRE CENTELSA N  8 ROJO;Diana Tobón;27/04/2026;2;2000;0;4000;1600;Efectivo
VEN00831;CLI241;10064;ALICATE STANLEY N 8 84-023;Andrés Cardona;15/01/2026;3;2000;0;6000;2400;Tarjeta
VEN00832;CLI196;10005;ABRAZADERA TITAN 1/2A3/4  40-06;Carlos Mario Hoyos;9/10/2025;2;2000;200;3800;1400;Efectivo
VEN00833;CLI026;10059;ALCOHOL INDUSTRIAL X 500;Milena Restrepo;14/06/2025;1;2000;100;1900;700;Efectivo
VEN00834;CLI018;11701;"ADAPTADOR MACHO DE 3/4"" PVC LEO";Carlos Mario Hoyos;16/03/2025;2;2000;200;3800;1400;Tarjeta
VEN00835;CLI239;10040;ALAMBRE CENTELSA N  8 VERDE;Milena Restrepo;11/08/2025;2;2000;0;4000;1600;Tarjeta
VEN00836;CLI163;10063;ALICATE FOCCI 8,5 DSF-1684;Diana Tobón;24/05/2025;1;2000;0;2000;800;Transferencia
VEN00837;CLI258;12596;ADAPTADOR DE 1/2 EMT;Andrés Cardona;4/05/2025;1;2000;0;2000;800;Efectivo
VEN00838;CLI002;12177;AGUJAS PISTOLA PINTAR;Andrés Cardona;4/05/2025;3;2000;0;6000;2400;Transferencia
VEN00839;CLI233;11060;AGUA STOP PASTA GRIVAL;Diana Tobón;19/04/2025;3;2000;0;6000;2400;Transferencia
VEN00840;CLI295;10013;ABRAZADERA TITAN 23/8A31/8  40-40;Diana Tobón;17/06/2025;1;2000;0;2000;800;Efectivo
VEN00841;CLI233;10030;AEROGRAFO X 150 ML ABANICO HOPEX F2;Carlos Mario Hoyos;23/05/2025;3;2000;0;6000;2400;Tarjeta
VEN00842;CLI255;10024;ACOPLE SANITARIO GRIPLAS;Milena Restrepo;22/01/2025;5;2000;0;10000;4000;Efectivo
VEN00843;CLI143;12188;ACOPLE RAPIDO PISTOLA X 2 DORADO DSF-6035;Carlos Mario Hoyos;16/02/2026;1;2000;0;2000;800;Transferencia
VEN00844;CLI027;11942;AGUA STOP CAUCHO GRIPLAS;Carlos Mario Hoyos;13/09/2025;2;2000;0;4000;1600;Efectivo
VEN00845;CLI029;11701;"ADAPTADOR MACHO DE 3/4"" PVC LEO";Carlos Mario Hoyos;26/02/2025;2;2000;200;3800;1400;Transferencia
VEN00846;CLI014;10033;ALAMBRE PUA C16 X 200MT CORSAN;Diana Tobón;26/03/2025;10;2000;0;20000;8000;Tarjeta
VEN00847;CLI102;10027;AEROGRAFO F75 400 ML DSF-1499;Andrés Cardona;10/03/2026;10;2000;0;20000;8000;Efectivo
VEN00848;CLI213;10038;ALAMBRE CENTELSA N  8 NEGRO;Diana Tobón;6/04/2026;2;2000;0;4000;1600;Efectivo
VEN00849;CLI157;11704;"ADAPTADOR MACHO DE 2"" PVC LEO";Carlos Mario Hoyos;24/05/2025;10;2000;1000;19000;7000;Tarjeta
VEN00850;CLI237;10042;ALAMBRE CENTELSA N 10 AZUL;Andrés Cardona;26/09/2025;5;2000;0;10000;4000;Efectivo
VEN00851;CLI270;10013;ABRAZADERA TITAN 23/8A31/8  40-40;Diana Tobón;11/03/2025;2;2000;0;4000;1600;Transferencia
VEN00852;CLI182;10002;ABRAZADERA TITAN 5/16-15/32 10-00;Milena Restrepo;15/05/2025;3;2000;0;6000;2400;Tarjeta
VEN00853;CLI102;12241;ACOPLE SAMURAY CAUCHO ECONOMICO;Carlos Mario Hoyos;25/06/2025;3;2000;0;6000;2400;Efectivo
VEN00854;CLI271;10020;ACOPLE LAVAMANOS CARDENAS LARGO;Diana Tobón;14/09/2025;10;2000;0;20000;8000;Transferencia
VEN00855;CLI155;10007;ABRAZADERA TITAN 29/32A1-3/8 40-16;Carlos Mario Hoyos;20/02/2025;10;2000;0;20000;8000;Efectivo
VEN00856;CLI146;11058;ACOPLE SANITARIO GRIVAL 40 CMS;Diana Tobón;15/04/2025;1;2000;0;2000;800;Tarjeta
VEN00857;CLI290;10001;ABRAZADERA 1/2 ECONOMICA;Milena Restrepo;14/04/2026;10;2000;0;20000;8000;Efectivo
VEN00858;CLI124;10001;ABRAZADERA 1/2 ECONOMICA;Carlos Mario Hoyos;1/06/2025;10;2000;0;20000;8000;Transferencia
VEN00859;CLI125;10878;ADAPTADOR HEMBRA 1/2 X 16MM PE AL PE;Milena Restrepo;13/03/2026;3;10800;0;32400;28800;Transferencia
VEN00860;CLI246;10058;ALAMBRE CENTELSA N 14 VERDE;Diana Tobón;12/01/2026;2;2000;0;4000;1600;Tarjeta
VEN00861;CLI194;11697;"ADAPTADOR HEMBRA DE 1"" PVC LEO";Carlos Mario Hoyos;24/02/2025;5;2000;0;10000;4000;Transferencia
VEN00862;CLI189;10053;ALAMBRE CENTELSA N 14 AMARILLO;Milena Restrepo;21/08/2025;10;2000;0;20000;8000;Efectivo
VEN00863;CLI056;10055;ALAMBRE CENTELSA N 14 BLANCO;Carlos Mario Hoyos;7/03/2025;5;2000;500;9500;3500;Transferencia
VEN00864;CLI076;12177;AGUJAS PISTOLA PINTAR;Andrés Cardona;27/11/2025;3;2000;0;6000;2400;Tarjeta
VEN00865;CLI116;10032;ALAMBRE PUA  C14 X 350MT CORSAN;Andrés Cardona;8/06/2025;3;2000;300;5700;2100;Tarjeta
VEN00866;CLI187;10014;ABRAZADERA TITAN 2-3/8A3-1/8  40-44;Andrés Cardona;14/07/2025;5;2000;0;10000;4000;Efectivo
VEN00867;CLI273;10029;AEROGRAFO X 125 ML CHORRO DSF-1505 K3;Diana Tobón;2/08/2025;10;2000;0;20000;8000;Tarjeta
VEN00868;CLI188;10047;ALAMBRE CENTELSA N 12 AMARILLO;Andrés Cardona;5/02/2026;10;2000;0;20000;8000;Transferencia
VEN00869;CLI286;11830;ALQUITRAN POR KILO;Andrés Cardona;1/05/2026;3;2000;0;6000;2400;Transferencia
VEN00870;CLI262;11699;ADAPTADOR HEMBRA DE 3/4 PVC LEO;Milena Restrepo;23/12/2025;1;2000;0;2000;800;Transferencia
VEN00871;CLI132;10014;ABRAZADERA TITAN 2-3/8A3-1/8  40-44;Andrés Cardona;20/03/2025;5;2000;0;10000;4000;Efectivo
VEN00872;CLI232;12241;ACOPLE SAMURAY CAUCHO ECONOMICO;Diana Tobón;4/02/2026;5;2000;0;10000;4000;Transferencia
VEN00873;CLI045;10042;ALAMBRE CENTELSA N 10 AZUL;Carlos Mario Hoyos;25/05/2025;1;2000;100;1900;700;Transferencia
VEN00874;CLI137;10055;ALAMBRE CENTELSA N 14 BLANCO;Milena Restrepo;18/03/2025;5;2000;0;10000;4000;Efectivo
VEN00875;CLI159;11704;"ADAPTADOR MACHO DE 2"" PVC LEO";Carlos Mario Hoyos;19/02/2025;5;2000;0;10000;4000;Efectivo
VEN00876;CLI240;11943;AGUA STOP PLASTGRIFOS;Andrés Cardona;19/05/2025;10;2000;0;20000;8000;Tarjeta
VEN00877;CLI061;10055;ALAMBRE CENTELSA N 14 BLANCO;Carlos Mario Hoyos;14/02/2025;5;2000;0;10000;4000;Transferencia
VEN00878;CLI009;10051;ALAMBRE CENTELSA N 12 ROJO;Diana Tobón;4/05/2025;3;2000;300;5700;2100;Tarjeta
VEN00879;CLI299;10003;ABRAZADERA TITAN 5/16A5/8 - 3/8  10-04;Andrés Cardona;23/04/2025;1;2000;0;2000;800;Transferencia
VEN00880;CLI224;12240;ACOPLE PASTA SAMURAY ECONOMICO;Andrés Cardona;18/07/2025;5;2000;0;10000;4000;Transferencia
VEN00881;CLI181;10021;ACOPLE LAVAMANOS GRIPLAS;Diana Tobón;2/08/2025;1;2000;0;2000;800;Tarjeta
VEN00882;CLI148;10045;ALAMBRE CENTELSA N 10 ROJO;Milena Restrepo;31/05/2025;10;2000;0;20000;8000;Transferencia
VEN00883;CLI055;10035;ALAMBRE CENTELSA N  8 AMARILLO;Diana Tobón;22/01/2026;1;2000;0;2000;800;Transferencia
VEN00884;CLI279;10058;ALAMBRE CENTELSA N 14 VERDE;Andrés Cardona;2/11/2025;2;2000;200;3800;1400;Efectivo
VEN00885;CLI094;10050;ALAMBRE CENTELSA N 12 NEGRO;Diana Tobón;24/09/2025;1;2000;0;2000;800;Efectivo
VEN00886;CLI101;11941;AGUA STOP AHORRADOR PLASTIG;Carlos Mario Hoyos;4/06/2025;5;2000;0;10000;4000;Tarjeta
VEN00887;CLI206;12178;ACOPLE RAPIDO PISTOLA PINTAR JUEGO X 5;Milena Restrepo;29/06/2025;3;2000;0;6000;2400;Tarjeta
VEN00888;CLI246;11057;ACOPLE LAVAMANOS GRIVAL 40CMS;Milena Restrepo;27/04/2026;10;2000;0;20000;8000;Efectivo
VEN00889;CLI275;11702;"ADAPTADOR MACHO DE 1"" LEO";Andrés Cardona;27/03/2025;1;2000;0;2000;800;Efectivo
VEN00890;CLI229;10025;ACRONAL  DE 1/4;Andrés Cardona;12/01/2025;5;2000;0;10000;4000;Efectivo
VEN00891;CLI017;10055;ALAMBRE CENTELSA N 14 BLANCO;Andrés Cardona;24/06/2025;2;2000;0;4000;1600;Tarjeta
VEN00892;CLI263;11696;ADAPTADOR PVC ALARGE 1/2 X 3/8;Andrés Cardona;3/02/2026;1;2000;0;2000;800;Transferencia
VEN00893;CLI062;10052;ALAMBRE CENTELSA N 12 VERDE;Carlos Mario Hoyos;25/12/2025;1;2000;0;2000;800;Tarjeta
VEN00894;CLI062;10013;ABRAZADERA TITAN 23/8A31/8  40-40;Andrés Cardona;29/10/2025;1;2000;0;2000;800;Efectivo
VEN00895;CLI050;11059;AGUA STOP CAUCHO GRIVAL;Carlos Mario Hoyos;11/02/2025;1;2000;0;2000;800;Efectivo
VEN00896;CLI143;10011;ABRAZADERA TITAN 13/4A21/2  40-32;Carlos Mario Hoyos;15/08/2025;5;2000;0;10000;4000;Transferencia
VEN00897;CLI060;10007;ABRAZADERA TITAN 29/32A1-3/8 40-16;Andrés Cardona;19/10/2025;1;2000;0;2000;800;Tarjeta
VEN00898;CLI174;10032;ALAMBRE PUA  C14 X 350MT CORSAN;Diana Tobón;31/07/2025;1;2000;0;2000;800;Tarjeta
VEN00899;CLI163;10015;ABRAZADERA TITAN 31/2A45/16 40-56;Andrés Cardona;18/03/2025;10;2000;1000;19000;7000;Transferencia
VEN00900;CLI242;11059;AGUA STOP CAUCHO GRIVAL;Andrés Cardona;9/08/2025;1;2000;0;2000;800;Transferencia
VEN00901;CLI141;11941;AGUA STOP AHORRADOR PLASTIG;Andrés Cardona;16/10/2025;5;2000;0;10000;4000;Efectivo
VEN00902;CLI113;10035;ALAMBRE CENTELSA N  8 AMARILLO;Diana Tobón;4/02/2026;3;2000;600;5400;1800;Tarjeta
VEN00903;CLI176;10010;ABRAZADERA TITAN 11/4A2 40-28;Carlos Mario Hoyos;31/01/2025;3;2000;0;6000;2400;Tarjeta
VEN00904;CLI103;11700;"ADAPTADOR MACHO DE 1/2"" PVC LEO";Diana Tobón;12/03/2025;1;2000;0;2000;800;Transferencia
VEN00905;CLI097;12177;AGUJAS PISTOLA PINTAR;Milena Restrepo;8/03/2026;2;2000;0;4000;1600;Transferencia
VEN00906;CLI262;11685;ACOPLE CAUCHO SUELTO LICUADORA OSTER;Diana Tobón;20/09/2025;2;2000;0;4000;1600;Transferencia
VEN00907;CLI102;10004;ABRAZADERA TITAN 7/16A25/32 - 1/2 10-06;Andrés Cardona;14/04/2025;1;2000;0;2000;800;Transferencia
VEN00908;CLI024;10017;ACEITE USA1 X 70 CC;Carlos Mario Hoyos;17/07/2025;5;2000;500;9500;3500;Efectivo
VEN00909;CLI281;12242;ACOPLE SAMURAY PREMIER AMARILLO;Diana Tobón;2/02/2025;1;2000;100;1900;700;Transferencia
VEN00910;CLI022;10015;ABRAZADERA TITAN 31/2A45/16 40-56;Andrés Cardona;10/04/2025;10;2000;1000;19000;7000;Tarjeta
VEN00911;CLI300;10039;ALAMBRE CENTELSA N  8 ROJO;Carlos Mario Hoyos;22/08/2025;10;2000;0;20000;8000;Tarjeta
VEN00912;CLI261;11698;"ADAPTADOR HEMBRA  1/2"" LEO PRECION";Milena Restrepo;17/04/2025;3;2000;0;6000;2400;Transferencia
VEN00913;CLI150;12595;ADAPTADOR DE 1 EMT;Milena Restrepo;30/11/2025;2;2000;0;4000;1600;Tarjeta
VEN00914;CLI297;10043;ALAMBRE CENTELSA N 10 BLANCO;Carlos Mario Hoyos;19/05/2025;3;2000;0;6000;2400;Efectivo
VEN00915;CLI207;10032;ALAMBRE PUA  C14 X 350MT CORSAN;Andrés Cardona;15/08/2025;1;2000;0;2000;800;Transferencia
VEN00916;CLI285;12177;AGUJAS PISTOLA PINTAR;Diana Tobón;27/01/2026;5;2000;0;10000;4000;Efectivo
VEN00917;CLI047;10006;ABRAZADERA TITAN 3/4A1 40-12;Carlos Mario Hoyos;26/01/2026;2;2000;0;4000;1600;Transferencia
VEN00918;CLI042;10050;ALAMBRE CENTELSA N 12 NEGRO;Diana Tobón;22/01/2025;2;2000;0;4000;1600;Efectivo
VEN00919;CLI130;12177;AGUJAS PISTOLA PINTAR;Andrés Cardona;31/10/2025;2;2000;200;3800;1400;Transferencia
VEN00920;CLI217;11059;AGUA STOP CAUCHO GRIVAL;Andrés Cardona;28/08/2025;5;2000;500;9500;3500;Efectivo
VEN00921;CLI237;10004;ABRAZADERA TITAN 7/16A25/32 - 1/2 10-06;Diana Tobón;12/04/2026;10;2000;0;20000;8000;Transferencia
VEN00922;CLI134;11060;AGUA STOP PASTA GRIVAL;Milena Restrepo;10/04/2025;1;2000;100;1900;700;Efectivo
VEN00923;CLI292;10062;ALICATE 8 NARANJA DSF-6050;Diana Tobón;15/02/2026;5;2000;0;10000;4000;Efectivo
VEN00924;CLI027;10017;ACEITE USA1 X 70 CC;Milena Restrepo;14/02/2025;1;2000;0;2000;800;Efectivo
VEN00925;CLI186;12240;ACOPLE PASTA SAMURAY ECONOMICO;Carlos Mario Hoyos;6/05/2026;5;2000;500;9500;3500;Tarjeta
VEN00926;CLI201;10046;ALAMBRE CENTELSA N 10 VERDE;Carlos Mario Hoyos;15/03/2025;1;2000;0;2000;800;Efectivo
VEN00927;CLI187;10084;AGUAMONIACO  FRASCO X 480;Milena Restrepo;4/02/2025;10;3800;0;38000;26000;Tarjeta
VEN00928;CLI241;10063;ALICATE FOCCI 8,5 DSF-1684;Carlos Mario Hoyos;22/09/2025;10;2000;0;20000;8000;Efectivo
VEN00929;CLI203;10028;AEROGRAFO LAPICERO X 4 HOPEX PROFESI;Carlos Mario Hoyos;27/04/2026;1;2000;0;2000;800;Transferencia
VEN00930;CLI181;11059;AGUA STOP CAUCHO GRIVAL;Andrés Cardona;31/07/2025;3;2000;0;6000;2400;Transferencia
VEN00931;CLI033;10001;ABRAZADERA 1/2 ECONOMICA;Diana Tobón;2/05/2025;10;2000;0;20000;8000;Efectivo
VEN00932;CLI166;12597;ADAPTADOR DE 3/4 EMT;Milena Restrepo;31/07/2025;10;2000;0;20000;8000;Tarjeta
VEN00933;CLI256;10986;AGUA STOP ARGOLLA GERFOR 581140;Carlos Mario Hoyos;24/08/2025;10;2000;0;20000;8000;Transferencia
VEN00934;CLI058;11704;"ADAPTADOR MACHO DE 2"" PVC LEO";Milena Restrepo;17/07/2025;5;2000;0;10000;4000;Tarjeta
VEN00935;CLI266;10007;ABRAZADERA TITAN 29/32A1-3/8 40-16;Carlos Mario Hoyos;25/10/2025;5;2000;500;9500;3500;Efectivo
VEN00936;CLI059;10019;ACOPLE LAVAMANO CORTO  CARDENAS;Milena Restrepo;15/07/2025;5;2000;0;10000;4000;Efectivo
VEN00937;CLI206;10057;ALAMBRE CENTELSA N 14 ROJO;Milena Restrepo;8/10/2025;2;2000;0;4000;1600;Efectivo
VEN00938;CLI146;10023;ACOPLE SANITARIO CORTO CARDENAS;Carlos Mario Hoyos;30/03/2025;1;2000;100;1900;700;Transferencia
VEN00939;CLI276;11703;"ADAPTADOR MACHO DE 11/2"" PVC LEO";Diana Tobón;21/08/2025;3;2000;0;6000;2400;Tarjeta
VEN00940;CLI154;10013;ABRAZADERA TITAN 23/8A31/8  40-40;Carlos Mario Hoyos;1/06/2025;1;2000;0;2000;800;Tarjeta
VEN00941;CLI110;10041;ALAMBRE CENTELSA N 10 AMARILLO;Diana Tobón;26/03/2025;2;2000;200;3800;1400;Efectivo
VEN00942;CLI014;10042;ALAMBRE CENTELSA N 10 AZUL;Andrés Cardona;8/01/2026;10;2000;0;20000;8000;Tarjeta
VEN00943;CLI014;11699;ADAPTADOR HEMBRA DE 3/4 PVC LEO;Milena Restrepo;2/04/2025;5;2000;0;10000;4000;Transferencia
VEN00944;CLI016;11060;AGUA STOP PASTA GRIVAL;Andrés Cardona;8/05/2026;3;2000;0;6000;2400;Transferencia
VEN00945;CLI236;10059;ALCOHOL INDUSTRIAL X 500;Carlos Mario Hoyos;16/03/2025;1;2000;0;2000;800;Efectivo
VEN00946;CLI128;10002;ABRAZADERA TITAN 5/16-15/32 10-00;Diana Tobón;22/05/2025;2;2000;0;4000;1600;Transferencia
VEN00947;CLI110;10017;ACEITE USA1 X 70 CC;Andrés Cardona;13/05/2026;10;2000;0;20000;8000;Tarjeta
VEN00948;CLI108;11830;ALQUITRAN POR KILO;Carlos Mario Hoyos;10/04/2025;1;2000;0;2000;800;Transferencia
VEN00949;CLI233;11701;"ADAPTADOR MACHO DE 3/4"" PVC LEO";Andrés Cardona;20/08/2025;3;2000;0;6000;2400;Transferencia
VEN00950;CLI238;10032;ALAMBRE PUA  C14 X 350MT CORSAN;Diana Tobón;20/08/2025;3;2000;0;6000;2400;Transferencia
VEN00951;CLI197;10005;ABRAZADERA TITAN 1/2A3/4  40-06;Carlos Mario Hoyos;8/04/2025;2;2000;0;4000;1600;Efectivo
VEN00952;CLI199;10030;AEROGRAFO X 150 ML ABANICO HOPEX F2;Carlos Mario Hoyos;15/05/2026;5;2000;500;9500;3500;Tarjeta
VEN00953;CLI275;11942;AGUA STOP CAUCHO GRIPLAS;Carlos Mario Hoyos;4/07/2025;1;2000;100;1900;700;Transferencia
VEN00954;CLI083;11685;ACOPLE CAUCHO SUELTO LICUADORA OSTER;Andrés Cardona;29/05/2025;5;2000;0;10000;4000;Tarjeta
VEN00955;CLI165;10013;ABRAZADERA TITAN 23/8A31/8  40-40;Diana Tobón;4/04/2025;1;2000;0;2000;800;Tarjeta
VEN00956;CLI104;10011;ABRAZADERA TITAN 13/4A21/2  40-32;Milena Restrepo;15/03/2026;5;2000;0;10000;4000;Transferencia
VEN00957;CLI243;10049;ALAMBRE CENTELSA N 12 BLANCO;Carlos Mario Hoyos;26/07/2025;1;2000;0;2000;800;Efectivo
VEN00958;CLI056;11057;ACOPLE LAVAMANOS GRIVAL 40CMS;Milena Restrepo;23/04/2025;2;2000;0;4000;1600;Transferencia
VEN00959;CLI069;10052;ALAMBRE CENTELSA N 12 VERDE;Carlos Mario Hoyos;2/03/2026;2;2000;0;4000;1600;Tarjeta
VEN00960;CLI212;11942;AGUA STOP CAUCHO GRIPLAS;Milena Restrepo;21/12/2025;5;2000;1000;9000;3000;Transferencia
VEN00961;CLI134;11703;"ADAPTADOR MACHO DE 11/2"" PVC LEO";Milena Restrepo;26/02/2025;3;2000;300;5700;2100;Transferencia
VEN00962;CLI025;10019;ACOPLE LAVAMANO CORTO  CARDENAS;Milena Restrepo;24/03/2025;10;2000;0;20000;8000;Transferencia
VEN00963;CLI039;10021;ACOPLE LAVAMANOS GRIPLAS;Carlos Mario Hoyos;21/03/2025;2;2000;0;4000;1600;Efectivo
VEN00964;CLI194;11941;AGUA STOP AHORRADOR PLASTIG;Diana Tobón;25/04/2026;1;2000;0;2000;800;Transferencia
VEN00965;CLI096;11699;ADAPTADOR HEMBRA DE 3/4 PVC LEO;Milena Restrepo;23/09/2025;2;2000;0;4000;1600;Efectivo
VEN00966;CLI127;10084;AGUAMONIACO  FRASCO X 480;Carlos Mario Hoyos;24/06/2025;10;3800;0;38000;26000;Transferencia
VEN00967;CLI071;10006;ABRAZADERA TITAN 3/4A1 40-12;Milena Restrepo;22/03/2025;10;2000;0;20000;8000;Efectivo
VEN00968;CLI235;11701;"ADAPTADOR MACHO DE 3/4"" PVC LEO";Carlos Mario Hoyos;6/01/2025;3;2000;600;5400;1800;Transferencia
VEN00969;CLI210;11943;AGUA STOP PLASTGRIFOS;Andrés Cardona;8/05/2026;3;2000;0;6000;2400;Transferencia
VEN00970;CLI110;10032;ALAMBRE PUA  C14 X 350MT CORSAN;Milena Restrepo;24/09/2025;3;2000;0;6000;2400;Tarjeta
VEN00971;CLI010;10064;ALICATE STANLEY N 8 84-023;Diana Tobón;4/03/2025;2;2000;0;4000;1600;Transferencia
VEN00972;CLI073;10019;ACOPLE LAVAMANO CORTO  CARDENAS;Milena Restrepo;28/04/2025;2;2000;0;4000;1600;Transferencia
VEN00973;CLI117;10037;ALAMBRE CENTELSA N  8 BLANCO;Andrés Cardona;20/04/2025;3;2000;0;6000;2400;Transferencia
VEN00974;CLI266;12596;ADAPTADOR DE 1/2 EMT;Andrés Cardona;12/03/2025;10;2000;0;20000;8000;Transferencia
VEN00975;CLI070;10057;ALAMBRE CENTELSA N 14 ROJO;Andrés Cardona;17/07/2025;5;2000;0;10000;4000;Transferencia
VEN00976;CLI029;10027;AEROGRAFO F75 400 ML DSF-1499;Carlos Mario Hoyos;6/03/2026;3;2000;0;6000;2400;Transferencia
VEN00977;CLI167;11701;"ADAPTADOR MACHO DE 3/4"" PVC LEO";Carlos Mario Hoyos;29/08/2025;2;2000;0;4000;1600;Transferencia
VEN00978;CLI277;11060;AGUA STOP PASTA GRIVAL;Milena Restrepo;8/12/2025;10;2000;0;20000;8000;Efectivo
VEN00979;CLI113;10060;ALICATE  BICOLOR N 8;Andrés Cardona;27/05/2025;1;2000;0;2000;800;Efectivo
VEN00980;CLI256;12596;ADAPTADOR DE 1/2 EMT;Diana Tobón;6/02/2026;5;2000;0;10000;4000;Transferencia
VEN00981;CLI134;10027;AEROGRAFO F75 400 ML DSF-1499;Milena Restrepo;20/03/2025;5;2000;0;10000;4000;Tarjeta
VEN00982;CLI098;12242;ACOPLE SAMURAY PREMIER AMARILLO;Milena Restrepo;19/10/2025;5;2000;0;10000;4000;Transferencia
VEN00983;CLI257;10060;ALICATE  BICOLOR N 8;Diana Tobón;29/08/2025;10;2000;0;20000;8000;Tarjeta
VEN00984;CLI229;10062;ALICATE 8 NARANJA DSF-6050;Andrés Cardona;9/08/2025;2;2000;200;3800;1400;Transferencia
VEN00985;CLI224;10018;ACIDO CORRIENTE X 480;Andrés Cardona;5/04/2026;2;2000;0;4000;1600;Transferencia
VEN00986;CLI126;10055;ALAMBRE CENTELSA N 14 BLANCO;Diana Tobón;10/10/2025;10;2000;1000;19000;7000;Efectivo
VEN00987;CLI039;12240;ACOPLE PASTA SAMURAY ECONOMICO;Andrés Cardona;7/01/2025;10;2000;0;20000;8000;Tarjeta
VEN00988;CLI224;12241;ACOPLE SAMURAY CAUCHO ECONOMICO;Carlos Mario Hoyos;12/03/2026;1;2000;0;2000;800;Transferencia
VEN00989;CLI022;12188;ACOPLE RAPIDO PISTOLA X 2 DORADO DSF-6035;Andrés Cardona;2/01/2025;2;2000;0;4000;1600;Transferencia
VEN00990;CLI287;10033;ALAMBRE PUA C16 X 200MT CORSAN;Milena Restrepo;27/12/2025;1;2000;100;1900;700;Transferencia
VEN00991;CLI270;10016;ACEITE USA1 X 30 CC;Carlos Mario Hoyos;15/01/2025;10;2000;0;20000;8000;Transferencia
VEN00992;CLI058;10016;ACEITE USA1 X 30 CC;Andrés Cardona;29/03/2025;3;2000;0;6000;2400;Tarjeta
VEN00993;CLI276;10001;ABRAZADERA 1/2 ECONOMICA;Milena Restrepo;25/07/2025;2;2000;0;4000;1600;Efectivo
VEN00994;CLI246;10009;ABRAZADERA TITAN 11/8A17/8  40-24;Carlos Mario Hoyos;26/06/2025;2;2000;0;4000;1600;Tarjeta
VEN00995;CLI175;11072;ACOPLE SANITARIO GRIVAL LARGO 55;Milena Restrepo;1/06/2025;3;2000;0;6000;2400;Efectivo
VEN00996;CLI133;10048;ALAMBRE CENTELSA N 12 AZUL;Andrés Cardona;17/07/2025;3;2000;0;6000;2400;Tarjeta
VEN00997;CLI223;10008;ABRAZADERA TITAN 1A19/16 40-20;Carlos Mario Hoyos;12/02/2026;1;2000;100;1900;700;Efectivo
VEN00998;CLI049;10035;ALAMBRE CENTELSA N  8 AMARILLO;Carlos Mario Hoyos;13/05/2026;5;2000;0;10000;4000;Efectivo
VEN00999;CLI270;10048;ALAMBRE CENTELSA N 12 AZUL;Milena Restrepo;2/03/2025;1;2000;0;2000;800;Transferencia
VEN01000;CLI044;11697;"ADAPTADOR HEMBRA DE 1"" PVC LEO";Diana Tobón;20/01/2025;5;2000;0;10000;4000;Transferencia
VEN01001;CLI218;10062;ALICATE 8 NARANJA DSF-6050;Carlos Mario Hoyos;29/03/2026;3;2000;0;6000;2400;Tarjeta
VEN01002;CLI044;11685;ACOPLE CAUCHO SUELTO LICUADORA OSTER;Carlos Mario Hoyos;26/07/2025;5;2000;0;10000;4000;Efectivo
VEN01003;CLI180;10038;ALAMBRE CENTELSA N  8 NEGRO;Milena Restrepo;3/09/2025;5;2000;0;10000;4000;Tarjeta
VEN01004;CLI130;10001;ABRAZADERA 1/2 ECONOMICA;Milena Restrepo;20/03/2025;1;2000;200;1800;600;Transferencia
VEN01005;CLI206;10035;ALAMBRE CENTELSA N  8 AMARILLO;Milena Restrepo;9/03/2025;1;2000;0;2000;800;Transferencia
VEN01006;CLI113;10056;ALAMBRE CENTELSA N 14 NEGRO;Andrés Cardona;6/07/2025;1;2000;0;2000;800;Efectivo
VEN01007;CLI148;11697;"ADAPTADOR HEMBRA DE 1"" PVC LEO";Milena Restrepo;2/05/2026;5;2000;0;10000;4000;Transferencia
VEN01008;CLI148;10036;ALAMBRE CENTELSA N  8 AZUL;Andrés Cardona;29/10/2025;1;2000;0;2000;800;Tarjeta
VEN01009;CLI020;10026;ACRONAL  DE GALON;Milena Restrepo;9/01/2025;10;2000;0;20000;8000;Transferencia
VEN01010;CLI247;10010;ABRAZADERA TITAN 11/4A2 40-28;Carlos Mario Hoyos;20/04/2026;10;2000;0;20000;8000;Efectivo
VEN01011;CLI039;10016;ACEITE USA1 X 30 CC;Diana Tobón;28/03/2026;1;2000;0;2000;800;Transferencia
VEN01012;CLI108;10025;ACRONAL  DE 1/4;Milena Restrepo;23/02/2025;2;2000;0;4000;1600;Efectivo
VEN01013;CLI154;10006;ABRAZADERA TITAN 3/4A1 40-12;Milena Restrepo;7/07/2025;3;2000;0;6000;2400;Transferencia
VEN01014;CLI262;10048;ALAMBRE CENTELSA N 12 AZUL;Milena Restrepo;15/09/2025;1;2000;0;2000;800;Transferencia
VEN01015;CLI281;10028;AEROGRAFO LAPICERO X 4 HOPEX PROFESI;Andrés Cardona;21/06/2025;10;2000;0;20000;8000;Efectivo
VEN01016;CLI123;12595;ADAPTADOR DE 1 EMT;Diana Tobón;14/03/2025;5;2000;0;10000;4000;Efectivo
VEN01017;CLI101;12188;ACOPLE RAPIDO PISTOLA X 2 DORADO DSF-6035;Andrés Cardona;23/10/2025;3;2000;0;6000;2400;Efectivo
VEN01018;CLI025;10007;ABRAZADERA TITAN 29/32A1-3/8 40-16;Milena Restrepo;22/04/2025;10;2000;0;20000;8000;Transferencia
VEN01019;CLI014;12596;ADAPTADOR DE 1/2 EMT;Carlos Mario Hoyos;30/09/2025;5;2000;0;10000;4000;Tarjeta
VEN01020;CLI030;10031;ALAMBRE PUA C 14 X 500MT;Milena Restrepo;28/09/2025;3;2000;600;5400;1800;Transferencia
VEN01021;CLI048;10878;ADAPTADOR HEMBRA 1/2 X 16MM PE AL PE;Andrés Cardona;16/10/2025;5;10800;0;54000;48000;Transferencia
VEN01022;CLI087;10049;ALAMBRE CENTELSA N 12 BLANCO;Andrés Cardona;13/05/2025;2;2000;0;4000;1600;Transferencia
VEN01023;CLI285;12597;ADAPTADOR DE 3/4 EMT;Andrés Cardona;6/01/2025;1;2000;100;1900;700;Transferencia
VEN01024;CLI063;10041;ALAMBRE CENTELSA N 10 AMARILLO;Milena Restrepo;2/05/2026;3;2000;0;6000;2400;Tarjeta
VEN01025;CLI240;10036;ALAMBRE CENTELSA N  8 AZUL;Milena Restrepo;22/03/2026;3;2000;0;6000;2400;Tarjeta
VEN01026;CLI201;10055;ALAMBRE CENTELSA N 14 BLANCO;Milena Restrepo;24/01/2025;2;2000;0;4000;1600;Tarjeta
VEN01027;CLI289;10057;ALAMBRE CENTELSA N 14 ROJO;Milena Restrepo;4/09/2025;5;2000;0;10000;4000;Tarjeta
VEN01028;CLI062;11699;ADAPTADOR HEMBRA DE 3/4 PVC LEO;Milena Restrepo;1/04/2026;5;2000;0;10000;4000;Efectivo
VEN01029;CLI010;11059;AGUA STOP CAUCHO GRIVAL;Milena Restrepo;14/07/2025;5;2000;0;10000;4000;Tarjeta
VEN01030;CLI162;12242;ACOPLE SAMURAY PREMIER AMARILLO;Andrés Cardona;7/01/2026;1;2000;0;2000;800;Tarjeta
VEN01031;CLI239;11700;"ADAPTADOR MACHO DE 1/2"" PVC LEO";Milena Restrepo;17/01/2025;2;2000;400;3600;1200;Tarjeta
VEN01032;CLI190;12177;AGUJAS PISTOLA PINTAR;Milena Restrepo;15/02/2025;5;2000;0;10000;4000;Transferencia
VEN01033;CLI214;10064;ALICATE STANLEY N 8 84-023;Milena Restrepo;22/10/2025;3;2000;0;6000;2400;Efectivo
VEN01034;CLI163;11699;ADAPTADOR HEMBRA DE 3/4 PVC LEO;Milena Restrepo;1/02/2026;10;2000;0;20000;8000;Tarjeta
VEN01035;CLI158;10064;ALICATE STANLEY N 8 84-023;Milena Restrepo;24/02/2026;10;2000;1000;19000;7000;Efectivo
VEN01036;CLI107;10041;ALAMBRE CENTELSA N 10 AMARILLO;Carlos Mario Hoyos;8/03/2026;5;2000;0;10000;4000;Efectivo
VEN01037;CLI042;11059;AGUA STOP CAUCHO GRIVAL;Carlos Mario Hoyos;27/01/2025;3;2000;0;6000;2400;Efectivo
VEN01038;CLI138;10026;ACRONAL  DE GALON;Andrés Cardona;23/07/2025;1;2000;0;2000;800;Transferencia
VEN01039;CLI004;10059;ALCOHOL INDUSTRIAL X 500;Diana Tobón;26/12/2025;10;2000;1000;19000;7000;Transferencia
VEN01040;CLI246;10017;ACEITE USA1 X 70 CC;Milena Restrepo;31/08/2025;5;2000;0;10000;4000;Efectivo
VEN01041;CLI040;10003;ABRAZADERA TITAN 5/16A5/8 - 3/8  10-04;Andrés Cardona;6/01/2026;1;2000;0;2000;800;Tarjeta
VEN01042;CLI181;10036;ALAMBRE CENTELSA N  8 AZUL;Milena Restrepo;30/01/2025;5;2000;0;10000;4000;Tarjeta
VEN01043;CLI190;12240;ACOPLE PASTA SAMURAY ECONOMICO;Carlos Mario Hoyos;28/03/2025;10;2000;0;20000;8000;Tarjeta
VEN01044;CLI268;10016;ACEITE USA1 X 30 CC;Milena Restrepo;13/12/2025;3;2000;0;6000;2400;Transferencia
VEN01045;CLI207;10047;ALAMBRE CENTELSA N 12 AMARILLO;Carlos Mario Hoyos;11/03/2026;2;2000;400;3600;1200;Tarjeta
VEN01046;CLI276;10050;ALAMBRE CENTELSA N 12 NEGRO;Andrés Cardona;19/04/2025;2;2000;200;3800;1400;Transferencia
VEN01047;CLI195;10063;ALICATE FOCCI 8,5 DSF-1684;Diana Tobón;11/06/2025;2;2000;0;4000;1600;Tarjeta
VEN01048;CLI114;10053;ALAMBRE CENTELSA N 14 AMARILLO;Diana Tobón;1/07/2025;10;2000;0;20000;8000;Transferencia
VEN01049;CLI132;10879;ADAPTADOR MACHO 1/2 X 16MM PE AL PE;Diana Tobón;22/03/2025;10;2000;0;20000;8000;Tarjeta
VEN01050;CLI271;10057;ALAMBRE CENTELSA N 14 ROJO;Carlos Mario Hoyos;28/03/2026;2;2000;0;4000;1600;Transferencia
VEN01051;CLI087;10064;ALICATE STANLEY N 8 84-023;Milena Restrepo;26/01/2025;5;2000;0;10000;4000;Efectivo
VEN01052;CLI148;10031;ALAMBRE PUA C 14 X 500MT;Carlos Mario Hoyos;18/04/2025;5;2000;0;10000;4000;Transferencia
VEN01053;CLI042;10053;ALAMBRE CENTELSA N 14 AMARILLO;Diana Tobón;23/02/2026;1;2000;100;1900;700;Tarjeta
VEN01054;CLI210;11072;ACOPLE SANITARIO GRIVAL LARGO 55;Andrés Cardona;29/01/2025;2;2000;0;4000;1600;Transferencia
VEN01055;CLI019;10028;AEROGRAFO LAPICERO X 4 HOPEX PROFESI;Diana Tobón;1/03/2025;5;2000;500;9500;3500;Tarjeta
VEN01056;CLI118;10049;ALAMBRE CENTELSA N 12 BLANCO;Andrés Cardona;29/07/2025;1;2000;200;1800;600;Efectivo
VEN01057;CLI210;11058;ACOPLE SANITARIO GRIVAL 40 CMS;Milena Restrepo;8/08/2025;1;2000;0;2000;800;Efectivo
VEN01058;CLI158;10021;ACOPLE LAVAMANOS GRIPLAS;Carlos Mario Hoyos;30/12/2025;1;2000;0;2000;800;Efectivo
VEN01059;CLI045;10004;ABRAZADERA TITAN 7/16A25/32 - 1/2 10-06;Carlos Mario Hoyos;25/08/2025;5;2000;0;10000;4000;Tarjeta
VEN01060;CLI274;11701;"ADAPTADOR MACHO DE 3/4"" PVC LEO";Carlos Mario Hoyos;23/02/2026;5;2000;0;10000;4000;Tarjeta
VEN01061;CLI216;10025;ACRONAL  DE 1/4;Diana Tobón;3/05/2026;5;2000;0;10000;4000;Tarjeta
VEN01062;CLI241;10038;ALAMBRE CENTELSA N  8 NEGRO;Milena Restrepo;14/04/2025;2;2000;0;4000;1600;Transferencia
VEN01063;CLI025;10027;AEROGRAFO F75 400 ML DSF-1499;Carlos Mario Hoyos;12/02/2025;10;2000;0;20000;8000;Tarjeta
VEN01064;CLI171;11702;"ADAPTADOR MACHO DE 1"" LEO";Milena Restrepo;17/05/2025;3;2000;0;6000;2400;Transferencia
VEN01065;CLI161;11072;ACOPLE SANITARIO GRIVAL LARGO 55;Andrés Cardona;22/09/2025;10;2000;0;20000;8000;Transferencia
VEN01066;CLI046;11703;"ADAPTADOR MACHO DE 11/2"" PVC LEO";Andrés Cardona;7/03/2026;2;2000;0;4000;1600;Efectivo
VEN01067;CLI095;10037;ALAMBRE CENTELSA N  8 BLANCO;Andrés Cardona;29/11/2025;2;2000;0;4000;1600;Transferencia
VEN01068;CLI017;10001;ABRAZADERA 1/2 ECONOMICA;Milena Restrepo;5/06/2025;3;2000;0;6000;2400;Tarjeta
VEN01069;CLI136;10006;ABRAZADERA TITAN 3/4A1 40-12;Diana Tobón;24/01/2025;1;2000;0;2000;800;Tarjeta
VEN01070;CLI169;10046;ALAMBRE CENTELSA N 10 VERDE;Diana Tobón;28/02/2025;5;2000;500;9500;3500;Transferencia
VEN01071;CLI281;11704;"ADAPTADOR MACHO DE 2"" PVC LEO";Carlos Mario Hoyos;21/06/2025;3;2000;0;6000;2400;Efectivo
VEN01072;CLI075;10057;ALAMBRE CENTELSA N 14 ROJO;Milena Restrepo;14/01/2026;1;2000;0;2000;800;Tarjeta
VEN01073;CLI157;12187;ACOPLE RAPIDO PISTOLA PINTAR;Andrés Cardona;21/06/2025;3;2000;0;6000;2400;Transferencia
VEN01074;CLI163;10036;ALAMBRE CENTELSA N  8 AZUL;Carlos Mario Hoyos;1/03/2025;1;2000;100;1900;700;Tarjeta
VEN01075;CLI113;11697;"ADAPTADOR HEMBRA DE 1"" PVC LEO";Andrés Cardona;30/03/2026;2;2000;0;4000;1600;Efectivo
VEN01076;CLI289;12178;ACOPLE RAPIDO PISTOLA PINTAR JUEGO X 5;Andrés Cardona;24/05/2025;1;2000;100;1900;700;Efectivo
VEN01077;CLI222;12597;ADAPTADOR DE 3/4 EMT;Andrés Cardona;6/10/2025;10;2000;0;20000;8000;Transferencia
VEN01078;CLI107;10013;ABRAZADERA TITAN 23/8A31/8  40-40;Milena Restrepo;22/02/2026;3;2000;0;6000;2400;Tarjeta
VEN01079;CLI130;10735;ADAPTADOR DE ESPIGO A ROSCA DE 1/2;Andrés Cardona;27/11/2025;2;2000;0;4000;1600;Tarjeta
VEN01080;CLI056;10986;AGUA STOP ARGOLLA GERFOR 581140;Andrés Cardona;31/03/2025;1;2000;200;1800;600;Efectivo
VEN01081;CLI165;10054;ALAMBRE CENTELSA N 14 AZUL;Diana Tobón;13/01/2025;2;2000;0;4000;1600;Transferencia
VEN01082;CLI230;10034;ALAMBRE PUA C16 X 400MT CORSAN;Carlos Mario Hoyos;5/11/2025;1;2000;0;2000;800;Efectivo
VEN01083;CLI020;12177;AGUJAS PISTOLA PINTAR;Diana Tobón;1/01/2025;5;2000;0;10000;4000;Efectivo
VEN01084;CLI156;10017;ACEITE USA1 X 70 CC;Carlos Mario Hoyos;6/01/2026;10;2000;0;20000;8000;Tarjeta
VEN01085;CLI141;12596;ADAPTADOR DE 1/2 EMT;Diana Tobón;11/02/2025;2;2000;400;3600;1200;Transferencia
VEN01086;CLI009;11700;"ADAPTADOR MACHO DE 1/2"" PVC LEO";Diana Tobón;29/03/2025;1;2000;0;2000;800;Efectivo
VEN01087;CLI116;10064;ALICATE STANLEY N 8 84-023;Milena Restrepo;9/03/2025;10;2000;0;20000;8000;Transferencia
VEN01088;CLI126;11830;ALQUITRAN POR KILO;Diana Tobón;7/02/2026;10;2000;0;20000;8000;Efectivo
VEN01089;CLI002;10003;ABRAZADERA TITAN 5/16A5/8 - 3/8  10-04;Diana Tobón;8/04/2025;5;2000;0;10000;4000;Transferencia
VEN01090;CLI153;11830;ALQUITRAN POR KILO;Carlos Mario Hoyos;1/02/2025;1;2000;0;2000;800;Efectivo
VEN01091;CLI089;10028;AEROGRAFO LAPICERO X 4 HOPEX PROFESI;Carlos Mario Hoyos;21/01/2025;2;2000;0;4000;1600;Tarjeta
VEN01092;CLI222;10038;ALAMBRE CENTELSA N  8 NEGRO;Carlos Mario Hoyos;9/05/2025;3;2000;0;6000;2400;Efectivo
VEN01093;CLI264;12187;ACOPLE RAPIDO PISTOLA PINTAR;Diana Tobón;11/04/2025;10;2000;0;20000;8000;Efectivo
VEN01094;CLI211;10064;ALICATE STANLEY N 8 84-023;Andrés Cardona;16/09/2025;1;2000;100;1900;700;Efectivo
VEN01095;CLI223;12178;ACOPLE RAPIDO PISTOLA PINTAR JUEGO X 5;Diana Tobón;16/02/2026;10;2000;0;20000;8000;Tarjeta
VEN01096;CLI186;10022;ACOPLE SANITARIO CARDENAS LARGO;Carlos Mario Hoyos;24/02/2025;1;2000;0;2000;800;Transferencia
VEN01097;CLI231;10056;ALAMBRE CENTELSA N 14 NEGRO;Carlos Mario Hoyos;4/03/2026;1;2000;0;2000;800;Tarjeta
VEN01098;CLI284;10015;ABRAZADERA TITAN 31/2A45/16 40-56;Milena Restrepo;6/07/2025;2;2000;0;4000;1600;Transferencia
VEN01099;CLI078;12595;ADAPTADOR DE 1 EMT;Carlos Mario Hoyos;29/01/2026;2;2000;0;4000;1600;Transferencia
VEN01100;CLI089;11942;AGUA STOP CAUCHO GRIPLAS;Andrés Cardona;22/05/2025;3;2000;0;6000;2400;Transferencia
VEN01101;CLI258;11702;"ADAPTADOR MACHO DE 1"" LEO";Andrés Cardona;19/04/2025;1;2000;0;2000;800;Tarjeta
VEN01102;CLI026;10034;ALAMBRE PUA C16 X 400MT CORSAN;Milena Restrepo;22/05/2025;2;2000;0;4000;1600;Transferencia
VEN01103;CLI165;11942;AGUA STOP CAUCHO GRIPLAS;Andrés Cardona;26/04/2025;1;2000;200;1800;600;Efectivo
VEN01104;CLI109;11060;AGUA STOP PASTA GRIVAL;Carlos Mario Hoyos;28/03/2025;10;2000;0;20000;8000;Tarjeta
VEN01105;CLI132;10004;ABRAZADERA TITAN 7/16A25/32 - 1/2 10-06;Milena Restrepo;23/02/2026;3;2000;600;5400;1800;Efectivo
VEN01106;CLI145;10052;ALAMBRE CENTELSA N 12 VERDE;Diana Tobón;8/05/2025;1;2000;0;2000;800;Tarjeta
VEN01107;CLI219;10024;ACOPLE SANITARIO GRIPLAS;Carlos Mario Hoyos;16/04/2026;5;2000;0;10000;4000;Transferencia
VEN01108;CLI163;10051;ALAMBRE CENTELSA N 12 ROJO;Carlos Mario Hoyos;3/03/2026;5;2000;0;10000;4000;Efectivo
VEN01109;CLI166;10024;ACOPLE SANITARIO GRIPLAS;Diana Tobón;22/09/2025;1;2000;0;2000;800;Transferencia
VEN01110;CLI133;10019;ACOPLE LAVAMANO CORTO  CARDENAS;Carlos Mario Hoyos;28/06/2025;1;2000;0;2000;800;Transferencia
VEN01111;CLI020;10878;ADAPTADOR HEMBRA 1/2 X 16MM PE AL PE;Carlos Mario Hoyos;12/05/2025;10;10800;0;108000;96000;Tarjeta
VEN01112;CLI082;10046;ALAMBRE CENTELSA N 10 VERDE;Milena Restrepo;16/03/2026;1;2000;0;2000;800;Transferencia
VEN01113;CLI204;12177;AGUJAS PISTOLA PINTAR;Carlos Mario Hoyos;12/09/2025;5;2000;500;9500;3500;Transferencia
VEN01114;CLI138;10053;ALAMBRE CENTELSA N 14 AMARILLO;Andrés Cardona;12/01/2025;2;2000;0;4000;1600;Transferencia
VEN01115;CLI045;10878;ADAPTADOR HEMBRA 1/2 X 16MM PE AL PE;Carlos Mario Hoyos;10/05/2025;1;10800;0;10800;9600;Tarjeta
VEN01116;CLI282;11702;"ADAPTADOR MACHO DE 1"" LEO";Carlos Mario Hoyos;20/01/2026;5;2000;0;10000;4000;Transferencia
VEN01117;CLI047;12187;ACOPLE RAPIDO PISTOLA PINTAR;Milena Restrepo;7/03/2026;10;2000;0;20000;8000;Transferencia
VEN01118;CLI145;10060;ALICATE  BICOLOR N 8;Milena Restrepo;15/03/2026;10;2000;0;20000;8000;Tarjeta
VEN01119;CLI233;10041;ALAMBRE CENTELSA N 10 AMARILLO;Andrés Cardona;12/03/2026;1;2000;100;1900;700;Transferencia
VEN01120;CLI209;12177;AGUJAS PISTOLA PINTAR;Diana Tobón;12/07/2025;5;2000;0;10000;4000;Efectivo
VEN01121;CLI211;10053;ALAMBRE CENTELSA N 14 AMARILLO;Diana Tobón;3/01/2026;3;2000;300;5700;2100;Tarjeta
VEN01122;CLI253;10017;ACEITE USA1 X 70 CC;Carlos Mario Hoyos;18/02/2026;1;2000;0;2000;800;Transferencia
VEN01123;CLI261;11704;"ADAPTADOR MACHO DE 2"" PVC LEO";Diana Tobón;14/05/2026;10;2000;0;20000;8000;Efectivo
VEN01124;CLI149;11059;AGUA STOP CAUCHO GRIVAL;Andrés Cardona;22/10/2025;2;2000;0;4000;1600;Tarjeta
VEN01125;CLI281;10053;ALAMBRE CENTELSA N 14 AMARILLO;Diana Tobón;20/07/2025;1;2000;100;1900;700;Tarjeta
VEN01126;CLI104;11943;AGUA STOP PLASTGRIFOS;Carlos Mario Hoyos;5/06/2025;2;2000;0;4000;1600;Tarjeta
VEN01127;CLI134;11685;ACOPLE CAUCHO SUELTO LICUADORA OSTER;Milena Restrepo;16/01/2026;3;2000;0;6000;2400;Tarjeta
VEN01128;CLI155;11703;"ADAPTADOR MACHO DE 11/2"" PVC LEO";Milena Restrepo;15/03/2025;2;2000;400;3600;1200;Transferencia
VEN01129;CLI098;11830;ALQUITRAN POR KILO;Milena Restrepo;13/05/2025;1;2000;0;2000;800;Tarjeta
VEN01130;CLI042;11942;AGUA STOP CAUCHO GRIPLAS;Carlos Mario Hoyos;4/07/2025;10;2000;0;20000;8000;Tarjeta
VEN01131;CLI141;10013;ABRAZADERA TITAN 23/8A31/8  40-40;Milena Restrepo;8/07/2025;5;2000;0;10000;4000;Tarjeta
VEN01132;CLI227;10054;ALAMBRE CENTELSA N 14 AZUL;Diana Tobón;11/10/2025;10;2000;0;20000;8000;Tarjeta
VEN01133;CLI119;10052;ALAMBRE CENTELSA N 12 VERDE;Carlos Mario Hoyos;1/07/2025;5;2000;500;9500;3500;Tarjeta
VEN01134;CLI087;10016;ACEITE USA1 X 30 CC;Andrés Cardona;1/02/2025;5;2000;0;10000;4000;Tarjeta
VEN01135;CLI166;11059;AGUA STOP CAUCHO GRIVAL;Milena Restrepo;18/01/2025;5;2000;0;10000;4000;Efectivo
VEN01136;CLI187;10037;ALAMBRE CENTELSA N  8 BLANCO;Diana Tobón;28/02/2026;5;2000;0;10000;4000;Efectivo
VEN01137;CLI227;11060;AGUA STOP PASTA GRIVAL;Milena Restrepo;15/12/2025;1;2000;0;2000;800;Transferencia
VEN01138;CLI281;10038;ALAMBRE CENTELSA N  8 NEGRO;Diana Tobón;7/06/2025;10;2000;0;20000;8000;Efectivo
VEN01139;CLI224;11701;"ADAPTADOR MACHO DE 3/4"" PVC LEO";Andrés Cardona;6/06/2025;3;2000;0;6000;2400;Transferencia
VEN01140;CLI175;10879;ADAPTADOR MACHO 1/2 X 16MM PE AL PE;Andrés Cardona;14/07/2025;3;2000;0;6000;2400;Efectivo
VEN01141;CLI119;10063;ALICATE FOCCI 8,5 DSF-1684;Carlos Mario Hoyos;24/11/2025;2;2000;0;4000;1600;Transferencia
VEN01142;CLI060;10878;ADAPTADOR HEMBRA 1/2 X 16MM PE AL PE;Diana Tobón;19/02/2025;10;10800;0;108000;96000;Efectivo
VEN01143;CLI294;10057;ALAMBRE CENTELSA N 14 ROJO;Diana Tobón;15/02/2026;10;2000;0;20000;8000;Tarjeta
VEN01144;CLI130;10003;ABRAZADERA TITAN 5/16A5/8 - 3/8  10-04;Milena Restrepo;26/10/2025;3;2000;0;6000;2400;Efectivo
VEN01145;CLI154;10009;ABRAZADERA TITAN 11/8A17/8  40-24;Andrés Cardona;20/04/2025;10;2000;0;20000;8000;Efectivo
VEN01146;CLI155;10030;AEROGRAFO X 150 ML ABANICO HOPEX F2;Carlos Mario Hoyos;22/01/2025;3;2000;0;6000;2400;Efectivo
VEN01147;CLI247;12177;AGUJAS PISTOLA PINTAR;Milena Restrepo;29/07/2025;3;2000;600;5400;1800;Transferencia
VEN01148;CLI156;10033;ALAMBRE PUA C16 X 200MT CORSAN;Milena Restrepo;24/04/2026;3;2000;0;6000;2400;Transferencia
VEN01149;CLI242;10011;ABRAZADERA TITAN 13/4A21/2  40-32;Andrés Cardona;9/04/2026;3;2000;300;5700;2100;Tarjeta
VEN01150;CLI167;12177;AGUJAS PISTOLA PINTAR;Milena Restrepo;21/12/2025;1;2000;200;1800;600;Transferencia
VEN01151;CLI262;11830;ALQUITRAN POR KILO;Carlos Mario Hoyos;3/02/2025;2;2000;0;4000;1600;Tarjeta
VEN01152;CLI192;10021;ACOPLE LAVAMANOS GRIPLAS;Diana Tobón;1/05/2025;1;2000;0;2000;800;Efectivo
VEN01153;CLI030;12242;ACOPLE SAMURAY PREMIER AMARILLO;Andrés Cardona;22/10/2025;10;2000;0;20000;8000;Transferencia
VEN01154;CLI149;10035;ALAMBRE CENTELSA N  8 AMARILLO;Diana Tobón;13/02/2026;3;2000;0;6000;2400;Transferencia
VEN01155;CLI253;10063;ALICATE FOCCI 8,5 DSF-1684;Milena Restrepo;7/06/2025;1;2000;100;1900;700;Transferencia
VEN01156;CLI178;10021;ACOPLE LAVAMANOS GRIPLAS;Milena Restrepo;9/11/2025;3;2000;0;6000;2400;Efectivo
VEN01157;CLI224;10054;ALAMBRE CENTELSA N 14 AZUL;Andrés Cardona;15/10/2025;10;2000;2000;18000;6000;Efectivo
VEN01158;CLI004;10035;ALAMBRE CENTELSA N  8 AMARILLO;Carlos Mario Hoyos;24/09/2025;1;2000;0;2000;800;Tarjeta
VEN01159;CLI042;10007;ABRAZADERA TITAN 29/32A1-3/8 40-16;Milena Restrepo;8/05/2026;5;2000;0;10000;4000;Transferencia
VEN01160;CLI159;10002;ABRAZADERA TITAN 5/16-15/32 10-00;Milena Restrepo;11/01/2025;5;2000;0;10000;4000;Tarjeta
VEN01161;CLI102;10043;ALAMBRE CENTELSA N 10 BLANCO;Carlos Mario Hoyos;4/04/2026;1;2000;0;2000;800;Transferencia
VEN01162;CLI171;10056;ALAMBRE CENTELSA N 14 NEGRO;Milena Restrepo;5/01/2025;3;2000;0;6000;2400;Transferencia
VEN01163;CLI024;12187;ACOPLE RAPIDO PISTOLA PINTAR;Carlos Mario Hoyos;31/03/2025;5;2000;0;10000;4000;Efectivo
VEN01164;CLI282;10049;ALAMBRE CENTELSA N 12 BLANCO;Milena Restrepo;10/09/2025;2;2000;0;4000;1600;Efectivo
VEN01165;CLI242;12597;ADAPTADOR DE 3/4 EMT;Andrés Cardona;27/05/2025;5;2000;0;10000;4000;Tarjeta
VEN01166;CLI277;10987;AGUA STOP PINES SAPITO GERFOR 580051;Diana Tobón;25/01/2025;2;2000;0;4000;1600;Tarjeta
VEN01167;CLI211;10056;ALAMBRE CENTELSA N 14 NEGRO;Andrés Cardona;25/09/2025;10;2000;0;20000;8000;Tarjeta
VEN01168;CLI060;11943;AGUA STOP PLASTGRIFOS;Andrés Cardona;21/01/2026;1;2000;100;1900;700;Tarjeta
VEN01169;CLI257;10024;ACOPLE SANITARIO GRIPLAS;Andrés Cardona;18/03/2025;3;2000;0;6000;2400;Tarjeta
VEN01170;CLI252;10054;ALAMBRE CENTELSA N 14 AZUL;Diana Tobón;2/05/2026;2;2000;0;4000;1600;Efectivo
VEN01171;CLI099;11057;ACOPLE LAVAMANOS GRIVAL 40CMS;Milena Restrepo;16/03/2026;5;2000;0;10000;4000;Transferencia
VEN01172;CLI090;11700;"ADAPTADOR MACHO DE 1/2"" PVC LEO";Carlos Mario Hoyos;18/12/2025;5;2000;0;10000;4000;Efectivo
VEN01173;CLI232;10014;ABRAZADERA TITAN 2-3/8A3-1/8  40-44;Diana Tobón;25/07/2025;3;2000;0;6000;2400;Tarjeta
VEN01174;CLI260;10061;ALICATE 6 NARANJA DSF-6049;Andrés Cardona;4/05/2025;1;2000;100;1900;700;Tarjeta
VEN01175;CLI245;10033;ALAMBRE PUA C16 X 200MT CORSAN;Carlos Mario Hoyos;15/12/2025;5;2000;0;10000;4000;Efectivo
VEN01176;CLI081;10048;ALAMBRE CENTELSA N 12 AZUL;Milena Restrepo;27/09/2025;5;2000;500;9500;3500;Efectivo
VEN01177;CLI116;11701;"ADAPTADOR MACHO DE 3/4"" PVC LEO";Diana Tobón;26/11/2025;5;2000;0;10000;4000;Transferencia
VEN01178;CLI295;10008;ABRAZADERA TITAN 1A19/16 40-20;Carlos Mario Hoyos;14/02/2026;2;2000;0;4000;1600;Transferencia
VEN01179;CLI093;11071;ACOPLE LAVAMANOS GRIVAL LARGO 60;Diana Tobón;24/04/2026;1;2000;0;2000;800;Transferencia
VEN01180;CLI161;10059;ALCOHOL INDUSTRIAL X 500;Carlos Mario Hoyos;17/11/2025;3;2000;0;6000;2400;Transferencia
VEN01181;CLI142;11830;ALQUITRAN POR KILO;Andrés Cardona;19/10/2025;3;2000;0;6000;2400;Efectivo
VEN01182;CLI074;10051;ALAMBRE CENTELSA N 12 ROJO;Diana Tobón;24/01/2025;2;2000;0;4000;1600;Tarjeta
VEN01183;CLI298;10041;ALAMBRE CENTELSA N 10 AMARILLO;Milena Restrepo;30/06/2025;10;2000;2000;18000;6000;Tarjeta
VEN01184;CLI015;10028;AEROGRAFO LAPICERO X 4 HOPEX PROFESI;Milena Restrepo;13/06/2025;1;2000;0;2000;800;Transferencia
VEN01185;CLI246;12177;AGUJAS PISTOLA PINTAR;Andrés Cardona;26/03/2026;1;2000;0;2000;800;Efectivo
VEN01186;CLI094;10013;ABRAZADERA TITAN 23/8A31/8  40-40;Diana Tobón;21/06/2025;2;2000;0;4000;1600;Efectivo
VEN01187;CLI230;12242;ACOPLE SAMURAY PREMIER AMARILLO;Carlos Mario Hoyos;11/03/2025;1;2000;0;2000;800;Tarjeta
VEN01188;CLI019;11071;ACOPLE LAVAMANOS GRIVAL LARGO 60;Andrés Cardona;6/03/2025;3;2000;0;6000;2400;Transferencia
VEN01189;CLI295;10044;ALAMBRE CENTELSA N 10 NEGRO;Andrés Cardona;19/07/2025;5;2000;0;10000;4000;Efectivo
VEN01190;CLI285;10046;ALAMBRE CENTELSA N 10 VERDE;Andrés Cardona;19/05/2025;10;2000;0;20000;8000;Tarjeta
VEN01191;CLI134;10879;ADAPTADOR MACHO 1/2 X 16MM PE AL PE;Diana Tobón;9/01/2025;2;2000;0;4000;1600;Transferencia
VEN01192;CLI244;10053;ALAMBRE CENTELSA N 14 AMARILLO;Carlos Mario Hoyos;26/06/2025;3;2000;0;6000;2400;Transferencia
VEN01193;CLI183;10026;ACRONAL  DE GALON;Diana Tobón;18/05/2025;3;2000;0;6000;2400;Efectivo
VEN01194;CLI013;10057;ALAMBRE CENTELSA N 14 ROJO;Diana Tobón;29/04/2025;10;2000;0;20000;8000;Tarjeta
VEN01195;CLI241;10017;ACEITE USA1 X 70 CC;Milena Restrepo;18/10/2025;5;2000;0;10000;4000;Transferencia
VEN01196;CLI223;11698;"ADAPTADOR HEMBRA  1/2"" LEO PRECION";Andrés Cardona;15/03/2026;1;2000;0;2000;800;Transferencia
VEN01197;CLI162;10048;ALAMBRE CENTELSA N 12 AZUL;Andrés Cardona;20/07/2025;5;2000;0;10000;4000;Tarjeta
VEN01198;CLI292;10058;ALAMBRE CENTELSA N 14 VERDE;Milena Restrepo;14/03/2025;10;2000;0;20000;8000;Tarjeta
VEN01199;CLI289;10986;AGUA STOP ARGOLLA GERFOR 581140;Andrés Cardona;13/06/2025;1;2000;100;1900;700;Efectivo
VEN01200;CLI056;10004;ABRAZADERA TITAN 7/16A25/32 - 1/2 10-06;Diana Tobón;21/01/2025;2;2000;0;4000;1600;Efectivo
VEN01201;CLI148;10042;ALAMBRE CENTELSA N 10 AZUL;Milena Restrepo;6/02/2025;10;2000;0;20000;8000;Efectivo
VEN01202;CLI134;10041;ALAMBRE CENTELSA N 10 AMARILLO;Diana Tobón;6/05/2025;5;2000;500;9500;3500;Tarjeta
VEN01203;CLI259;10878;ADAPTADOR HEMBRA 1/2 X 16MM PE AL PE;Diana Tobón;26/01/2026;3;10800;0;32400;28800;Tarjeta
VEN01204;CLI269;10044;ALAMBRE CENTELSA N 10 NEGRO;Milena Restrepo;14/10/2025;10;2000;2000;18000;6000;Transferencia
VEN01205;CLI159;11701;"ADAPTADOR MACHO DE 3/4"" PVC LEO";Andrés Cardona;15/03/2025;2;2000;0;4000;1600;Efectivo
VEN01206;CLI098;10057;ALAMBRE CENTELSA N 14 ROJO;Carlos Mario Hoyos;5/05/2026;1;2000;0;2000;800;Transferencia
VEN01207;CLI223;11941;AGUA STOP AHORRADOR PLASTIG;Carlos Mario Hoyos;5/05/2026;10;2000;0;20000;8000;Efectivo
VEN01208;CLI150;10020;ACOPLE LAVAMANOS CARDENAS LARGO;Milena Restrepo;26/08/2025;2;2000;200;3800;1400;Efectivo
VEN01209;CLI164;11696;ADAPTADOR PVC ALARGE 1/2 X 3/8;Diana Tobón;24/11/2025;2;2000;0;4000;1600;Transferencia
VEN01210;CLI107;10018;ACIDO CORRIENTE X 480;Andrés Cardona;9/06/2025;2;2000;0;4000;1600;Efectivo
VEN01211;CLI216;10019;ACOPLE LAVAMANO CORTO  CARDENAS;Diana Tobón;21/02/2025;5;2000;0;10000;4000;Tarjeta
VEN01212;CLI121;10039;ALAMBRE CENTELSA N  8 ROJO;Carlos Mario Hoyos;26/06/2025;5;2000;500;9500;3500;Tarjeta
VEN01213;CLI040;10030;AEROGRAFO X 150 ML ABANICO HOPEX F2;Diana Tobón;23/02/2025;2;2000;0;4000;1600;Efectivo
VEN01214;CLI291;10058;ALAMBRE CENTELSA N 14 VERDE;Diana Tobón;27/07/2025;3;2000;0;6000;2400;Transferencia
VEN01215;CLI078;10043;ALAMBRE CENTELSA N 10 BLANCO;Carlos Mario Hoyos;29/01/2025;2;2000;0;4000;1600;Efectivo
VEN01216;CLI112;11702;"ADAPTADOR MACHO DE 1"" LEO";Diana Tobón;12/04/2025;3;2000;0;6000;2400;Transferencia
VEN01217;CLI014;11059;AGUA STOP CAUCHO GRIVAL;Milena Restrepo;25/09/2025;10;2000;0;20000;8000;Tarjeta
VEN01218;CLI174;11701;"ADAPTADOR MACHO DE 3/4"" PVC LEO";Milena Restrepo;3/01/2025;5;2000;0;10000;4000;Efectivo
VEN01219;CLI288;11703;"ADAPTADOR MACHO DE 11/2"" PVC LEO";Milena Restrepo;24/08/2025;3;2000;600;5400;1800;Tarjeta
VEN01220;CLI247;10047;ALAMBRE CENTELSA N 12 AMARILLO;Milena Restrepo;14/11/2025;2;2000;0;4000;1600;Transferencia
VEN01221;CLI155;10029;AEROGRAFO X 125 ML CHORRO DSF-1505 K3;Milena Restrepo;27/01/2026;5;2000;0;10000;4000;Tarjeta
VEN01222;CLI083;10061;ALICATE 6 NARANJA DSF-6049;Carlos Mario Hoyos;13/05/2026;1;2000;100;1900;700;Tarjeta
VEN01223;CLI095;10055;ALAMBRE CENTELSA N 14 BLANCO;Diana Tobón;4/03/2026;1;2000;0;2000;800;Tarjeta
VEN01224;CLI070;10006;ABRAZADERA TITAN 3/4A1 40-12;Andrés Cardona;26/03/2026;1;2000;0;2000;800;Transferencia
VEN01225;CLI155;11702;"ADAPTADOR MACHO DE 1"" LEO";Carlos Mario Hoyos;22/06/2025;5;2000;500;9500;3500;Transferencia
VEN01226;CLI153;10028;AEROGRAFO LAPICERO X 4 HOPEX PROFESI;Diana Tobón;9/11/2025;5;2000;0;10000;4000;Efectivo
VEN01227;CLI194;10033;ALAMBRE PUA C16 X 200MT CORSAN;Milena Restrepo;11/03/2026;2;2000;0;4000;1600;Tarjeta
VEN01228;CLI087;11941;AGUA STOP AHORRADOR PLASTIG;Andrés Cardona;14/03/2026;1;2000;0;2000;800;Tarjeta
VEN01229;CLI037;12240;ACOPLE PASTA SAMURAY ECONOMICO;Carlos Mario Hoyos;11/03/2026;10;2000;0;20000;8000;Transferencia
VEN01230;CLI016;10043;ALAMBRE CENTELSA N 10 BLANCO;Carlos Mario Hoyos;19/02/2026;10;2000;0;20000;8000;Transferencia
VEN01231;CLI141;12597;ADAPTADOR DE 3/4 EMT;Carlos Mario Hoyos;19/08/2025;5;2000;0;10000;4000;Tarjeta
VEN01232;CLI045;10038;ALAMBRE CENTELSA N  8 NEGRO;Carlos Mario Hoyos;29/01/2026;5;2000;0;10000;4000;Tarjeta
VEN01233;CLI251;10056;ALAMBRE CENTELSA N 14 NEGRO;Diana Tobón;14/02/2026;10;2000;0;20000;8000;Transferencia
VEN01234;CLI118;10060;ALICATE  BICOLOR N 8;Carlos Mario Hoyos;12/11/2025;5;2000;0;10000;4000;Efectivo
VEN01235;CLI159;10028;AEROGRAFO LAPICERO X 4 HOPEX PROFESI;Diana Tobón;4/05/2025;1;2000;0;2000;800;Efectivo
VEN01236;CLI017;10056;ALAMBRE CENTELSA N 14 NEGRO;Carlos Mario Hoyos;14/02/2026;5;2000;0;10000;4000;Tarjeta
VEN01237;CLI204;10029;AEROGRAFO X 125 ML CHORRO DSF-1505 K3;Diana Tobón;24/05/2025;3;2000;0;6000;2400;Transferencia
VEN01238;CLI212;10012;ABRAZADERA TITAN  2A2-3/8 40-36;Andrés Cardona;15/03/2025;2;2000;0;4000;1600;Tarjeta
VEN01239;CLI242;11700;"ADAPTADOR MACHO DE 1/2"" PVC LEO";Diana Tobón;20/04/2025;1;2000;100;1900;700;Tarjeta
VEN01240;CLI157;11941;AGUA STOP AHORRADOR PLASTIG;Andrés Cardona;29/04/2025;3;2000;300;5700;2100;Tarjeta
VEN01241;CLI273;10011;ABRAZADERA TITAN 13/4A21/2  40-32;Carlos Mario Hoyos;13/04/2026;3;2000;300;5700;2100;Tarjeta
VEN01242;CLI082;11700;"ADAPTADOR MACHO DE 1/2"" PVC LEO";Diana Tobón;12/08/2025;1;2000;0;2000;800;Efectivo
VEN01243;CLI152;10024;ACOPLE SANITARIO GRIPLAS;Diana Tobón;29/07/2025;3;2000;0;6000;2400;Efectivo
VEN01244;CLI235;10022;ACOPLE SANITARIO CARDENAS LARGO;Diana Tobón;14/06/2025;2;2000;0;4000;1600;Tarjeta
VEN01245;CLI300;11059;AGUA STOP CAUCHO GRIVAL;Diana Tobón;22/02/2025;1;2000;0;2000;800;Transferencia
VEN01246;CLI168;10013;ABRAZADERA TITAN 23/8A31/8  40-40;Milena Restrepo;12/10/2025;3;2000;0;6000;2400;Tarjeta
VEN01247;CLI162;10063;ALICATE FOCCI 8,5 DSF-1684;Andrés Cardona;19/03/2025;3;2000;0;6000;2400;Transferencia
VEN01248;CLI269;12178;ACOPLE RAPIDO PISTOLA PINTAR JUEGO X 5;Andrés Cardona;11/11/2025;1;2000;200;1800;600;Tarjeta
VEN01249;CLI048;10878;ADAPTADOR HEMBRA 1/2 X 16MM PE AL PE;Milena Restrepo;7/04/2025;2;10800;0;21600;19200;Tarjeta
VEN01250;CLI181;10059;ALCOHOL INDUSTRIAL X 500;Diana Tobón;10/03/2026;5;2000;500;9500;3500;Tarjeta
VEN01251;CLI076;12187;ACOPLE RAPIDO PISTOLA PINTAR;Milena Restrepo;2/02/2025;5;2000;500;9500;3500;Transferencia
VEN01252;CLI043;10015;ABRAZADERA TITAN 31/2A45/16 40-56;Andrés Cardona;18/11/2025;5;2000;0;10000;4000;Transferencia
VEN01253;CLI224;10003;ABRAZADERA TITAN 5/16A5/8 - 3/8  10-04;Milena Restrepo;1/10/2025;2;2000;0;4000;1600;Transferencia
VEN01254;CLI214;10062;ALICATE 8 NARANJA DSF-6050;Milena Restrepo;25/10/2025;2;2000;0;4000;1600;Efectivo
VEN01255;CLI170;10052;ALAMBRE CENTELSA N 12 VERDE;Diana Tobón;25/07/2025;10;2000;0;20000;8000;Efectivo
VEN01256;CLI029;10005;ABRAZADERA TITAN 1/2A3/4  40-06;Milena Restrepo;5/02/2026;1;2000;0;2000;800;Transferencia
VEN01257;CLI228;10038;ALAMBRE CENTELSA N  8 NEGRO;Andrés Cardona;25/06/2025;2;2000;0;4000;1600;Tarjeta
VEN01258;CLI139;10050;ALAMBRE CENTELSA N 12 NEGRO;Andrés Cardona;29/03/2025;3;2000;0;6000;2400;Transferencia
VEN01259;CLI287;12177;AGUJAS PISTOLA PINTAR;Carlos Mario Hoyos;27/05/2025;3;2000;0;6000;2400;Transferencia
VEN01260;CLI286;11700;"ADAPTADOR MACHO DE 1/2"" PVC LEO";Andrés Cardona;8/05/2026;5;2000;0;10000;4000;Transferencia
VEN01261;CLI115;10042;ALAMBRE CENTELSA N 10 AZUL;Andrés Cardona;9/02/2026;5;2000;0;10000;4000;Efectivo
VEN01262;CLI121;10060;ALICATE  BICOLOR N 8;Milena Restrepo;1/02/2025;10;2000;0;20000;8000;Tarjeta
VEN01263;CLI300;10054;ALAMBRE CENTELSA N 14 AZUL;Milena Restrepo;10/04/2025;3;2000;0;6000;2400;Efectivo
VEN01264;CLI077;10058;ALAMBRE CENTELSA N 14 VERDE;Carlos Mario Hoyos;23/04/2025;5;2000;0;10000;4000;Transferencia
VEN01265;CLI063;10058;ALAMBRE CENTELSA N 14 VERDE;Carlos Mario Hoyos;15/03/2025;3;2000;0;6000;2400;Tarjeta
VEN01266;CLI160;10051;ALAMBRE CENTELSA N 12 ROJO;Diana Tobón;8/10/2025;3;2000;0;6000;2400;Efectivo
VEN01267;CLI099;11685;ACOPLE CAUCHO SUELTO LICUADORA OSTER;Milena Restrepo;31/12/2025;5;2000;0;10000;4000;Tarjeta
VEN01268;CLI134;10048;ALAMBRE CENTELSA N 12 AZUL;Diana Tobón;1/09/2025;2;2000;0;4000;1600;Tarjeta
VEN01269;CLI281;11700;"ADAPTADOR MACHO DE 1/2"" PVC LEO";Milena Restrepo;30/01/2026;3;2000;600;5400;1800;Efectivo
VEN01270;CLI103;12187;ACOPLE RAPIDO PISTOLA PINTAR;Diana Tobón;10/10/2025;5;2000;0;10000;4000;Transferencia
VEN01271;CLI251;10054;ALAMBRE CENTELSA N 14 AZUL;Carlos Mario Hoyos;12/05/2025;2;2000;0;4000;1600;Transferencia
VEN01272;CLI223;10025;ACRONAL  DE 1/4;Milena Restrepo;20/08/2025;10;2000;0;20000;8000;Tarjeta
VEN01273;CLI154;12597;ADAPTADOR DE 3/4 EMT;Carlos Mario Hoyos;22/07/2025;3;2000;0;6000;2400;Efectivo
VEN01274;CLI096;10023;ACOPLE SANITARIO CORTO CARDENAS;Carlos Mario Hoyos;10/09/2025;5;2000;0;10000;4000;Transferencia
VEN01275;CLI176;10051;ALAMBRE CENTELSA N 12 ROJO;Carlos Mario Hoyos;8/09/2025;1;2000;0;2000;800;Transferencia
VEN01276;CLI112;10061;ALICATE 6 NARANJA DSF-6049;Carlos Mario Hoyos;22/11/2025;10;2000;0;20000;8000;Transferencia
VEN01277;CLI257;10051;ALAMBRE CENTELSA N 12 ROJO;Carlos Mario Hoyos;25/09/2025;3;2000;0;6000;2400;Transferencia
VEN01278;CLI241;10046;ALAMBRE CENTELSA N 10 VERDE;Andrés Cardona;25/02/2026;3;2000;0;6000;2400;Efectivo
VEN01279;CLI275;12177;AGUJAS PISTOLA PINTAR;Andrés Cardona;4/05/2026;1;2000;0;2000;800;Efectivo
VEN01280;CLI218;10023;ACOPLE SANITARIO CORTO CARDENAS;Diana Tobón;14/01/2026;1;2000;0;2000;800;Efectivo
VEN01281;CLI174;10036;ALAMBRE CENTELSA N  8 AZUL;Milena Restrepo;12/04/2026;2;2000;0;4000;1600;Tarjeta
VEN01282;CLI058;10054;ALAMBRE CENTELSA N 14 AZUL;Diana Tobón;16/04/2026;10;2000;0;20000;8000;Efectivo
VEN01283;CLI274;10052;ALAMBRE CENTELSA N 12 VERDE;Milena Restrepo;1/05/2026;1;2000;200;1800;600;Efectivo
VEN01284;CLI298;10008;ABRAZADERA TITAN 1A19/16 40-20;Carlos Mario Hoyos;19/08/2025;10;2000;1000;19000;7000;Tarjeta
VEN01285;CLI003;11697;"ADAPTADOR HEMBRA DE 1"" PVC LEO";Andrés Cardona;24/12/2025;3;2000;0;6000;2400;Efectivo
VEN01286;CLI158;10059;ALCOHOL INDUSTRIAL X 500;Andrés Cardona;11/05/2025;10;2000;0;20000;8000;Tarjeta
VEN01287;CLI278;10025;ACRONAL  DE 1/4;Andrés Cardona;1/01/2026;1;2000;0;2000;800;Efectivo
VEN01288;CLI092;10023;ACOPLE SANITARIO CORTO CARDENAS;Milena Restrepo;7/10/2025;10;2000;1000;19000;7000;Transferencia
VEN01289;CLI002;11057;ACOPLE LAVAMANOS GRIVAL 40CMS;Milena Restrepo;24/03/2026;10;2000;1000;19000;7000;Efectivo
VEN01290;CLI054;11700;"ADAPTADOR MACHO DE 1/2"" PVC LEO";Andrés Cardona;9/04/2025;3;2000;0;6000;2400;Efectivo
VEN01291;CLI227;10049;ALAMBRE CENTELSA N 12 BLANCO;Andrés Cardona;24/02/2026;5;2000;0;10000;4000;Efectivo
VEN01292;CLI113;10023;ACOPLE SANITARIO CORTO CARDENAS;Andrés Cardona;13/01/2026;5;2000;0;10000;4000;Transferencia
VEN01293;CLI096;10052;ALAMBRE CENTELSA N 12 VERDE;Andrés Cardona;11/02/2026;3;2000;0;6000;2400;Tarjeta
VEN01294;CLI038;10064;ALICATE STANLEY N 8 84-023;Carlos Mario Hoyos;23/01/2026;3;2000;300;5700;2100;Transferencia
VEN01295;CLI298;10063;ALICATE FOCCI 8,5 DSF-1684;Carlos Mario Hoyos;9/02/2025;10;2000;0;20000;8000;Tarjeta
VEN01296;CLI192;10021;ACOPLE LAVAMANOS GRIPLAS;Diana Tobón;28/02/2026;5;2000;500;9500;3500;Tarjeta
VEN01297;CLI047;12596;ADAPTADOR DE 1/2 EMT;Diana Tobón;19/05/2025;3;2000;0;6000;2400;Transferencia
VEN01298;CLI028;10063;ALICATE FOCCI 8,5 DSF-1684;Andrés Cardona;28/04/2025;3;2000;0;6000;2400;Tarjeta
VEN01299;CLI201;10024;ACOPLE SANITARIO GRIPLAS;Diana Tobón;16/11/2025;1;2000;0;2000;800;Efectivo
VEN01300;CLI088;11059;AGUA STOP CAUCHO GRIVAL;Carlos Mario Hoyos;29/04/2026;10;2000;0;20000;8000;Efectivo
VEN01301;CLI034;10001;ABRAZADERA 1/2 ECONOMICA;Diana Tobón;20/05/2025;10;2000;0;20000;8000;Transferencia
VEN01302;CLI210;11701;"ADAPTADOR MACHO DE 3/4"" PVC LEO";Carlos Mario Hoyos;8/09/2025;10;2000;0;20000;8000;Tarjeta
VEN01303;CLI050;10016;ACEITE USA1 X 30 CC;Carlos Mario Hoyos;27/02/2025;1;2000;100;1900;700;Efectivo
VEN01304;CLI157;10002;ABRAZADERA TITAN 5/16-15/32 10-00;Milena Restrepo;26/12/2025;3;2000;0;6000;2400;Efectivo
VEN01305;CLI003;10039;ALAMBRE CENTELSA N  8 ROJO;Carlos Mario Hoyos;1/04/2026;1;2000;0;2000;800;Tarjeta
VEN01306;CLI212;10879;ADAPTADOR MACHO 1/2 X 16MM PE AL PE;Milena Restrepo;16/04/2025;10;2000;1000;19000;7000;Transferencia
VEN01307;CLI110;10042;ALAMBRE CENTELSA N 10 AZUL;Milena Restrepo;1/03/2025;10;2000;0;20000;8000;Efectivo
VEN01308;CLI270;10040;ALAMBRE CENTELSA N  8 VERDE;Andrés Cardona;12/10/2025;1;2000;0;2000;800;Tarjeta
VEN01309;CLI058;10047;ALAMBRE CENTELSA N 12 AMARILLO;Carlos Mario Hoyos;9/04/2025;10;2000;2000;18000;6000;Transferencia
VEN01310;CLI034;10005;ABRAZADERA TITAN 1/2A3/4  40-06;Carlos Mario Hoyos;29/09/2025;1;2000;100;1900;700;Transferencia
VEN01311;CLI247;12177;AGUJAS PISTOLA PINTAR;Andrés Cardona;12/05/2026;3;2000;300;5700;2100;Tarjeta
VEN01312;CLI033;11943;AGUA STOP PLASTGRIFOS;Carlos Mario Hoyos;6/01/2025;2;2000;400;3600;1200;Transferencia
VEN01313;CLI188;11702;"ADAPTADOR MACHO DE 1"" LEO";Milena Restrepo;19/06/2025;10;2000;0;20000;8000;Transferencia
VEN01314;CLI148;12178;ACOPLE RAPIDO PISTOLA PINTAR JUEGO X 5;Diana Tobón;21/01/2026;1;2000;0;2000;800;Efectivo
VEN01315;CLI123;10026;ACRONAL  DE GALON;Andrés Cardona;11/04/2026;3;2000;0;6000;2400;Efectivo
VEN01316;CLI129;10032;ALAMBRE PUA  C14 X 350MT CORSAN;Milena Restrepo;3/01/2026;5;2000;0;10000;4000;Transferencia
VEN01317;CLI112;10009;ABRAZADERA TITAN 11/8A17/8  40-24;Milena Restrepo;10/12/2025;2;2000;0;4000;1600;Efectivo
VEN01318;CLI251;12242;ACOPLE SAMURAY PREMIER AMARILLO;Diana Tobón;27/07/2025;2;2000;0;4000;1600;Efectivo
VEN01319;CLI205;10037;ALAMBRE CENTELSA N  8 BLANCO;Andrés Cardona;27/06/2025;3;2000;0;6000;2400;Efectivo
VEN01320;CLI067;11060;AGUA STOP PASTA GRIVAL;Carlos Mario Hoyos;3/02/2025;10;2000;0;20000;8000;Transferencia
VEN01321;CLI123;10039;ALAMBRE CENTELSA N  8 ROJO;Milena Restrepo;1/02/2026;1;2000;0;2000;800;Tarjeta
VEN01322;CLI176;12240;ACOPLE PASTA SAMURAY ECONOMICO;Andrés Cardona;1/08/2025;10;2000;1000;19000;7000;Efectivo
VEN01323;CLI084;11700;"ADAPTADOR MACHO DE 1/2"" PVC LEO";Andrés Cardona;7/06/2025;2;2000;0;4000;1600;Transferencia
VEN01324;CLI049;10059;ALCOHOL INDUSTRIAL X 500;Diana Tobón;18/06/2025;3;2000;0;6000;2400;Efectivo
VEN01325;CLI059;10060;ALICATE  BICOLOR N 8;Milena Restrepo;21/03/2026;5;2000;0;10000;4000;Transferencia
VEN01326;CLI201;10053;ALAMBRE CENTELSA N 14 AMARILLO;Diana Tobón;15/02/2025;3;2000;0;6000;2400;Transferencia
VEN01327;CLI218;12241;ACOPLE SAMURAY CAUCHO ECONOMICO;Diana Tobón;3/06/2025;2;2000;0;4000;1600;Transferencia
VEN01328;CLI180;12596;ADAPTADOR DE 1/2 EMT;Andrés Cardona;13/09/2025;1;2000;0;2000;800;Tarjeta
VEN01329;CLI079;10022;ACOPLE SANITARIO CARDENAS LARGO;Carlos Mario Hoyos;24/07/2025;10;2000;2000;18000;6000;Efectivo
VEN01330;CLI103;12178;ACOPLE RAPIDO PISTOLA PINTAR JUEGO X 5;Carlos Mario Hoyos;25/12/2025;5;2000;500;9500;3500;Efectivo
VEN01331;CLI143;11699;ADAPTADOR HEMBRA DE 3/4 PVC LEO;Diana Tobón;31/12/2025;3;2000;0;6000;2400;Transferencia
VEN01332;CLI162;10040;ALAMBRE CENTELSA N  8 VERDE;Andrés Cardona;16/07/2025;5;2000;0;10000;4000;Transferencia
VEN01333;CLI166;10029;AEROGRAFO X 125 ML CHORRO DSF-1505 K3;Carlos Mario Hoyos;19/03/2025;1;2000;0;2000;800;Transferencia
VEN01334;CLI289;10033;ALAMBRE PUA C16 X 200MT CORSAN;Andrés Cardona;28/05/2025;1;2000;0;2000;800;Tarjeta
VEN01335;CLI226;10029;AEROGRAFO X 125 ML CHORRO DSF-1505 K3;Andrés Cardona;18/01/2026;1;2000;0;2000;800;Transferencia
VEN01336;CLI246;10024;ACOPLE SANITARIO GRIPLAS;Andrés Cardona;22/03/2025;5;2000;0;10000;4000;Tarjeta
VEN01337;CLI034;11701;"ADAPTADOR MACHO DE 3/4"" PVC LEO";Milena Restrepo;7/04/2025;2;2000;0;4000;1600;Tarjeta
VEN01338;CLI218;10035;ALAMBRE CENTELSA N  8 AMARILLO;Andrés Cardona;25/11/2025;10;2000;0;20000;8000;Tarjeta
VEN01339;CLI241;10011;ABRAZADERA TITAN 13/4A21/2  40-32;Andrés Cardona;23/01/2025;1;2000;0;2000;800;Transferencia
VEN01340;CLI146;12177;AGUJAS PISTOLA PINTAR;Milena Restrepo;30/09/2025;10;2000;0;20000;8000;Transferencia
VEN01341;CLI167;10037;ALAMBRE CENTELSA N  8 BLANCO;Andrés Cardona;21/07/2025;5;2000;0;10000;4000;Efectivo
VEN01342;CLI240;12241;ACOPLE SAMURAY CAUCHO ECONOMICO;Carlos Mario Hoyos;12/05/2026;3;2000;0;6000;2400;Efectivo
VEN01343;CLI054;11071;ACOPLE LAVAMANOS GRIVAL LARGO 60;Diana Tobón;23/05/2025;1;2000;0;2000;800;Transferencia
VEN01344;CLI147;10012;ABRAZADERA TITAN  2A2-3/8 40-36;Milena Restrepo;15/01/2025;1;2000;0;2000;800;Efectivo
VEN01345;CLI043;10049;ALAMBRE CENTELSA N 12 BLANCO;Milena Restrepo;2/05/2025;2;2000;0;4000;1600;Efectivo
VEN01346;CLI035;10035;ALAMBRE CENTELSA N  8 AMARILLO;Andrés Cardona;26/08/2025;5;2000;0;10000;4000;Efectivo
VEN01347;CLI080;12595;ADAPTADOR DE 1 EMT;Andrés Cardona;19/02/2026;1;2000;0;2000;800;Efectivo
VEN01348;CLI159;10042;ALAMBRE CENTELSA N 10 AZUL;Andrés Cardona;25/10/2025;10;2000;0;20000;8000;Efectivo
VEN01349;CLI197;10054;ALAMBRE CENTELSA N 14 AZUL;Diana Tobón;24/04/2025;5;2000;0;10000;4000;Efectivo
VEN01350;CLI045;11059;AGUA STOP CAUCHO GRIVAL;Andrés Cardona;16/07/2025;10;2000;1000;19000;7000;Tarjeta
VEN01351;CLI126;10878;ADAPTADOR HEMBRA 1/2 X 16MM PE AL PE;Diana Tobón;10/01/2026;1;10800;0;10800;9600;Efectivo
VEN01352;CLI245;10017;ACEITE USA1 X 70 CC;Carlos Mario Hoyos;26/10/2025;2;2000;400;3600;1200;Transferencia
VEN01353;CLI269;10039;ALAMBRE CENTELSA N  8 ROJO;Carlos Mario Hoyos;18/01/2025;5;2000;0;10000;4000;Tarjeta
VEN01354;CLI095;10052;ALAMBRE CENTELSA N 12 VERDE;Milena Restrepo;8/03/2026;1;2000;0;2000;800;Tarjeta
VEN01355;CLI133;10063;ALICATE FOCCI 8,5 DSF-1684;Carlos Mario Hoyos;6/01/2025;10;2000;0;20000;8000;Efectivo
VEN01356;CLI010;11698;"ADAPTADOR HEMBRA  1/2"" LEO PRECION";Milena Restrepo;21/11/2025;10;2000;0;20000;8000;Tarjeta
VEN01357;CLI030;10035;ALAMBRE CENTELSA N  8 AMARILLO;Carlos Mario Hoyos;28/07/2025;2;2000;200;3800;1400;Transferencia
VEN01358;CLI281;10013;ABRAZADERA TITAN 23/8A31/8  40-40;Milena Restrepo;16/10/2025;3;2000;0;6000;2400;Transferencia
VEN01359;CLI175;10028;AEROGRAFO LAPICERO X 4 HOPEX PROFESI;Milena Restrepo;15/12/2025;5;2000;500;9500;3500;Transferencia
VEN01360;CLI275;10028;AEROGRAFO LAPICERO X 4 HOPEX PROFESI;Carlos Mario Hoyos;21/02/2025;1;2000;0;2000;800;Tarjeta
VEN01361;CLI069;10001;ABRAZADERA 1/2 ECONOMICA;Diana Tobón;22/11/2025;2;2000;400;3600;1200;Tarjeta
VEN01362;CLI145;10058;ALAMBRE CENTELSA N 14 VERDE;Milena Restrepo;4/10/2025;5;2000;0;10000;4000;Transferencia
VEN01363;CLI235;10060;ALICATE  BICOLOR N 8;Carlos Mario Hoyos;4/05/2025;2;2000;200;3800;1400;Efectivo
VEN01364;CLI076;10016;ACEITE USA1 X 30 CC;Andrés Cardona;6/03/2025;2;2000;0;4000;1600;Efectivo
VEN01365;CLI013;11702;"ADAPTADOR MACHO DE 1"" LEO";Andrés Cardona;6/01/2026;2;2000;0;4000;1600;Efectivo
VEN01366;CLI039;10060;ALICATE  BICOLOR N 8;Carlos Mario Hoyos;27/05/2025;1;2000;0;2000;800;Transferencia
VEN01367;CLI060;10005;ABRAZADERA TITAN 1/2A3/4  40-06;Andrés Cardona;4/05/2025;5;2000;0;10000;4000;Tarjeta
VEN01368;CLI120;11685;ACOPLE CAUCHO SUELTO LICUADORA OSTER;Carlos Mario Hoyos;21/02/2026;2;2000;0;4000;1600;Efectivo
VEN01369;CLI225;10056;ALAMBRE CENTELSA N 14 NEGRO;Andrés Cardona;29/05/2025;5;2000;0;10000;4000;Transferencia
VEN01370;CLI230;10053;ALAMBRE CENTELSA N 14 AMARILLO;Milena Restrepo;1/01/2025;3;2000;0;6000;2400;Transferencia
VEN01371;CLI161;10041;ALAMBRE CENTELSA N 10 AMARILLO;Milena Restrepo;4/01/2026;10;2000;0;20000;8000;Efectivo
VEN01372;CLI292;10037;ALAMBRE CENTELSA N  8 BLANCO;Carlos Mario Hoyos;28/12/2025;2;2000;0;4000;1600;Tarjeta
VEN01373;CLI031;10054;ALAMBRE CENTELSA N 14 AZUL;Diana Tobón;13/11/2025;2;2000;0;4000;1600;Transferencia
VEN01374;CLI274;10026;ACRONAL  DE GALON;Carlos Mario Hoyos;29/09/2025;3;2000;0;6000;2400;Transferencia
VEN01375;CLI110;10042;ALAMBRE CENTELSA N 10 AZUL;Andrés Cardona;14/01/2025;10;2000;0;20000;8000;Tarjeta
VEN01376;CLI093;10020;ACOPLE LAVAMANOS CARDENAS LARGO;Diana Tobón;12/06/2025;1;2000;0;2000;800;Efectivo
VEN01377;CLI165;11697;"ADAPTADOR HEMBRA DE 1"" PVC LEO";Andrés Cardona;3/08/2025;10;2000;0;20000;8000;Transferencia
VEN01378;CLI218;11059;AGUA STOP CAUCHO GRIVAL;Andrés Cardona;4/05/2025;2;2000;0;4000;1600;Tarjeta
VEN01379;CLI091;12178;ACOPLE RAPIDO PISTOLA PINTAR JUEGO X 5;Diana Tobón;31/10/2025;1;2000;0;2000;800;Tarjeta
VEN01380;CLI043;10061;ALICATE 6 NARANJA DSF-6049;Carlos Mario Hoyos;16/04/2026;10;2000;0;20000;8000;Efectivo
VEN01381;CLI085;12240;ACOPLE PASTA SAMURAY ECONOMICO;Carlos Mario Hoyos;15/07/2025;10;2000;0;20000;8000;Efectivo
VEN01382;CLI053;12597;ADAPTADOR DE 3/4 EMT;Andrés Cardona;11/05/2025;2;2000;0;4000;1600;Efectivo
VEN01383;CLI153;10057;ALAMBRE CENTELSA N 14 ROJO;Carlos Mario Hoyos;26/05/2025;5;2000;0;10000;4000;Transferencia
VEN01384;CLI093;10060;ALICATE  BICOLOR N 8;Andrés Cardona;6/02/2025;3;2000;0;6000;2400;Tarjeta
VEN01385;CLI071;11071;ACOPLE LAVAMANOS GRIVAL LARGO 60;Andrés Cardona;3/04/2026;2;2000;0;4000;1600;Tarjeta
VEN01386;CLI079;11830;ALQUITRAN POR KILO;Carlos Mario Hoyos;27/11/2025;5;2000;1000;9000;3000;Efectivo
VEN01387;CLI092;10033;ALAMBRE PUA C16 X 200MT CORSAN;Andrés Cardona;29/06/2025;3;2000;0;6000;2400;Transferencia
VEN01388;CLI292;10058;ALAMBRE CENTELSA N 14 VERDE;Milena Restrepo;3/06/2025;10;2000;0;20000;8000;Efectivo
VEN01389;CLI016;10018;ACIDO CORRIENTE X 480;Carlos Mario Hoyos;8/09/2025;3;2000;0;6000;2400;Tarjeta
VEN01390;CLI098;10007;ABRAZADERA TITAN 29/32A1-3/8 40-16;Milena Restrepo;3/11/2025;10;2000;0;20000;8000;Tarjeta
VEN01391;CLI156;10024;ACOPLE SANITARIO GRIPLAS;Andrés Cardona;5/05/2025;2;2000;0;4000;1600;Tarjeta
VEN01392;CLI077;11699;ADAPTADOR HEMBRA DE 3/4 PVC LEO;Diana Tobón;2/02/2026;10;2000;0;20000;8000;Efectivo
VEN01393;CLI024;10039;ALAMBRE CENTELSA N  8 ROJO;Carlos Mario Hoyos;16/03/2026;5;2000;0;10000;4000;Tarjeta
VEN01394;CLI233;10060;ALICATE  BICOLOR N 8;Diana Tobón;28/02/2025;1;2000;0;2000;800;Tarjeta
VEN01395;CLI050;10017;ACEITE USA1 X 70 CC;Andrés Cardona;29/11/2025;5;2000;0;10000;4000;Tarjeta
VEN01396;CLI201;10017;ACEITE USA1 X 70 CC;Andrés Cardona;17/06/2025;2;2000;0;4000;1600;Tarjeta
VEN01397;CLI021;11830;ALQUITRAN POR KILO;Milena Restrepo;27/03/2025;10;2000;0;20000;8000;Tarjeta
VEN01398;CLI102;10013;ABRAZADERA TITAN 23/8A31/8  40-40;Milena Restrepo;5/03/2026;5;2000;500;9500;3500;Transferencia
VEN01399;CLI227;10023;ACOPLE SANITARIO CORTO CARDENAS;Diana Tobón;14/11/2025;3;2000;0;6000;2400;Transferencia
VEN01400;CLI247;10048;ALAMBRE CENTELSA N 12 AZUL;Diana Tobón;10/03/2026;10;2000;0;20000;8000;Transferencia
VEN01401;CLI119;11696;ADAPTADOR PVC ALARGE 1/2 X 3/8;Andrés Cardona;21/01/2026;5;2000;0;10000;4000;Efectivo
VEN01402;CLI128;12188;ACOPLE RAPIDO PISTOLA X 2 DORADO DSF-6035;Diana Tobón;17/09/2025;1;2000;0;2000;800;Efectivo
VEN01403;CLI268;11699;ADAPTADOR HEMBRA DE 3/4 PVC LEO;Andrés Cardona;23/09/2025;10;2000;0;20000;8000;Tarjeta
VEN01404;CLI298;10986;AGUA STOP ARGOLLA GERFOR 581140;Carlos Mario Hoyos;17/06/2025;2;2000;0;4000;1600;Tarjeta
VEN01405;CLI290;11701;"ADAPTADOR MACHO DE 3/4"" PVC LEO";Andrés Cardona;11/03/2025;3;2000;0;6000;2400;Efectivo
VEN01406;CLI163;11072;ACOPLE SANITARIO GRIVAL LARGO 55;Diana Tobón;13/11/2025;2;2000;0;4000;1600;Tarjeta
VEN01407;CLI230;10054;ALAMBRE CENTELSA N 14 AZUL;Carlos Mario Hoyos;9/05/2025;2;2000;0;4000;1600;Tarjeta
VEN01408;CLI170;11060;AGUA STOP PASTA GRIVAL;Milena Restrepo;6/04/2025;5;2000;0;10000;4000;Transferencia
VEN01409;CLI132;10015;ABRAZADERA TITAN 31/2A45/16 40-56;Diana Tobón;22/11/2025;10;2000;0;20000;8000;Tarjeta
VEN01410;CLI052;11942;AGUA STOP CAUCHO GRIPLAS;Diana Tobón;11/12/2025;10;2000;0;20000;8000;Transferencia
VEN01411;CLI114;11941;AGUA STOP AHORRADOR PLASTIG;Milena Restrepo;21/11/2025;1;2000;0;2000;800;Tarjeta
VEN01412;CLI227;10043;ALAMBRE CENTELSA N 10 BLANCO;Diana Tobón;27/12/2025;10;2000;0;20000;8000;Transferencia
VEN01413;CLI219;11060;AGUA STOP PASTA GRIVAL;Andrés Cardona;27/07/2025;3;2000;300;5700;2100;Efectivo
VEN01414;CLI013;12597;ADAPTADOR DE 3/4 EMT;Diana Tobón;7/06/2025;1;2000;100;1900;700;Efectivo
VEN01415;CLI286;10062;ALICATE 8 NARANJA DSF-6050;Andrés Cardona;1/02/2025;1;2000;0;2000;800;Tarjeta
VEN01416;CLI210;11697;"ADAPTADOR HEMBRA DE 1"" PVC LEO";Andrés Cardona;12/12/2025;1;2000;0;2000;800;Efectivo
VEN01417;CLI155;10008;ABRAZADERA TITAN 1A19/16 40-20;Carlos Mario Hoyos;29/09/2025;5;2000;0;10000;4000;Tarjeta
VEN01418;CLI019;10035;ALAMBRE CENTELSA N  8 AMARILLO;Diana Tobón;15/01/2025;2;2000;200;3800;1400;Transferencia
VEN01419;CLI250;10041;ALAMBRE CENTELSA N 10 AMARILLO;Andrés Cardona;31/01/2025;5;2000;0;10000;4000;Efectivo
VEN01420;CLI193;10033;ALAMBRE PUA C16 X 200MT CORSAN;Carlos Mario Hoyos;2/05/2025;10;2000;0;20000;8000;Transferencia
VEN01421;CLI225;10014;ABRAZADERA TITAN 2-3/8A3-1/8  40-44;Diana Tobón;10/05/2025;5;2000;1000;9000;3000;Efectivo
VEN01422;CLI272;10058;ALAMBRE CENTELSA N 14 VERDE;Carlos Mario Hoyos;7/10/2025;5;2000;0;10000;4000;Efectivo
VEN01423;CLI170;10023;ACOPLE SANITARIO CORTO CARDENAS;Andrés Cardona;11/10/2025;5;2000;500;9500;3500;Transferencia
VEN01424;CLI135;10005;ABRAZADERA TITAN 1/2A3/4  40-06;Diana Tobón;4/03/2026;3;2000;0;6000;2400;Transferencia
VEN01425;CLI083;11057;ACOPLE LAVAMANOS GRIVAL 40CMS;Carlos Mario Hoyos;2/02/2026;5;2000;0;10000;4000;Transferencia
VEN01426;CLI212;10002;ABRAZADERA TITAN 5/16-15/32 10-00;Diana Tobón;28/12/2025;2;2000;0;4000;1600;Tarjeta
VEN01427;CLI137;11941;AGUA STOP AHORRADOR PLASTIG;Milena Restrepo;25/06/2025;5;2000;0;10000;4000;Transferencia
VEN01428;CLI170;10019;ACOPLE LAVAMANO CORTO  CARDENAS;Andrés Cardona;22/04/2026;10;2000;0;20000;8000;Transferencia
VEN01429;CLI219;12241;ACOPLE SAMURAY CAUCHO ECONOMICO;Carlos Mario Hoyos;10/09/2025;1;2000;100;1900;700;Transferencia
VEN01430;CLI210;10027;AEROGRAFO F75 400 ML DSF-1499;Carlos Mario Hoyos;4/01/2026;10;2000;0;20000;8000;Transferencia
VEN01431;CLI031;11701;"ADAPTADOR MACHO DE 3/4"" PVC LEO";Carlos Mario Hoyos;2/12/2025;1;2000;0;2000;800;Tarjeta
VEN01432;CLI068;10021;ACOPLE LAVAMANOS GRIPLAS;Milena Restrepo;14/05/2026;5;2000;0;10000;4000;Efectivo
VEN01433;CLI217;11701;"ADAPTADOR MACHO DE 3/4"" PVC LEO";Milena Restrepo;4/07/2025;5;2000;0;10000;4000;Efectivo
VEN01434;CLI246;10061;ALICATE 6 NARANJA DSF-6049;Andrés Cardona;10/05/2026;2;2000;0;4000;1600;Transferencia
VEN01435;CLI046;10043;ALAMBRE CENTELSA N 10 BLANCO;Diana Tobón;22/04/2026;2;2000;0;4000;1600;Transferencia
VEN01436;CLI200;10987;AGUA STOP PINES SAPITO GERFOR 580051;Diana Tobón;11/09/2025;1;2000;0;2000;800;Efectivo
VEN01437;CLI073;11071;ACOPLE LAVAMANOS GRIVAL LARGO 60;Diana Tobón;29/09/2025;1;2000;0;2000;800;Efectivo
VEN01438;CLI026;12597;ADAPTADOR DE 3/4 EMT;Andrés Cardona;12/02/2026;10;2000;0;20000;8000;Efectivo
VEN01439;CLI292;10047;ALAMBRE CENTELSA N 12 AMARILLO;Diana Tobón;21/09/2025;10;2000;0;20000;8000;Efectivo
VEN01440;CLI072;11941;AGUA STOP AHORRADOR PLASTIG;Carlos Mario Hoyos;1/12/2025;5;2000;500;9500;3500;Tarjeta
VEN01441;CLI121;12241;ACOPLE SAMURAY CAUCHO ECONOMICO;Diana Tobón;17/02/2025;3;2000;0;6000;2400;Tarjeta
VEN01442;CLI296;10006;ABRAZADERA TITAN 3/4A1 40-12;Diana Tobón;29/10/2025;3;2000;0;6000;2400;Transferencia
VEN01443;CLI097;10046;ALAMBRE CENTELSA N 10 VERDE;Milena Restrepo;27/04/2026;2;2000;0;4000;1600;Transferencia
VEN01444;CLI040;12597;ADAPTADOR DE 3/4 EMT;Milena Restrepo;20/03/2025;1;2000;100;1900;700;Efectivo
VEN01445;CLI266;12188;ACOPLE RAPIDO PISTOLA X 2 DORADO DSF-6035;Milena Restrepo;28/05/2025;3;2000;0;6000;2400;Efectivo
VEN01446;CLI211;10008;ABRAZADERA TITAN 1A19/16 40-20;Diana Tobón;4/01/2026;5;2000;0;10000;4000;Tarjeta
VEN01447;CLI291;10064;ALICATE STANLEY N 8 84-023;Milena Restrepo;28/04/2025;1;2000;0;2000;800;Transferencia
VEN01448;CLI017;10015;ABRAZADERA TITAN 31/2A45/16 40-56;Andrés Cardona;28/04/2025;1;2000;0;2000;800;Efectivo
VEN01449;CLI278;11071;ACOPLE LAVAMANOS GRIVAL LARGO 60;Carlos Mario Hoyos;10/03/2026;1;2000;0;2000;800;Transferencia
VEN01450;CLI277;10084;AGUAMONIACO  FRASCO X 480;Milena Restrepo;25/01/2025;10;3800;0;38000;26000;Tarjeta
VEN01451;CLI232;11699;ADAPTADOR HEMBRA DE 3/4 PVC LEO;Andrés Cardona;9/02/2025;10;2000;0;20000;8000;Efectivo
VEN01452;CLI285;10012;ABRAZADERA TITAN  2A2-3/8 40-36;Diana Tobón;8/03/2025;1;2000;0;2000;800;Efectivo
VEN01453;CLI287;11685;ACOPLE CAUCHO SUELTO LICUADORA OSTER;Carlos Mario Hoyos;3/07/2025;1;2000;0;2000;800;Transferencia
VEN01454;CLI061;10042;ALAMBRE CENTELSA N 10 AZUL;Carlos Mario Hoyos;4/02/2025;2;2000;0;4000;1600;Tarjeta
VEN01455;CLI113;10735;ADAPTADOR DE ESPIGO A ROSCA DE 1/2;Carlos Mario Hoyos;9/02/2026;10;2000;0;20000;8000;Tarjeta
VEN01456;CLI070;10014;ABRAZADERA TITAN 2-3/8A3-1/8  40-44;Andrés Cardona;17/12/2025;3;2000;0;6000;2400;Tarjeta
VEN01457;CLI232;10062;ALICATE 8 NARANJA DSF-6050;Milena Restrepo;29/03/2026;2;2000;0;4000;1600;Efectivo
VEN01458;CLI049;11057;ACOPLE LAVAMANOS GRIVAL 40CMS;Carlos Mario Hoyos;7/05/2026;1;2000;0;2000;800;Efectivo
VEN01459;CLI252;10025;ACRONAL  DE 1/4;Diana Tobón;14/04/2026;1;2000;0;2000;800;Efectivo
VEN01460;CLI125;10005;ABRAZADERA TITAN 1/2A3/4  40-06;Milena Restrepo;8/10/2025;10;2000;0;20000;8000;Tarjeta
VEN01461;CLI234;10041;ALAMBRE CENTELSA N 10 AMARILLO;Diana Tobón;1/11/2025;10;2000;0;20000;8000;Tarjeta
VEN01462;CLI287;10059;ALCOHOL INDUSTRIAL X 500;Andrés Cardona;3/05/2026;10;2000;1000;19000;7000;Tarjeta
VEN01463;CLI036;10049;ALAMBRE CENTELSA N 12 BLANCO;Milena Restrepo;29/06/2025;5;2000;0;10000;4000;Tarjeta
VEN01464;CLI265;11704;"ADAPTADOR MACHO DE 2"" PVC LEO";Milena Restrepo;21/04/2026;1;2000;0;2000;800;Efectivo
VEN01465;CLI066;10054;ALAMBRE CENTELSA N 14 AZUL;Andrés Cardona;29/03/2026;2;2000;0;4000;1600;Efectivo
VEN01466;CLI251;10084;AGUAMONIACO  FRASCO X 480;Carlos Mario Hoyos;15/06/2025;10;3800;1900;36100;24100;Tarjeta
VEN01467;CLI253;10045;ALAMBRE CENTELSA N 10 ROJO;Diana Tobón;27/01/2026;1;2000;0;2000;800;Efectivo
VEN01468;CLI192;12178;ACOPLE RAPIDO PISTOLA PINTAR JUEGO X 5;Milena Restrepo;15/06/2025;10;2000;0;20000;8000;Efectivo
VEN01469;CLI166;10987;AGUA STOP PINES SAPITO GERFOR 580051;Milena Restrepo;6/04/2025;5;2000;0;10000;4000;Tarjeta
VEN01470;CLI139;10053;ALAMBRE CENTELSA N 14 AMARILLO;Carlos Mario Hoyos;31/12/2025;2;2000;0;4000;1600;Efectivo
VEN01471;CLI167;11699;ADAPTADOR HEMBRA DE 3/4 PVC LEO;Diana Tobón;25/03/2025;5;2000;0;10000;4000;Efectivo
VEN01472;CLI186;10061;ALICATE 6 NARANJA DSF-6049;Andrés Cardona;2/09/2025;5;2000;0;10000;4000;Tarjeta
VEN01473;CLI204;10012;ABRAZADERA TITAN  2A2-3/8 40-36;Diana Tobón;8/08/2025;3;2000;0;6000;2400;Tarjeta
VEN01474;CLI053;10027;AEROGRAFO F75 400 ML DSF-1499;Diana Tobón;24/10/2025;3;2000;0;6000;2400;Efectivo
VEN01475;CLI105;10042;ALAMBRE CENTELSA N 10 AZUL;Andrés Cardona;6/05/2026;5;2000;0;10000;4000;Tarjeta
VEN01476;CLI190;10029;AEROGRAFO X 125 ML CHORRO DSF-1505 K3;Milena Restrepo;13/12/2025;3;2000;300;5700;2100;Efectivo
VEN01477;CLI010;10005;ABRAZADERA TITAN 1/2A3/4  40-06;Milena Restrepo;11/08/2025;5;2000;1000;9000;3000;Transferencia
VEN01478;CLI006;10060;ALICATE  BICOLOR N 8;Andrés Cardona;6/07/2025;10;2000;0;20000;8000;Efectivo
VEN01479;CLI097;10005;ABRAZADERA TITAN 1/2A3/4  40-06;Diana Tobón;9/05/2026;10;2000;0;20000;8000;Efectivo
VEN01480;CLI293;10987;AGUA STOP PINES SAPITO GERFOR 580051;Milena Restrepo;22/05/2025;5;2000;0;10000;4000;Transferencia
VEN01481;CLI242;10050;ALAMBRE CENTELSA N 12 NEGRO;Andrés Cardona;16/08/2025;10;2000;0;20000;8000;Transferencia
VEN01482;CLI139;10003;ABRAZADERA TITAN 5/16A5/8 - 3/8  10-04;Milena Restrepo;2/07/2025;5;2000;0;10000;4000;Transferencia
VEN01483;CLI007;10001;ABRAZADERA 1/2 ECONOMICA;Diana Tobón;18/07/2025;10;2000;0;20000;8000;Tarjeta
VEN01484;CLI243;10053;ALAMBRE CENTELSA N 14 AMARILLO;Carlos Mario Hoyos;25/11/2025;1;2000;100;1900;700;Tarjeta
VEN01485;CLI245;12188;ACOPLE RAPIDO PISTOLA X 2 DORADO DSF-6035;Carlos Mario Hoyos;3/02/2025;3;2000;0;6000;2400;Transferencia
VEN01486;CLI053;11698;"ADAPTADOR HEMBRA  1/2"" LEO PRECION";Milena Restrepo;9/11/2025;3;2000;300;5700;2100;Transferencia
VEN01487;CLI191;10035;ALAMBRE CENTELSA N  8 AMARILLO;Carlos Mario Hoyos;29/03/2026;5;2000;0;10000;4000;Tarjeta
VEN01488;CLI278;11071;ACOPLE LAVAMANOS GRIVAL LARGO 60;Andrés Cardona;19/09/2025;1;2000;0;2000;800;Efectivo
VEN01489;CLI278;11700;"ADAPTADOR MACHO DE 1/2"" PVC LEO";Carlos Mario Hoyos;23/02/2025;3;2000;0;6000;2400;Efectivo
VEN01490;CLI259;11701;"ADAPTADOR MACHO DE 3/4"" PVC LEO";Carlos Mario Hoyos;7/02/2026;10;2000;0;20000;8000;Tarjeta
VEN01491;CLI180;11941;AGUA STOP AHORRADOR PLASTIG;Milena Restrepo;14/03/2026;10;2000;0;20000;8000;Tarjeta
VEN01492;CLI020;10735;ADAPTADOR DE ESPIGO A ROSCA DE 1/2;Andrés Cardona;17/06/2025;2;2000;0;4000;1600;Transferencia
VEN01493;CLI128;10021;ACOPLE LAVAMANOS GRIPLAS;Diana Tobón;21/04/2026;10;2000;0;20000;8000;Tarjeta
VEN01494;CLI061;10003;ABRAZADERA TITAN 5/16A5/8 - 3/8  10-04;Milena Restrepo;18/12/2025;2;2000;0;4000;1600;Transferencia
VEN01495;CLI193;10022;ACOPLE SANITARIO CARDENAS LARGO;Milena Restrepo;10/03/2025;5;2000;0;10000;4000;Transferencia
VEN01496;CLI139;10007;ABRAZADERA TITAN 29/32A1-3/8 40-16;Carlos Mario Hoyos;8/06/2025;10;2000;0;20000;8000;Transferencia
VEN01497;CLI139;12178;ACOPLE RAPIDO PISTOLA PINTAR JUEGO X 5;Carlos Mario Hoyos;19/01/2026;5;2000;0;10000;4000;Efectivo
VEN01498;CLI297;10006;ABRAZADERA TITAN 3/4A1 40-12;Carlos Mario Hoyos;28/02/2026;2;2000;200;3800;1400;Efectivo
VEN01499;CLI151;10029;AEROGRAFO X 125 ML CHORRO DSF-1505 K3;Diana Tobón;9/04/2025;1;2000;0;2000;800;Tarjeta
VEN01500;CLI209;10054;ALAMBRE CENTELSA N 14 AZUL;Carlos Mario Hoyos;21/12/2025;5;2000;0;10000;4000;Tarjeta
VEN01501;CLI212;10018;ACIDO CORRIENTE X 480;Milena Restrepo;13/06/2025;3;2000;0;6000;2400;Efectivo
VEN01502;CLI045;12241;ACOPLE SAMURAY CAUCHO ECONOMICO;Carlos Mario Hoyos;22/10/2025;3;2000;0;6000;2400;Efectivo
VEN01503;CLI265;10062;ALICATE 8 NARANJA DSF-6050;Diana Tobón;18/04/2026;1;2000;0;2000;800;Efectivo
VEN01504;CLI155;10035;ALAMBRE CENTELSA N  8 AMARILLO;Carlos Mario Hoyos;16/05/2025;1;2000;0;2000;800;Efectivo
VEN01505;CLI250;12597;ADAPTADOR DE 3/4 EMT;Milena Restrepo;7/11/2025;3;2000;300;5700;2100;Efectivo
VEN01506;CLI026;10042;ALAMBRE CENTELSA N 10 AZUL;Andrés Cardona;22/03/2025;3;2000;0;6000;2400;Efectivo
VEN01507;CLI194;10029;AEROGRAFO X 125 ML CHORRO DSF-1505 K3;Andrés Cardona;23/03/2025;2;2000;0;4000;1600;Tarjeta
VEN01508;CLI250;11057;ACOPLE LAVAMANOS GRIVAL 40CMS;Andrés Cardona;26/05/2025;1;2000;0;2000;800;Transferencia
VEN01509;CLI158;10059;ALCOHOL INDUSTRIAL X 500;Carlos Mario Hoyos;31/05/2025;5;2000;1000;9000;3000;Efectivo
VEN01510;CLI135;10049;ALAMBRE CENTELSA N 12 BLANCO;Carlos Mario Hoyos;20/01/2026;10;2000;0;20000;8000;Transferencia
VEN01511;CLI284;10001;ABRAZADERA 1/2 ECONOMICA;Diana Tobón;14/05/2026;3;2000;300;5700;2100;Transferencia
VEN01512;CLI259;10033;ALAMBRE PUA C16 X 200MT CORSAN;Andrés Cardona;21/12/2025;1;2000;100;1900;700;Efectivo
VEN01513;CLI240;11703;"ADAPTADOR MACHO DE 11/2"" PVC LEO";Milena Restrepo;15/06/2025;5;2000;0;10000;4000;Efectivo
VEN01514;CLI291;10003;ABRAZADERA TITAN 5/16A5/8 - 3/8  10-04;Diana Tobón;31/03/2026;3;2000;0;6000;2400;Tarjeta
VEN01515;CLI242;10041;ALAMBRE CENTELSA N 10 AMARILLO;Andrés Cardona;13/12/2025;5;2000;0;10000;4000;Efectivo
VEN01516;CLI193;10048;ALAMBRE CENTELSA N 12 AZUL;Carlos Mario Hoyos;17/04/2025;10;2000;1000;19000;7000;Tarjeta
VEN01517;CLI217;10033;ALAMBRE PUA C16 X 200MT CORSAN;Diana Tobón;25/01/2026;5;2000;0;10000;4000;Tarjeta
VEN01518;CLI292;10033;ALAMBRE PUA C16 X 200MT CORSAN;Andrés Cardona;7/10/2025;5;2000;1000;9000;3000;Tarjeta
VEN01519;CLI141;10986;AGUA STOP ARGOLLA GERFOR 581140;Andrés Cardona;9/02/2025;3;2000;600;5400;1800;Transferencia
VEN01520;CLI263;10001;ABRAZADERA 1/2 ECONOMICA;Carlos Mario Hoyos;29/10/2025;10;2000;0;20000;8000;Transferencia
VEN01521;CLI077;11704;"ADAPTADOR MACHO DE 2"" PVC LEO";Diana Tobón;26/01/2026;3;2000;0;6000;2400;Transferencia
VEN01522;CLI138;10030;AEROGRAFO X 150 ML ABANICO HOPEX F2;Milena Restrepo;17/12/2025;1;2000;0;2000;800;Transferencia
VEN01523;CLI221;11704;"ADAPTADOR MACHO DE 2"" PVC LEO";Milena Restrepo;26/03/2025;2;2000;200;3800;1400;Efectivo
VEN01524;CLI184;10005;ABRAZADERA TITAN 1/2A3/4  40-06;Carlos Mario Hoyos;11/03/2026;2;2000;0;4000;1600;Transferencia
VEN01525;CLI081;10058;ALAMBRE CENTELSA N 14 VERDE;Milena Restrepo;2/04/2026;5;2000;500;9500;3500;Tarjeta
VEN01526;CLI251;10004;ABRAZADERA TITAN 7/16A25/32 - 1/2 10-06;Diana Tobón;7/02/2026;10;2000;0;20000;8000;Transferencia
VEN01527;CLI024;10004;ABRAZADERA TITAN 7/16A25/32 - 1/2 10-06;Diana Tobón;12/10/2025;2;2000;0;4000;1600;Efectivo
VEN01528;CLI145;10012;ABRAZADERA TITAN  2A2-3/8 40-36;Milena Restrepo;6/04/2025;3;2000;300;5700;2100;Tarjeta
VEN01529;CLI032;10037;ALAMBRE CENTELSA N  8 BLANCO;Andrés Cardona;22/04/2026;1;2000;0;2000;800;Transferencia
VEN01530;CLI245;11701;"ADAPTADOR MACHO DE 3/4"" PVC LEO";Carlos Mario Hoyos;11/10/2025;2;2000;200;3800;1400;Transferencia
VEN01531;CLI296;10043;ALAMBRE CENTELSA N 10 BLANCO;Andrés Cardona;20/09/2025;1;2000;0;2000;800;Efectivo
VEN01532;CLI006;11943;AGUA STOP PLASTGRIFOS;Andrés Cardona;25/05/2025;3;2000;300;5700;2100;Tarjeta
VEN01533;CLI172;11699;ADAPTADOR HEMBRA DE 3/4 PVC LEO;Milena Restrepo;17/08/2025;5;2000;0;10000;4000;Tarjeta
VEN01534;CLI224;10018;ACIDO CORRIENTE X 480;Andrés Cardona;2/05/2026;1;2000;0;2000;800;Tarjeta
VEN01535;CLI185;10044;ALAMBRE CENTELSA N 10 NEGRO;Milena Restrepo;28/05/2025;3;2000;0;6000;2400;Transferencia
VEN01536;CLI238;10032;ALAMBRE PUA  C14 X 350MT CORSAN;Milena Restrepo;28/05/2025;1;2000;0;2000;800;Efectivo
VEN01537;CLI244;11699;ADAPTADOR HEMBRA DE 3/4 PVC LEO;Andrés Cardona;27/04/2025;5;2000;0;10000;4000;Transferencia
VEN01538;CLI273;10010;ABRAZADERA TITAN 11/4A2 40-28;Andrés Cardona;30/10/2025;5;2000;0;10000;4000;Transferencia
VEN01539;CLI225;10035;ALAMBRE CENTELSA N  8 AMARILLO;Diana Tobón;20/03/2025;10;2000;0;20000;8000;Tarjeta
VEN01540;CLI127;10879;ADAPTADOR MACHO 1/2 X 16MM PE AL PE;Andrés Cardona;23/01/2026;5;2000;0;10000;4000;Transferencia
VEN01541;CLI026;11943;AGUA STOP PLASTGRIFOS;Milena Restrepo;7/03/2025;5;2000;0;10000;4000;Efectivo
VEN01542;CLI093;11699;ADAPTADOR HEMBRA DE 3/4 PVC LEO;Andrés Cardona;6/10/2025;5;2000;0;10000;4000;Efectivo
VEN01543;CLI218;10021;ACOPLE LAVAMANOS GRIPLAS;Milena Restrepo;2/09/2025;1;2000;0;2000;800;Transferencia
VEN01544;CLI262;10050;ALAMBRE CENTELSA N 12 NEGRO;Andrés Cardona;3/11/2025;1;2000;0;2000;800;Tarjeta
VEN01545;CLI256;10007;ABRAZADERA TITAN 29/32A1-3/8 40-16;Carlos Mario Hoyos;3/01/2026;2;2000;0;4000;1600;Efectivo
VEN01546;CLI080;10035;ALAMBRE CENTELSA N  8 AMARILLO;Carlos Mario Hoyos;23/05/2025;5;2000;500;9500;3500;Efectivo
VEN01547;CLI227;12597;ADAPTADOR DE 3/4 EMT;Andrés Cardona;10/01/2026;2;2000;400;3600;1200;Tarjeta
VEN01548;CLI200;10021;ACOPLE LAVAMANOS GRIPLAS;Diana Tobón;12/09/2025;2;2000;0;4000;1600;Transferencia
VEN01549;CLI142;10015;ABRAZADERA TITAN 31/2A45/16 40-56;Andrés Cardona;15/04/2025;3;2000;300;5700;2100;Efectivo
VEN01550;CLI276;10006;ABRAZADERA TITAN 3/4A1 40-12;Milena Restrepo;25/08/2025;1;2000;100;1900;700;Transferencia
VEN01551;CLI248;11698;"ADAPTADOR HEMBRA  1/2"" LEO PRECION";Carlos Mario Hoyos;25/09/2025;1;2000;0;2000;800;Efectivo
VEN01552;CLI036;10987;AGUA STOP PINES SAPITO GERFOR 580051;Milena Restrepo;6/03/2025;3;2000;0;6000;2400;Efectivo
VEN01553;CLI283;10017;ACEITE USA1 X 70 CC;Andrés Cardona;12/09/2025;10;2000;0;20000;8000;Tarjeta
VEN01554;CLI023;10038;ALAMBRE CENTELSA N  8 NEGRO;Andrés Cardona;21/01/2026;5;2000;0;10000;4000;Tarjeta
VEN01555;CLI159;12596;ADAPTADOR DE 1/2 EMT;Milena Restrepo;7/03/2026;10;2000;0;20000;8000;Efectivo
VEN01556;CLI144;12241;ACOPLE SAMURAY CAUCHO ECONOMICO;Carlos Mario Hoyos;25/12/2025;2;2000;0;4000;1600;Efectivo
VEN01557;CLI096;10041;ALAMBRE CENTELSA N 10 AMARILLO;Andrés Cardona;11/02/2025;3;2000;0;6000;2400;Tarjeta
VEN01558;CLI168;10064;ALICATE STANLEY N 8 84-023;Carlos Mario Hoyos;7/12/2025;3;2000;0;6000;2400;Efectivo
VEN01559;CLI141;12178;ACOPLE RAPIDO PISTOLA PINTAR JUEGO X 5;Milena Restrepo;28/12/2025;10;2000;1000;19000;7000;Tarjeta
VEN01560;CLI154;11060;AGUA STOP PASTA GRIVAL;Andrés Cardona;13/03/2026;10;2000;0;20000;8000;Efectivo
VEN01561;CLI167;10036;ALAMBRE CENTELSA N  8 AZUL;Carlos Mario Hoyos;17/01/2026;1;2000;100;1900;700;Transferencia
VEN01562;CLI002;10039;ALAMBRE CENTELSA N  8 ROJO;Carlos Mario Hoyos;15/11/2025;5;2000;0;10000;4000;Transferencia
VEN01563;CLI111;10062;ALICATE 8 NARANJA DSF-6050;Andrés Cardona;29/06/2025;1;2000;200;1800;600;Tarjeta
VEN01564;CLI209;10043;ALAMBRE CENTELSA N 10 BLANCO;Milena Restrepo;1/02/2025;3;2000;0;6000;2400;Transferencia
VEN01565;CLI171;10059;ALCOHOL INDUSTRIAL X 500;Diana Tobón;4/04/2026;1;2000;0;2000;800;Efectivo
VEN01566;CLI025;10040;ALAMBRE CENTELSA N  8 VERDE;Andrés Cardona;11/02/2025;3;2000;0;6000;2400;Tarjeta
VEN01567;CLI040;10044;ALAMBRE CENTELSA N 10 NEGRO;Milena Restrepo;3/01/2025;10;2000;0;20000;8000;Efectivo
VEN01568;CLI101;10052;ALAMBRE CENTELSA N 12 VERDE;Carlos Mario Hoyos;20/11/2025;3;2000;300;5700;2100;Transferencia
VEN01569;CLI008;11942;AGUA STOP CAUCHO GRIPLAS;Andrés Cardona;12/06/2025;10;2000;1000;19000;7000;Efectivo
VEN01570;CLI280;10059;ALCOHOL INDUSTRIAL X 500;Carlos Mario Hoyos;22/09/2025;5;2000;0;10000;4000;Efectivo
VEN01571;CLI232;10027;AEROGRAFO F75 400 ML DSF-1499;Carlos Mario Hoyos;10/04/2026;10;2000;0;20000;8000;Efectivo
VEN01572;CLI181;10735;ADAPTADOR DE ESPIGO A ROSCA DE 1/2;Andrés Cardona;28/05/2025;3;2000;0;6000;2400;Efectivo
VEN01573;CLI012;10041;ALAMBRE CENTELSA N 10 AMARILLO;Milena Restrepo;10/02/2025;3;2000;0;6000;2400;Efectivo
VEN01574;CLI289;10003;ABRAZADERA TITAN 5/16A5/8 - 3/8  10-04;Carlos Mario Hoyos;9/05/2025;10;2000;0;20000;8000;Transferencia
VEN01575;CLI222;12187;ACOPLE RAPIDO PISTOLA PINTAR;Andrés Cardona;10/08/2025;10;2000;0;20000;8000;Tarjeta
VEN01576;CLI275;10062;ALICATE 8 NARANJA DSF-6050;Diana Tobón;25/02/2026;10;2000;1000;19000;7000;Transferencia
VEN01577;CLI067;10045;ALAMBRE CENTELSA N 10 ROJO;Milena Restrepo;3/01/2025;2;2000;200;3800;1400;Transferencia
VEN01578;CLI030;10024;ACOPLE SANITARIO GRIPLAS;Andrés Cardona;18/01/2026;5;2000;0;10000;4000;Transferencia
VEN01579;CLI050;10032;ALAMBRE PUA  C14 X 350MT CORSAN;Andrés Cardona;18/08/2025;3;2000;0;6000;2400;Efectivo
VEN01580;CLI126;12240;ACOPLE PASTA SAMURAY ECONOMICO;Diana Tobón;18/09/2025;5;2000;1000;9000;3000;Tarjeta
VEN01581;CLI092;10050;ALAMBRE CENTELSA N 12 NEGRO;Diana Tobón;11/05/2025;2;2000;0;4000;1600;Tarjeta
VEN01582;CLI139;10037;ALAMBRE CENTELSA N  8 BLANCO;Andrés Cardona;9/10/2025;3;2000;300;5700;2100;Efectivo
VEN01583;CLI058;11071;ACOPLE LAVAMANOS GRIVAL LARGO 60;Milena Restrepo;17/09/2025;5;2000;0;10000;4000;Efectivo
VEN01584;CLI069;10027;AEROGRAFO F75 400 ML DSF-1499;Milena Restrepo;3/04/2025;1;2000;0;2000;800;Efectivo
VEN01585;CLI124;10017;ACEITE USA1 X 70 CC;Diana Tobón;17/02/2025;1;2000;0;2000;800;Efectivo
VEN01586;CLI172;10015;ABRAZADERA TITAN 31/2A45/16 40-56;Diana Tobón;31/10/2025;3;2000;300;5700;2100;Transferencia
VEN01587;CLI229;10015;ABRAZADERA TITAN 31/2A45/16 40-56;Andrés Cardona;12/05/2026;3;2000;0;6000;2400;Transferencia
VEN01588;CLI209;10050;ALAMBRE CENTELSA N 12 NEGRO;Diana Tobón;26/01/2026;3;2000;0;6000;2400;Transferencia
VEN01589;CLI086;10044;ALAMBRE CENTELSA N 10 NEGRO;Diana Tobón;27/01/2025;3;2000;0;6000;2400;Transferencia
VEN01590;CLI216;10043;ALAMBRE CENTELSA N 10 BLANCO;Andrés Cardona;11/01/2025;5;2000;0;10000;4000;Transferencia
VEN01591;CLI111;10010;ABRAZADERA TITAN 11/4A2 40-28;Carlos Mario Hoyos;15/10/2025;5;2000;0;10000;4000;Efectivo
VEN01592;CLI148;10006;ABRAZADERA TITAN 3/4A1 40-12;Carlos Mario Hoyos;8/08/2025;10;2000;0;20000;8000;Tarjeta
VEN01593;CLI122;10020;ACOPLE LAVAMANOS CARDENAS LARGO;Andrés Cardona;31/01/2025;10;2000;0;20000;8000;Tarjeta
VEN01594;CLI285;10040;ALAMBRE CENTELSA N  8 VERDE;Diana Tobón;15/02/2025;2;2000;0;4000;1600;Tarjeta
VEN01595;CLI194;10050;ALAMBRE CENTELSA N 12 NEGRO;Carlos Mario Hoyos;1/05/2025;10;2000;0;20000;8000;Transferencia
VEN01596;CLI094;10059;ALCOHOL INDUSTRIAL X 500;Milena Restrepo;23/03/2025;1;2000;100;1900;700;Tarjeta
VEN01597;CLI017;10019;ACOPLE LAVAMANO CORTO  CARDENAS;Andrés Cardona;26/06/2025;5;2000;1000;9000;3000;Tarjeta
VEN01598;CLI043;12188;ACOPLE RAPIDO PISTOLA X 2 DORADO DSF-6035;Diana Tobón;28/08/2025;10;2000;0;20000;8000;Efectivo
VEN01599;CLI110;11058;ACOPLE SANITARIO GRIVAL 40 CMS;Milena Restrepo;20/02/2026;10;2000;0;20000;8000;Efectivo
VEN01600;CLI127;11941;AGUA STOP AHORRADOR PLASTIG;Carlos Mario Hoyos;27/05/2025;2;2000;0;4000;1600;Tarjeta
VEN01601;CLI006;12188;ACOPLE RAPIDO PISTOLA X 2 DORADO DSF-6035;Milena Restrepo;9/04/2025;2;2000;0;4000;1600;Efectivo
VEN01602;CLI025;10062;ALICATE 8 NARANJA DSF-6050;Andrés Cardona;6/08/2025;1;2000;0;2000;800;Tarjeta
VEN01603;CLI100;10026;ACRONAL  DE GALON;Carlos Mario Hoyos;8/07/2025;3;2000;0;6000;2400;Tarjeta
VEN01604;CLI081;10030;AEROGRAFO X 150 ML ABANICO HOPEX F2;Diana Tobón;20/07/2025;1;2000;0;2000;800;Efectivo
VEN01605;CLI111;12242;ACOPLE SAMURAY PREMIER AMARILLO;Diana Tobón;5/02/2026;3;2000;0;6000;2400;Efectivo
VEN01606;CLI121;11942;AGUA STOP CAUCHO GRIPLAS;Andrés Cardona;19/08/2025;1;2000;0;2000;800;Transferencia
VEN01607;CLI281;11699;ADAPTADOR HEMBRA DE 3/4 PVC LEO;Carlos Mario Hoyos;13/07/2025;3;2000;0;6000;2400;Transferencia
VEN01608;CLI125;11698;"ADAPTADOR HEMBRA  1/2"" LEO PRECION";Milena Restrepo;29/03/2026;3;2000;0;6000;2400;Transferencia
VEN01609;CLI133;10028;AEROGRAFO LAPICERO X 4 HOPEX PROFESI;Andrés Cardona;14/10/2025;5;2000;0;10000;4000;Efectivo
VEN01610;CLI275;11685;ACOPLE CAUCHO SUELTO LICUADORA OSTER;Andrés Cardona;1/04/2026;1;2000;0;2000;800;Efectivo
VEN01611;CLI085;10041;ALAMBRE CENTELSA N 10 AMARILLO;Diana Tobón;15/06/2025;10;2000;0;20000;8000;Tarjeta
VEN01612;CLI086;10048;ALAMBRE CENTELSA N 12 AZUL;Carlos Mario Hoyos;5/03/2025;10;2000;0;20000;8000;Transferencia
VEN01613;CLI119;11071;ACOPLE LAVAMANOS GRIVAL LARGO 60;Andrés Cardona;20/07/2025;10;2000;0;20000;8000;Tarjeta
VEN01614;CLI177;10022;ACOPLE SANITARIO CARDENAS LARGO;Diana Tobón;11/10/2025;3;2000;0;6000;2400;Transferencia
VEN01615;CLI004;10055;ALAMBRE CENTELSA N 14 BLANCO;Milena Restrepo;27/10/2025;10;2000;0;20000;8000;Efectivo
VEN01616;CLI290;10004;ABRAZADERA TITAN 7/16A25/32 - 1/2 10-06;Andrés Cardona;17/04/2025;2;2000;0;4000;1600;Efectivo
VEN01617;CLI231;10006;ABRAZADERA TITAN 3/4A1 40-12;Milena Restrepo;26/06/2025;3;2000;0;6000;2400;Transferencia
VEN01618;CLI122;10042;ALAMBRE CENTELSA N 10 AZUL;Carlos Mario Hoyos;24/04/2026;5;2000;0;10000;4000;Tarjeta
VEN01619;CLI126;10043;ALAMBRE CENTELSA N 10 BLANCO;Carlos Mario Hoyos;21/04/2026;3;2000;0;6000;2400;Transferencia
VEN01620;CLI006;12240;ACOPLE PASTA SAMURAY ECONOMICO;Milena Restrepo;23/01/2026;3;2000;0;6000;2400;Efectivo
VEN01621;CLI293;10007;ABRAZADERA TITAN 29/32A1-3/8 40-16;Milena Restrepo;24/01/2025;3;2000;0;6000;2400;Efectivo
VEN01622;CLI015;11830;ALQUITRAN POR KILO;Milena Restrepo;8/11/2025;5;2000;500;9500;3500;Tarjeta
VEN01623;CLI274;10038;ALAMBRE CENTELSA N  8 NEGRO;Milena Restrepo;5/02/2026;10;2000;0;20000;8000;Efectivo
VEN01624;CLI265;11060;AGUA STOP PASTA GRIVAL;Milena Restrepo;3/05/2026;10;2000;0;20000;8000;Efectivo
VEN01625;CLI164;10053;ALAMBRE CENTELSA N 14 AMARILLO;Diana Tobón;8/08/2025;1;2000;0;2000;800;Transferencia
VEN01626;CLI082;10059;ALCOHOL INDUSTRIAL X 500;Diana Tobón;3/06/2025;2;2000;400;3600;1200;Efectivo
VEN01627;CLI156;10006;ABRAZADERA TITAN 3/4A1 40-12;Andrés Cardona;27/10/2025;2;2000;0;4000;1600;Transferencia
VEN01628;CLI285;10002;ABRAZADERA TITAN 5/16-15/32 10-00;Milena Restrepo;23/08/2025;10;2000;0;20000;8000;Tarjeta
VEN01629;CLI085;10735;ADAPTADOR DE ESPIGO A ROSCA DE 1/2;Carlos Mario Hoyos;21/12/2025;1;2000;0;2000;800;Transferencia
VEN01630;CLI020;11700;"ADAPTADOR MACHO DE 1/2"" PVC LEO";Milena Restrepo;10/02/2026;10;2000;0;20000;8000;Efectivo
VEN01631;CLI196;11685;ACOPLE CAUCHO SUELTO LICUADORA OSTER;Carlos Mario Hoyos;22/04/2025;1;2000;0;2000;800;Tarjeta
VEN01632;CLI248;10062;ALICATE 8 NARANJA DSF-6050;Andrés Cardona;24/04/2025;2;2000;0;4000;1600;Tarjeta
VEN01633;CLI131;10063;ALICATE FOCCI 8,5 DSF-1684;Diana Tobón;6/10/2025;5;2000;0;10000;4000;Transferencia
VEN01634;CLI061;10052;ALAMBRE CENTELSA N 12 VERDE;Carlos Mario Hoyos;16/08/2025;5;2000;0;10000;4000;Efectivo
VEN01635;CLI160;10014;ABRAZADERA TITAN 2-3/8A3-1/8  40-44;Milena Restrepo;11/01/2025;1;2000;0;2000;800;Tarjeta
VEN01636;CLI094;10030;AEROGRAFO X 150 ML ABANICO HOPEX F2;Milena Restrepo;8/03/2025;3;2000;0;6000;2400;Transferencia
VEN01637;CLI261;10005;ABRAZADERA TITAN 1/2A3/4  40-06;Andrés Cardona;10/06/2025;5;2000;0;10000;4000;Tarjeta
VEN01638;CLI034;10046;ALAMBRE CENTELSA N 10 VERDE;Andrés Cardona;22/12/2025;1;2000;0;2000;800;Tarjeta
VEN01639;CLI089;10042;ALAMBRE CENTELSA N 10 AZUL;Milena Restrepo;7/04/2025;3;2000;0;6000;2400;Tarjeta
VEN01640;CLI053;10055;ALAMBRE CENTELSA N 14 BLANCO;Andrés Cardona;9/12/2025;2;2000;0;4000;1600;Tarjeta
VEN01641;CLI223;10735;ADAPTADOR DE ESPIGO A ROSCA DE 1/2;Diana Tobón;16/02/2025;5;2000;0;10000;4000;Efectivo
VEN01642;CLI039;11698;"ADAPTADOR HEMBRA  1/2"" LEO PRECION";Carlos Mario Hoyos;27/12/2025;10;2000;0;20000;8000;Transferencia
VEN01643;CLI105;10054;ALAMBRE CENTELSA N 14 AZUL;Diana Tobón;7/12/2025;5;2000;500;9500;3500;Transferencia
VEN01644;CLI281;10049;ALAMBRE CENTELSA N 12 BLANCO;Carlos Mario Hoyos;18/01/2026;10;2000;0;20000;8000;Transferencia
VEN01645;CLI070;10044;ALAMBRE CENTELSA N 10 NEGRO;Milena Restrepo;29/03/2026;10;2000;0;20000;8000;Transferencia
VEN01646;CLI214;12178;ACOPLE RAPIDO PISTOLA PINTAR JUEGO X 5;Diana Tobón;11/09/2025;5;2000;0;10000;4000;Transferencia
VEN01647;CLI233;10057;ALAMBRE CENTELSA N 14 ROJO;Carlos Mario Hoyos;19/07/2025;3;2000;0;6000;2400;Efectivo
VEN01648;CLI064;10042;ALAMBRE CENTELSA N 10 AZUL;Milena Restrepo;23/01/2026;2;2000;0;4000;1600;Efectivo
VEN01649;CLI244;10063;ALICATE FOCCI 8,5 DSF-1684;Diana Tobón;21/02/2026;5;2000;0;10000;4000;Transferencia
VEN01650;CLI242;11701;"ADAPTADOR MACHO DE 3/4"" PVC LEO";Carlos Mario Hoyos;11/05/2025;5;2000;500;9500;3500;Efectivo
VEN01651;CLI285;10986;AGUA STOP ARGOLLA GERFOR 581140;Carlos Mario Hoyos;5/01/2025;3;2000;300;5700;2100;Tarjeta
VEN01652;CLI228;10040;ALAMBRE CENTELSA N  8 VERDE;Andrés Cardona;13/11/2025;1;2000;0;2000;800;Efectivo
VEN01653;CLI161;12178;ACOPLE RAPIDO PISTOLA PINTAR JUEGO X 5;Andrés Cardona;4/02/2025;10;2000;0;20000;8000;Tarjeta
VEN01654;CLI010;10011;ABRAZADERA TITAN 13/4A21/2  40-32;Milena Restrepo;22/08/2025;2;2000;0;4000;1600;Transferencia
VEN01655;CLI284;10084;AGUAMONIACO  FRASCO X 480;Diana Tobón;27/10/2025;3;3800;0;11400;7800;Tarjeta
VEN01656;CLI218;11072;ACOPLE SANITARIO GRIVAL LARGO 55;Andrés Cardona;11/07/2025;1;2000;100;1900;700;Efectivo
VEN01657;CLI075;11698;"ADAPTADOR HEMBRA  1/2"" LEO PRECION";Milena Restrepo;31/03/2026;5;2000;0;10000;4000;Efectivo
VEN01658;CLI253;10062;ALICATE 8 NARANJA DSF-6050;Milena Restrepo;20/03/2026;2;2000;0;4000;1600;Tarjeta
VEN01659;CLI295;10001;ABRAZADERA 1/2 ECONOMICA;Diana Tobón;4/01/2026;3;2000;0;6000;2400;Tarjeta
VEN01660;CLI260;10027;AEROGRAFO F75 400 ML DSF-1499;Milena Restrepo;17/04/2025;1;2000;0;2000;800;Efectivo
VEN01661;CLI208;11699;ADAPTADOR HEMBRA DE 3/4 PVC LEO;Milena Restrepo;18/05/2025;5;2000;0;10000;4000;Transferencia
VEN01662;CLI029;10052;ALAMBRE CENTELSA N 12 VERDE;Andrés Cardona;8/09/2025;3;2000;0;6000;2400;Efectivo
VEN01663;CLI249;10038;ALAMBRE CENTELSA N  8 NEGRO;Diana Tobón;10/02/2025;1;2000;0;2000;800;Transferencia
VEN01664;CLI257;11697;"ADAPTADOR HEMBRA DE 1"" PVC LEO";Carlos Mario Hoyos;21/06/2025;5;2000;0;10000;4000;Efectivo
VEN01665;CLI273;10048;ALAMBRE CENTELSA N 12 AZUL;Andrés Cardona;8/11/2025;3;2000;0;6000;2400;Transferencia
VEN01666;CLI021;11830;ALQUITRAN POR KILO;Andrés Cardona;13/06/2025;10;2000;0;20000;8000;Efectivo
VEN01667;CLI083;10006;ABRAZADERA TITAN 3/4A1 40-12;Diana Tobón;14/05/2026;3;2000;300;5700;2100;Transferencia
VEN01668;CLI278;11699;ADAPTADOR HEMBRA DE 3/4 PVC LEO;Milena Restrepo;18/03/2026;3;2000;0;6000;2400;Transferencia
VEN01669;CLI222;10006;ABRAZADERA TITAN 3/4A1 40-12;Carlos Mario Hoyos;24/09/2025;1;2000;100;1900;700;Efectivo
VEN01670;CLI036;11697;"ADAPTADOR HEMBRA DE 1"" PVC LEO";Andrés Cardona;14/02/2026;3;2000;0;6000;2400;Efectivo
VEN01671;CLI273;10026;ACRONAL  DE GALON;Diana Tobón;28/09/2025;2;2000;0;4000;1600;Transferencia
VEN01672;CLI177;10005;ABRAZADERA TITAN 1/2A3/4  40-06;Diana Tobón;23/02/2025;2;2000;200;3800;1400;Tarjeta
VEN01673;CLI152;11057;ACOPLE LAVAMANOS GRIVAL 40CMS;Milena Restrepo;6/10/2025;5;2000;0;10000;4000;Tarjeta
VEN01674;CLI246;10043;ALAMBRE CENTELSA N 10 BLANCO;Diana Tobón;2/05/2025;1;2000;0;2000;800;Efectivo
VEN01675;CLI127;10020;ACOPLE LAVAMANOS CARDENAS LARGO;Carlos Mario Hoyos;25/11/2025;2;2000;0;4000;1600;Efectivo
VEN01676;CLI001;10025;ACRONAL  DE 1/4;Milena Restrepo;23/04/2025;3;2000;0;6000;2400;Efectivo
VEN01677;CLI110;10009;ABRAZADERA TITAN 11/8A17/8  40-24;Diana Tobón;3/12/2025;10;2000;0;20000;8000;Tarjeta
VEN01678;CLI031;10019;ACOPLE LAVAMANO CORTO  CARDENAS;Carlos Mario Hoyos;21/05/2025;2;2000;400;3600;1200;Efectivo
VEN01679;CLI244;11059;AGUA STOP CAUCHO GRIVAL;Andrés Cardona;6/08/2025;10;2000;0;20000;8000;Transferencia
VEN01680;CLI012;10031;ALAMBRE PUA C 14 X 500MT;Andrés Cardona;16/01/2026;2;2000;0;4000;1600;Transferencia
VEN01681;CLI238;11703;"ADAPTADOR MACHO DE 11/2"" PVC LEO";Milena Restrepo;4/01/2025;10;2000;1000;19000;7000;Transferencia
VEN01682;CLI053;11700;"ADAPTADOR MACHO DE 1/2"" PVC LEO";Andrés Cardona;7/11/2025;10;2000;0;20000;8000;Transferencia
VEN01683;CLI299;12240;ACOPLE PASTA SAMURAY ECONOMICO;Andrés Cardona;4/03/2026;5;2000;0;10000;4000;Transferencia
VEN01684;CLI046;10063;ALICATE FOCCI 8,5 DSF-1684;Diana Tobón;23/12/2025;2;2000;0;4000;1600;Tarjeta
VEN01685;CLI168;10015;ABRAZADERA TITAN 31/2A45/16 40-56;Diana Tobón;21/05/2025;2;2000;0;4000;1600;Transferencia
VEN01686;CLI080;10045;ALAMBRE CENTELSA N 10 ROJO;Andrés Cardona;19/10/2025;2;2000;0;4000;1600;Tarjeta
VEN01687;CLI043;10025;ACRONAL  DE 1/4;Andrés Cardona;26/11/2025;10;2000;0;20000;8000;Efectivo
VEN01688;CLI043;10004;ABRAZADERA TITAN 7/16A25/32 - 1/2 10-06;Milena Restrepo;25/08/2025;3;2000;0;6000;2400;Efectivo
VEN01689;CLI064;10054;ALAMBRE CENTELSA N 14 AZUL;Carlos Mario Hoyos;13/01/2026;2;2000;0;4000;1600;Efectivo
VEN01690;CLI212;10987;AGUA STOP PINES SAPITO GERFOR 580051;Carlos Mario Hoyos;16/12/2025;10;2000;0;20000;8000;Transferencia
VEN01691;CLI189;10014;ABRAZADERA TITAN 2-3/8A3-1/8  40-44;Carlos Mario Hoyos;29/07/2025;5;2000;0;10000;4000;Transferencia
VEN01692;CLI164;10058;ALAMBRE CENTELSA N 14 VERDE;Diana Tobón;28/02/2025;10;2000;0;20000;8000;Efectivo
VEN01693;CLI071;11701;"ADAPTADOR MACHO DE 3/4"" PVC LEO";Milena Restrepo;15/07/2025;5;2000;0;10000;4000;Efectivo
VEN01694;CLI008;12177;AGUJAS PISTOLA PINTAR;Carlos Mario Hoyos;12/11/2025;1;2000;0;2000;800;Efectivo
VEN01695;CLI035;10735;ADAPTADOR DE ESPIGO A ROSCA DE 1/2;Diana Tobón;15/07/2025;2;2000;0;4000;1600;Transferencia
VEN01696;CLI049;12596;ADAPTADOR DE 1/2 EMT;Diana Tobón;30/09/2025;3;2000;0;6000;2400;Transferencia
VEN01697;CLI131;10058;ALAMBRE CENTELSA N 14 VERDE;Carlos Mario Hoyos;18/01/2026;5;2000;0;10000;4000;Transferencia
VEN01698;CLI300;10030;AEROGRAFO X 150 ML ABANICO HOPEX F2;Andrés Cardona;7/10/2025;1;2000;0;2000;800;Transferencia
VEN01699;CLI054;11072;ACOPLE SANITARIO GRIVAL LARGO 55;Milena Restrepo;23/09/2025;2;2000;0;4000;1600;Efectivo
VEN01700;CLI230;10020;ACOPLE LAVAMANOS CARDENAS LARGO;Milena Restrepo;2/11/2025;3;2000;0;6000;2400;Efectivo
VEN01701;CLI218;12595;ADAPTADOR DE 1 EMT;Diana Tobón;3/02/2025;3;2000;0;6000;2400;Tarjeta
VEN01702;CLI057;12596;ADAPTADOR DE 1/2 EMT;Milena Restrepo;21/01/2025;1;2000;200;1800;600;Tarjeta
VEN01703;CLI057;11060;AGUA STOP PASTA GRIVAL;Carlos Mario Hoyos;15/06/2025;2;2000;0;4000;1600;Tarjeta
VEN01704;CLI191;10058;ALAMBRE CENTELSA N 14 VERDE;Diana Tobón;24/03/2025;1;2000;0;2000;800;Transferencia
VEN01705;CLI219;10025;ACRONAL  DE 1/4;Andrés Cardona;1/02/2026;1;2000;100;1900;700;Efectivo
VEN01706;CLI243;10879;ADAPTADOR MACHO 1/2 X 16MM PE AL PE;Andrés Cardona;28/09/2025;3;2000;0;6000;2400;Tarjeta
VEN01707;CLI071;12178;ACOPLE RAPIDO PISTOLA PINTAR JUEGO X 5;Andrés Cardona;29/01/2026;10;2000;0;20000;8000;Efectivo
VEN01708;CLI239;10035;ALAMBRE CENTELSA N  8 AMARILLO;Carlos Mario Hoyos;22/11/2025;1;2000;0;2000;800;Efectivo
VEN01709;CLI175;11057;ACOPLE LAVAMANOS GRIVAL 40CMS;Milena Restrepo;2/06/2025;2;2000;0;4000;1600;Efectivo
VEN01710;CLI296;10986;AGUA STOP ARGOLLA GERFOR 581140;Diana Tobón;3/11/2025;10;2000;0;20000;8000;Efectivo
VEN01711;CLI037;10035;ALAMBRE CENTELSA N  8 AMARILLO;Milena Restrepo;20/03/2025;5;2000;0;10000;4000;Tarjeta
VEN01712;CLI272;12596;ADAPTADOR DE 1/2 EMT;Milena Restrepo;3/06/2025;3;2000;0;6000;2400;Tarjeta
VEN01713;CLI197;10016;ACEITE USA1 X 30 CC;Diana Tobón;15/02/2025;10;2000;0;20000;8000;Efectivo
VEN01714;CLI238;10013;ABRAZADERA TITAN 23/8A31/8  40-40;Milena Restrepo;3/02/2026;1;2000;0;2000;800;Tarjeta
VEN01715;CLI209;10048;ALAMBRE CENTELSA N 12 AZUL;Diana Tobón;18/04/2025;5;2000;0;10000;4000;Tarjeta
VEN01716;CLI098;11697;"ADAPTADOR HEMBRA DE 1"" PVC LEO";Carlos Mario Hoyos;30/04/2025;1;2000;0;2000;800;Transferencia
VEN01717;CLI084;10042;ALAMBRE CENTELSA N 10 AZUL;Diana Tobón;15/09/2025;10;2000;1000;19000;7000;Transferencia
VEN01718;CLI001;10059;ALCOHOL INDUSTRIAL X 500;Milena Restrepo;7/01/2025;3;2000;0;6000;2400;Tarjeta
VEN01719;CLI005;10017;ACEITE USA1 X 70 CC;Carlos Mario Hoyos;13/11/2025;3;2000;0;6000;2400;Transferencia
VEN01720;CLI253;12177;AGUJAS PISTOLA PINTAR;Carlos Mario Hoyos;19/02/2025;1;2000;0;2000;800;Efectivo
VEN01721;CLI034;11830;ALQUITRAN POR KILO;Carlos Mario Hoyos;31/05/2025;10;2000;1000;19000;7000;Efectivo
VEN01722;CLI096;11703;"ADAPTADOR MACHO DE 11/2"" PVC LEO";Andrés Cardona;28/01/2025;5;2000;0;10000;4000;Transferencia
VEN01723;CLI243;10007;ABRAZADERA TITAN 29/32A1-3/8 40-16;Carlos Mario Hoyos;28/05/2025;2;2000;0;4000;1600;Transferencia
VEN01724;CLI181;10047;ALAMBRE CENTELSA N 12 AMARILLO;Andrés Cardona;11/10/2025;5;2000;0;10000;4000;Tarjeta
VEN01725;CLI162;10021;ACOPLE LAVAMANOS GRIPLAS;Milena Restrepo;2/04/2026;5;2000;0;10000;4000;Efectivo
VEN01726;CLI048;10022;ACOPLE SANITARIO CARDENAS LARGO;Milena Restrepo;19/05/2025;2;2000;400;3600;1200;Transferencia
VEN01727;CLI220;10028;AEROGRAFO LAPICERO X 4 HOPEX PROFESI;Andrés Cardona;30/06/2025;1;2000;0;2000;800;Efectivo
VEN01728;CLI257;10039;ALAMBRE CENTELSA N  8 ROJO;Milena Restrepo;14/11/2025;5;2000;0;10000;4000;Tarjeta
VEN01729;CLI257;10025;ACRONAL  DE 1/4;Milena Restrepo;29/03/2026;1;2000;0;2000;800;Transferencia
VEN01730;CLI178;10038;ALAMBRE CENTELSA N  8 NEGRO;Diana Tobón;18/05/2025;5;2000;0;10000;4000;Transferencia
VEN01731;CLI025;10061;ALICATE 6 NARANJA DSF-6049;Milena Restrepo;11/01/2025;5;2000;0;10000;4000;Tarjeta
VEN01732;CLI295;10050;ALAMBRE CENTELSA N 12 NEGRO;Andrés Cardona;13/02/2026;5;2000;0;10000;4000;Transferencia
VEN01733;CLI121;10059;ALCOHOL INDUSTRIAL X 500;Diana Tobón;25/04/2025;5;2000;0;10000;4000;Transferencia
VEN01734;CLI265;10084;AGUAMONIACO  FRASCO X 480;Milena Restrepo;7/10/2025;1;3800;0;3800;2600;Transferencia
VEN01735;CLI123;11699;ADAPTADOR HEMBRA DE 3/4 PVC LEO;Carlos Mario Hoyos;21/08/2025;1;2000;200;1800;600;Tarjeta
VEN01736;CLI025;10060;ALICATE  BICOLOR N 8;Milena Restrepo;28/03/2025;5;2000;0;10000;4000;Efectivo
VEN01737;CLI223;11071;ACOPLE LAVAMANOS GRIVAL LARGO 60;Diana Tobón;24/09/2025;2;2000;0;4000;1600;Tarjeta
VEN01738;CLI017;10014;ABRAZADERA TITAN 2-3/8A3-1/8  40-44;Carlos Mario Hoyos;6/10/2025;1;2000;100;1900;700;Tarjeta
VEN01739;CLI289;10012;ABRAZADERA TITAN  2A2-3/8 40-36;Andrés Cardona;1/10/2025;5;2000;0;10000;4000;Tarjeta
VEN01740;CLI101;10058;ALAMBRE CENTELSA N 14 VERDE;Milena Restrepo;5/07/2025;1;2000;100;1900;700;Efectivo
VEN01741;CLI012;10026;ACRONAL  DE GALON;Diana Tobón;20/01/2025;2;2000;0;4000;1600;Tarjeta
VEN01742;CLI109;10011;ABRAZADERA TITAN 13/4A21/2  40-32;Diana Tobón;9/10/2025;1;2000;0;2000;800;Tarjeta
VEN01743;CLI250;10036;ALAMBRE CENTELSA N  8 AZUL;Carlos Mario Hoyos;29/12/2025;1;2000;0;2000;800;Efectivo
VEN01744;CLI290;11698;"ADAPTADOR HEMBRA  1/2"" LEO PRECION";Carlos Mario Hoyos;13/06/2025;1;2000;0;2000;800;Efectivo
VEN01745;CLI266;10031;ALAMBRE PUA C 14 X 500MT;Andrés Cardona;3/07/2025;5;2000;0;10000;4000;Efectivo
VEN01746;CLI205;10055;ALAMBRE CENTELSA N 14 BLANCO;Diana Tobón;13/02/2026;5;2000;0;10000;4000;Tarjeta
VEN01747;CLI212;10058;ALAMBRE CENTELSA N 14 VERDE;Diana Tobón;3/03/2025;1;2000;0;2000;800;Transferencia
VEN01748;CLI155;12595;ADAPTADOR DE 1 EMT;Carlos Mario Hoyos;31/08/2025;3;2000;300;5700;2100;Transferencia
VEN01749;CLI015;10054;ALAMBRE CENTELSA N 14 AZUL;Andrés Cardona;31/12/2025;2;2000;200;3800;1400;Tarjeta
VEN01750;CLI121;10018;ACIDO CORRIENTE X 480;Milena Restrepo;15/04/2025;5;2000;500;9500;3500;Tarjeta
VEN01751;CLI036;11941;AGUA STOP AHORRADOR PLASTIG;Diana Tobón;4/12/2025;1;2000;0;2000;800;Tarjeta
VEN01752;CLI167;10022;ACOPLE SANITARIO CARDENAS LARGO;Diana Tobón;19/04/2026;3;2000;0;6000;2400;Efectivo
VEN01753;CLI180;10052;ALAMBRE CENTELSA N 12 VERDE;Milena Restrepo;8/12/2025;3;2000;0;6000;2400;Tarjeta
VEN01754;CLI123;10048;ALAMBRE CENTELSA N 12 AZUL;Diana Tobón;23/01/2025;10;2000;0;20000;8000;Tarjeta
VEN01755;CLI003;11057;ACOPLE LAVAMANOS GRIVAL 40CMS;Andrés Cardona;1/10/2025;1;2000;0;2000;800;Tarjeta
VEN01756;CLI047;10044;ALAMBRE CENTELSA N 10 NEGRO;Diana Tobón;28/03/2026;2;2000;0;4000;1600;Efectivo
VEN01757;CLI109;11059;AGUA STOP CAUCHO GRIVAL;Diana Tobón;6/12/2025;2;2000;0;4000;1600;Efectivo
VEN01758;CLI028;11943;AGUA STOP PLASTGRIFOS;Andrés Cardona;27/02/2026;3;2000;0;6000;2400;Tarjeta
VEN01759;CLI207;10013;ABRAZADERA TITAN 23/8A31/8  40-40;Andrés Cardona;19/11/2025;1;2000;0;2000;800;Tarjeta
VEN01760;CLI251;10987;AGUA STOP PINES SAPITO GERFOR 580051;Andrés Cardona;15/03/2025;5;2000;0;10000;4000;Tarjeta
VEN01761;CLI038;10022;ACOPLE SANITARIO CARDENAS LARGO;Carlos Mario Hoyos;17/12/2025;3;2000;0;6000;2400;Tarjeta
VEN01762;CLI252;10059;ALCOHOL INDUSTRIAL X 500;Diana Tobón;28/10/2025;3;2000;300;5700;2100;Efectivo
VEN01763;CLI078;10020;ACOPLE LAVAMANOS CARDENAS LARGO;Diana Tobón;8/01/2025;2;2000;0;4000;1600;Efectivo
VEN01764;CLI251;10063;ALICATE FOCCI 8,5 DSF-1684;Diana Tobón;18/09/2025;1;2000;0;2000;800;Efectivo
VEN01765;CLI006;11696;ADAPTADOR PVC ALARGE 1/2 X 3/8;Carlos Mario Hoyos;19/12/2025;1;2000;0;2000;800;Efectivo
VEN01766;CLI076;12596;ADAPTADOR DE 1/2 EMT;Andrés Cardona;13/08/2025;2;2000;0;4000;1600;Tarjeta
VEN01767;CLI024;10032;ALAMBRE PUA  C14 X 350MT CORSAN;Carlos Mario Hoyos;22/11/2025;3;2000;300;5700;2100;Transferencia
VEN01768;CLI163;11697;"ADAPTADOR HEMBRA DE 1"" PVC LEO";Andrés Cardona;5/07/2025;2;2000;0;4000;1600;Transferencia
VEN01769;CLI293;11059;AGUA STOP CAUCHO GRIVAL;Carlos Mario Hoyos;3/04/2025;5;2000;0;10000;4000;Transferencia
VEN01770;CLI276;12597;ADAPTADOR DE 3/4 EMT;Andrés Cardona;10/11/2025;5;2000;500;9500;3500;Tarjeta
VEN01771;CLI187;12240;ACOPLE PASTA SAMURAY ECONOMICO;Andrés Cardona;7/02/2026;1;2000;0;2000;800;Efectivo
VEN01772;CLI145;10035;ALAMBRE CENTELSA N  8 AMARILLO;Carlos Mario Hoyos;28/02/2026;10;2000;0;20000;8000;Tarjeta
VEN01773;CLI213;10031;ALAMBRE PUA C 14 X 500MT;Diana Tobón;8/06/2025;5;2000;0;10000;4000;Transferencia
VEN01774;CLI141;11697;"ADAPTADOR HEMBRA DE 1"" PVC LEO";Carlos Mario Hoyos;5/04/2026;2;2000;0;4000;1600;Transferencia
VEN01775;CLI008;11701;"ADAPTADOR MACHO DE 3/4"" PVC LEO";Andrés Cardona;22/01/2026;5;2000;0;10000;4000;Efectivo
VEN01776;CLI282;10033;ALAMBRE PUA C16 X 200MT CORSAN;Andrés Cardona;13/03/2026;5;2000;0;10000;4000;Tarjeta
VEN01777;CLI127;11941;AGUA STOP AHORRADOR PLASTIG;Andrés Cardona;25/04/2026;3;2000;0;6000;2400;Efectivo
VEN01778;CLI024;10032;ALAMBRE PUA  C14 X 350MT CORSAN;Carlos Mario Hoyos;5/08/2025;5;2000;0;10000;4000;Transferencia
VEN01779;CLI210;11060;AGUA STOP PASTA GRIVAL;Carlos Mario Hoyos;10/08/2025;3;2000;0;6000;2400;Efectivo
VEN01780;CLI108;10039;ALAMBRE CENTELSA N  8 ROJO;Andrés Cardona;11/05/2025;10;2000;0;20000;8000;Efectivo
VEN01781;CLI005;10064;ALICATE STANLEY N 8 84-023;Andrés Cardona;16/11/2025;3;2000;300;5700;2100;Efectivo
VEN01782;CLI067;10055;ALAMBRE CENTELSA N 14 BLANCO;Carlos Mario Hoyos;11/07/2025;1;2000;0;2000;800;Transferencia
VEN01783;CLI091;10014;ABRAZADERA TITAN 2-3/8A3-1/8  40-44;Diana Tobón;26/08/2025;5;2000;500;9500;3500;Transferencia
VEN01784;CLI002;10053;ALAMBRE CENTELSA N 14 AMARILLO;Diana Tobón;16/10/2025;2;2000;0;4000;1600;Efectivo
VEN01785;CLI099;11701;"ADAPTADOR MACHO DE 3/4"" PVC LEO";Andrés Cardona;26/08/2025;3;2000;0;6000;2400;Transferencia
VEN01786;CLI090;10004;ABRAZADERA TITAN 7/16A25/32 - 1/2 10-06;Carlos Mario Hoyos;10/12/2025;5;2000;0;10000;4000;Transferencia
VEN01787;CLI227;12595;ADAPTADOR DE 1 EMT;Diana Tobón;15/05/2026;3;2000;0;6000;2400;Transferencia
VEN01788;CLI180;10014;ABRAZADERA TITAN 2-3/8A3-1/8  40-44;Milena Restrepo;3/05/2026;1;2000;200;1800;600;Efectivo
VEN01789;CLI276;10735;ADAPTADOR DE ESPIGO A ROSCA DE 1/2;Carlos Mario Hoyos;10/01/2026;5;2000;0;10000;4000;Transferencia
VEN01790;CLI011;10735;ADAPTADOR DE ESPIGO A ROSCA DE 1/2;Diana Tobón;12/03/2026;1;2000;0;2000;800;Efectivo
VEN01791;CLI162;10005;ABRAZADERA TITAN 1/2A3/4  40-06;Carlos Mario Hoyos;7/12/2025;2;2000;0;4000;1600;Tarjeta
VEN01792;CLI133;10032;ALAMBRE PUA  C14 X 350MT CORSAN;Milena Restrepo;8/02/2026;3;2000;0;6000;2400;Efectivo
VEN01793;CLI186;12242;ACOPLE SAMURAY PREMIER AMARILLO;Milena Restrepo;15/09/2025;2;2000;0;4000;1600;Efectivo
VEN01794;CLI035;12177;AGUJAS PISTOLA PINTAR;Diana Tobón;14/04/2026;2;2000;0;4000;1600;Tarjeta
VEN01795;CLI224;10034;ALAMBRE PUA C16 X 400MT CORSAN;Carlos Mario Hoyos;19/01/2026;2;2000;0;4000;1600;Efectivo
VEN01796;CLI212;10062;ALICATE 8 NARANJA DSF-6050;Carlos Mario Hoyos;10/04/2025;5;2000;0;10000;4000;Transferencia
VEN01797;CLI159;10041;ALAMBRE CENTELSA N 10 AMARILLO;Milena Restrepo;12/03/2026;5;2000;0;10000;4000;Efectivo
VEN01798;CLI063;10057;ALAMBRE CENTELSA N 14 ROJO;Carlos Mario Hoyos;8/03/2025;3;2000;300;5700;2100;Tarjeta
VEN01799;CLI253;10011;ABRAZADERA TITAN 13/4A21/2  40-32;Milena Restrepo;13/07/2025;5;2000;0;10000;4000;Tarjeta
VEN01800;CLI029;10017;ACEITE USA1 X 70 CC;Diana Tobón;28/04/2025;1;2000;0;2000;800;Transferencia
VEN01801;CLI034;10043;ALAMBRE CENTELSA N 10 BLANCO;Diana Tobón;29/04/2026;3;2000;600;5400;1800;Efectivo
VEN01802;CLI291;10030;AEROGRAFO X 150 ML ABANICO HOPEX F2;Andrés Cardona;21/02/2026;3;2000;0;6000;2400;Transferencia
VEN01803;CLI045;10051;ALAMBRE CENTELSA N 12 ROJO;Carlos Mario Hoyos;3/05/2026;10;2000;0;20000;8000;Efectivo
VEN01804;CLI039;10987;AGUA STOP PINES SAPITO GERFOR 580051;Diana Tobón;29/11/2025;10;2000;0;20000;8000;Efectivo
VEN01805;CLI161;10031;ALAMBRE PUA C 14 X 500MT;Diana Tobón;14/09/2025;2;2000;0;4000;1600;Tarjeta
VEN01806;CLI055;10039;ALAMBRE CENTELSA N  8 ROJO;Andrés Cardona;6/06/2025;5;2000;0;10000;4000;Efectivo
VEN01807;CLI155;10045;ALAMBRE CENTELSA N 10 ROJO;Carlos Mario Hoyos;24/02/2025;5;2000;0;10000;4000;Tarjeta
VEN01808;CLI059;12187;ACOPLE RAPIDO PISTOLA PINTAR;Milena Restrepo;22/11/2025;1;2000;0;2000;800;Tarjeta
VEN01809;CLI225;12188;ACOPLE RAPIDO PISTOLA X 2 DORADO DSF-6035;Carlos Mario Hoyos;22/10/2025;1;2000;100;1900;700;Transferencia
VEN01810;CLI046;12178;ACOPLE RAPIDO PISTOLA PINTAR JUEGO X 5;Diana Tobón;30/03/2025;1;2000;0;2000;800;Tarjeta
VEN01811;CLI190;10017;ACEITE USA1 X 70 CC;Carlos Mario Hoyos;14/01/2026;2;2000;0;4000;1600;Tarjeta
VEN01812;CLI264;12177;AGUJAS PISTOLA PINTAR;Andrés Cardona;5/05/2026;10;2000;2000;18000;6000;Tarjeta
VEN01813;CLI234;10005;ABRAZADERA TITAN 1/2A3/4  40-06;Carlos Mario Hoyos;4/12/2025;10;2000;0;20000;8000;Efectivo
VEN01814;CLI095;10028;AEROGRAFO LAPICERO X 4 HOPEX PROFESI;Andrés Cardona;1/08/2025;1;2000;100;1900;700;Tarjeta
VEN01815;CLI125;10029;AEROGRAFO X 125 ML CHORRO DSF-1505 K3;Andrés Cardona;19/07/2025;10;2000;1000;19000;7000;Transferencia
VEN01816;CLI011;10045;ALAMBRE CENTELSA N 10 ROJO;Milena Restrepo;5/12/2025;5;2000;0;10000;4000;Tarjeta
VEN01817;CLI195;10009;ABRAZADERA TITAN 11/8A17/8  40-24;Diana Tobón;13/05/2025;2;2000;0;4000;1600;Tarjeta
VEN01818;CLI204;10004;ABRAZADERA TITAN 7/16A25/32 - 1/2 10-06;Milena Restrepo;30/08/2025;5;2000;0;10000;4000;Tarjeta
VEN01819;CLI281;11702;"ADAPTADOR MACHO DE 1"" LEO";Carlos Mario Hoyos;21/03/2025;10;2000;0;20000;8000;Transferencia
VEN01820;CLI206;10042;ALAMBRE CENTELSA N 10 AZUL;Andrés Cardona;9/03/2026;1;2000;0;2000;800;Efectivo
VEN01821;CLI265;12596;ADAPTADOR DE 1/2 EMT;Milena Restrepo;20/06/2025;1;2000;200;1800;600;Efectivo
VEN01822;CLI037;10060;ALICATE  BICOLOR N 8;Carlos Mario Hoyos;7/01/2025;10;2000;1000;19000;7000;Transferencia
VEN01823;CLI012;10735;ADAPTADOR DE ESPIGO A ROSCA DE 1/2;Milena Restrepo;7/07/2025;2;2000;200;3800;1400;Transferencia
VEN01824;CLI236;11698;"ADAPTADOR HEMBRA  1/2"" LEO PRECION";Milena Restrepo;16/08/2025;10;2000;0;20000;8000;Tarjeta
VEN01825;CLI058;10024;ACOPLE SANITARIO GRIPLAS;Andrés Cardona;7/12/2025;5;2000;0;10000;4000;Tarjeta
VEN01826;CLI113;10050;ALAMBRE CENTELSA N 12 NEGRO;Milena Restrepo;21/10/2025;2;2000;0;4000;1600;Tarjeta
VEN01827;CLI178;10038;ALAMBRE CENTELSA N  8 NEGRO;Andrés Cardona;21/01/2025;3;2000;0;6000;2400;Transferencia
VEN01828;CLI264;11685;ACOPLE CAUCHO SUELTO LICUADORA OSTER;Andrés Cardona;22/12/2025;10;2000;0;20000;8000;Efectivo
VEN01829;CLI168;11703;"ADAPTADOR MACHO DE 11/2"" PVC LEO";Andrés Cardona;2/10/2025;10;2000;0;20000;8000;Transferencia
VEN01830;CLI275;10879;ADAPTADOR MACHO 1/2 X 16MM PE AL PE;Carlos Mario Hoyos;25/12/2025;1;2000;0;2000;800;Efectivo
VEN01831;CLI208;10041;ALAMBRE CENTELSA N 10 AMARILLO;Carlos Mario Hoyos;10/05/2026;3;2000;0;6000;2400;Efectivo
VEN01832;CLI153;10879;ADAPTADOR MACHO 1/2 X 16MM PE AL PE;Carlos Mario Hoyos;12/02/2026;10;2000;0;20000;8000;Transferencia
VEN01833;CLI106;10015;ABRAZADERA TITAN 31/2A45/16 40-56;Diana Tobón;7/06/2025;3;2000;300;5700;2100;Tarjeta
VEN01834;CLI235;11830;ALQUITRAN POR KILO;Carlos Mario Hoyos;3/11/2025;10;2000;1000;19000;7000;Transferencia
VEN01835;CLI256;10878;ADAPTADOR HEMBRA 1/2 X 16MM PE AL PE;Andrés Cardona;26/02/2026;2;10800;0;21600;19200;Tarjeta
VEN01836;CLI194;10029;AEROGRAFO X 125 ML CHORRO DSF-1505 K3;Carlos Mario Hoyos;21/12/2025;10;2000;1000;19000;7000;Efectivo
VEN01837;CLI190;10048;ALAMBRE CENTELSA N 12 AZUL;Diana Tobón;12/08/2025;3;2000;0;6000;2400;Tarjeta
VEN01838;CLI038;10048;ALAMBRE CENTELSA N 12 AZUL;Carlos Mario Hoyos;20/06/2025;1;2000;0;2000;800;Efectivo
VEN01839;CLI133;10003;ABRAZADERA TITAN 5/16A5/8 - 3/8  10-04;Andrés Cardona;25/06/2025;3;2000;0;6000;2400;Efectivo
VEN01840;CLI194;10005;ABRAZADERA TITAN 1/2A3/4  40-06;Carlos Mario Hoyos;20/01/2026;1;2000;0;2000;800;Tarjeta
VEN01841;CLI116;10038;ALAMBRE CENTELSA N  8 NEGRO;Carlos Mario Hoyos;22/01/2026;1;2000;200;1800;600;Tarjeta
VEN01842;CLI283;10053;ALAMBRE CENTELSA N 14 AMARILLO;Milena Restrepo;22/03/2025;10;2000;0;20000;8000;Tarjeta
VEN01843;CLI251;10032;ALAMBRE PUA  C14 X 350MT CORSAN;Carlos Mario Hoyos;24/11/2025;10;2000;0;20000;8000;Transferencia
VEN01844;CLI235;11699;ADAPTADOR HEMBRA DE 3/4 PVC LEO;Carlos Mario Hoyos;31/03/2026;10;2000;0;20000;8000;Transferencia
VEN01845;CLI018;10041;ALAMBRE CENTELSA N 10 AMARILLO;Carlos Mario Hoyos;1/11/2025;5;2000;0;10000;4000;Efectivo
VEN01846;CLI207;11060;AGUA STOP PASTA GRIVAL;Milena Restrepo;12/04/2026;1;2000;0;2000;800;Transferencia
VEN01847;CLI221;10009;ABRAZADERA TITAN 11/8A17/8  40-24;Andrés Cardona;26/04/2026;2;2000;0;4000;1600;Tarjeta
VEN01848;CLI105;10059;ALCOHOL INDUSTRIAL X 500;Diana Tobón;1/05/2025;3;2000;0;6000;2400;Efectivo
VEN01849;CLI007;10062;ALICATE 8 NARANJA DSF-6050;Diana Tobón;2/08/2025;5;2000;0;10000;4000;Transferencia
VEN01850;CLI147;10042;ALAMBRE CENTELSA N 10 AZUL;Andrés Cardona;4/12/2025;2;2000;0;4000;1600;Tarjeta
VEN01851;CLI065;10035;ALAMBRE CENTELSA N  8 AMARILLO;Carlos Mario Hoyos;16/01/2026;5;2000;0;10000;4000;Tarjeta
VEN01852;CLI151;12187;ACOPLE RAPIDO PISTOLA PINTAR;Andrés Cardona;23/04/2025;3;2000;0;6000;2400;Efectivo
VEN01853;CLI123;10050;ALAMBRE CENTELSA N 12 NEGRO;Milena Restrepo;12/02/2026;3;2000;300;5700;2100;Efectivo
VEN01854;CLI191;11941;AGUA STOP AHORRADOR PLASTIG;Andrés Cardona;10/06/2025;1;2000;0;2000;800;Efectivo
VEN01855;CLI124;12177;AGUJAS PISTOLA PINTAR;Diana Tobón;14/05/2025;5;2000;0;10000;4000;Transferencia
VEN01856;CLI066;10058;ALAMBRE CENTELSA N 14 VERDE;Andrés Cardona;3/09/2025;1;2000;100;1900;700;Transferencia
VEN01857;CLI023;10052;ALAMBRE CENTELSA N 12 VERDE;Andrés Cardona;27/12/2025;5;2000;0;10000;4000;Efectivo
VEN01858;CLI145;11060;AGUA STOP PASTA GRIVAL;Diana Tobón;19/01/2025;2;2000;0;4000;1600;Transferencia
VEN01859;CLI080;11072;ACOPLE SANITARIO GRIVAL LARGO 55;Milena Restrepo;26/07/2025;2;2000;200;3800;1400;Efectivo
VEN01860;CLI142;10025;ACRONAL  DE 1/4;Milena Restrepo;18/01/2026;10;2000;1000;19000;7000;Transferencia
VEN01861;CLI216;10007;ABRAZADERA TITAN 29/32A1-3/8 40-16;Carlos Mario Hoyos;14/07/2025;10;2000;0;20000;8000;Transferencia
VEN01862;CLI232;10019;ACOPLE LAVAMANO CORTO  CARDENAS;Diana Tobón;11/04/2025;1;2000;0;2000;800;Tarjeta
VEN01863;CLI010;10008;ABRAZADERA TITAN 1A19/16 40-20;Milena Restrepo;16/09/2025;10;2000;1000;19000;7000;Efectivo
VEN01864;CLI282;10037;ALAMBRE CENTELSA N  8 BLANCO;Andrés Cardona;22/04/2026;5;2000;0;10000;4000;Tarjeta
VEN01865;CLI100;10060;ALICATE  BICOLOR N 8;Milena Restrepo;9/04/2025;3;2000;0;6000;2400;Tarjeta
VEN01866;CLI037;10010;ABRAZADERA TITAN 11/4A2 40-28;Diana Tobón;5/01/2025;5;2000;500;9500;3500;Tarjeta
VEN01867;CLI021;11700;"ADAPTADOR MACHO DE 1/2"" PVC LEO";Carlos Mario Hoyos;3/09/2025;10;2000;1000;19000;7000;Efectivo
VEN01868;CLI234;10035;ALAMBRE CENTELSA N  8 AMARILLO;Milena Restrepo;28/02/2025;3;2000;0;6000;2400;Transferencia
VEN01869;CLI073;10035;ALAMBRE CENTELSA N  8 AMARILLO;Carlos Mario Hoyos;23/02/2026;5;2000;0;10000;4000;Transferencia
VEN01870;CLI098;10026;ACRONAL  DE GALON;Andrés Cardona;12/10/2025;1;2000;200;1800;600;Tarjeta
VEN01871;CLI282;10003;ABRAZADERA TITAN 5/16A5/8 - 3/8  10-04;Milena Restrepo;29/10/2025;5;2000;0;10000;4000;Tarjeta
VEN01872;CLI121;10055;ALAMBRE CENTELSA N 14 BLANCO;Andrés Cardona;26/11/2025;3;2000;300;5700;2100;Tarjeta
VEN01873;CLI028;10050;ALAMBRE CENTELSA N 12 NEGRO;Milena Restrepo;18/01/2025;3;2000;0;6000;2400;Tarjeta
VEN01874;CLI118;10037;ALAMBRE CENTELSA N  8 BLANCO;Andrés Cardona;12/01/2026;2;2000;0;4000;1600;Transferencia
VEN01875;CLI019;10024;ACOPLE SANITARIO GRIPLAS;Diana Tobón;12/02/2026;3;2000;0;6000;2400;Transferencia
VEN01876;CLI278;10029;AEROGRAFO X 125 ML CHORRO DSF-1505 K3;Andrés Cardona;7/02/2025;10;2000;1000;19000;7000;Efectivo
VEN01877;CLI152;10986;AGUA STOP ARGOLLA GERFOR 581140;Andrés Cardona;19/02/2026;2;2000;400;3600;1200;Transferencia
VEN01878;CLI263;12177;AGUJAS PISTOLA PINTAR;Milena Restrepo;3/05/2025;10;2000;2000;18000;6000;Transferencia
VEN01879;CLI245;12597;ADAPTADOR DE 3/4 EMT;Milena Restrepo;3/08/2025;1;2000;100;1900;700;Tarjeta
VEN01880;CLI027;10029;AEROGRAFO X 125 ML CHORRO DSF-1505 K3;Diana Tobón;10/10/2025;10;2000;0;20000;8000;Efectivo
VEN01881;CLI026;11941;AGUA STOP AHORRADOR PLASTIG;Milena Restrepo;17/02/2026;10;2000;1000;19000;7000;Tarjeta
VEN01882;CLI055;12240;ACOPLE PASTA SAMURAY ECONOMICO;Andrés Cardona;19/06/2025;5;2000;0;10000;4000;Tarjeta
VEN01883;CLI025;10059;ALCOHOL INDUSTRIAL X 500;Diana Tobón;18/02/2026;5;2000;0;10000;4000;Efectivo
VEN01884;CLI137;10006;ABRAZADERA TITAN 3/4A1 40-12;Diana Tobón;8/05/2025;3;2000;300;5700;2100;Transferencia
VEN01885;CLI107;12242;ACOPLE SAMURAY PREMIER AMARILLO;Carlos Mario Hoyos;7/11/2025;10;2000;0;20000;8000;Efectivo
VEN01886;CLI239;11058;ACOPLE SANITARIO GRIVAL 40 CMS;Andrés Cardona;2/03/2026;1;2000;0;2000;800;Efectivo
VEN01887;CLI158;10029;AEROGRAFO X 125 ML CHORRO DSF-1505 K3;Carlos Mario Hoyos;19/10/2025;2;2000;0;4000;1600;Efectivo
VEN01888;CLI266;11830;ALQUITRAN POR KILO;Andrés Cardona;4/02/2025;1;2000;0;2000;800;Tarjeta
VEN01889;CLI078;12241;ACOPLE SAMURAY CAUCHO ECONOMICO;Diana Tobón;19/02/2025;2;2000;200;3800;1400;Transferencia
VEN01890;CLI025;10015;ABRAZADERA TITAN 31/2A45/16 40-56;Andrés Cardona;26/02/2025;2;2000;200;3800;1400;Efectivo
VEN01891;CLI204;12242;ACOPLE SAMURAY PREMIER AMARILLO;Diana Tobón;5/03/2026;10;2000;0;20000;8000;Transferencia
VEN01892;CLI167;10018;ACIDO CORRIENTE X 480;Andrés Cardona;13/08/2025;10;2000;0;20000;8000;Efectivo
VEN01893;CLI004;10986;AGUA STOP ARGOLLA GERFOR 581140;Carlos Mario Hoyos;2/08/2025;3;2000;0;6000;2400;Tarjeta
VEN01894;CLI230;11685;ACOPLE CAUCHO SUELTO LICUADORA OSTER;Diana Tobón;13/01/2025;1;2000;0;2000;800;Tarjeta
VEN01895;CLI088;11943;AGUA STOP PLASTGRIFOS;Andrés Cardona;22/12/2025;5;2000;0;10000;4000;Efectivo
VEN01896;CLI147;11696;ADAPTADOR PVC ALARGE 1/2 X 3/8;Milena Restrepo;26/04/2026;10;2000;0;20000;8000;Transferencia
VEN01897;CLI157;11058;ACOPLE SANITARIO GRIVAL 40 CMS;Milena Restrepo;17/04/2025;2;2000;0;4000;1600;Transferencia
VEN01898;CLI248;10022;ACOPLE SANITARIO CARDENAS LARGO;Carlos Mario Hoyos;29/09/2025;3;2000;0;6000;2400;Efectivo
VEN01899;CLI220;11942;AGUA STOP CAUCHO GRIPLAS;Andrés Cardona;7/01/2026;2;2000;200;3800;1400;Transferencia
VEN01900;CLI237;11943;AGUA STOP PLASTGRIFOS;Diana Tobón;21/03/2025;3;2000;0;6000;2400;Efectivo
VEN01901;CLI212;10038;ALAMBRE CENTELSA N  8 NEGRO;Andrés Cardona;8/05/2026;5;2000;0;10000;4000;Efectivo
VEN01902;CLI032;10033;ALAMBRE PUA C16 X 200MT CORSAN;Carlos Mario Hoyos;13/02/2026;10;2000;0;20000;8000;Efectivo
VEN01903;CLI126;10053;ALAMBRE CENTELSA N 14 AMARILLO;Andrés Cardona;17/01/2026;1;2000;0;2000;800;Transferencia
VEN01904;CLI064;11704;"ADAPTADOR MACHO DE 2"" PVC LEO";Diana Tobón;20/11/2025;10;2000;0;20000;8000;Transferencia
VEN01905;CLI067;10059;ALCOHOL INDUSTRIAL X 500;Milena Restrepo;8/07/2025;2;2000;0;4000;1600;Efectivo
VEN01906;CLI092;10037;ALAMBRE CENTELSA N  8 BLANCO;Andrés Cardona;24/08/2025;10;2000;1000;19000;7000;Efectivo
VEN01907;CLI247;10013;ABRAZADERA TITAN 23/8A31/8  40-40;Diana Tobón;7/09/2025;2;2000;0;4000;1600;Tarjeta
VEN01908;CLI264;10038;ALAMBRE CENTELSA N  8 NEGRO;Carlos Mario Hoyos;7/01/2025;1;2000;0;2000;800;Transferencia
VEN01909;CLI156;10004;ABRAZADERA TITAN 7/16A25/32 - 1/2 10-06;Milena Restrepo;19/03/2026;10;2000;0;20000;8000;Tarjeta
VEN01910;CLI200;10008;ABRAZADERA TITAN 1A19/16 40-20;Diana Tobón;2/07/2025;5;2000;0;10000;4000;Efectivo
VEN01911;CLI164;10022;ACOPLE SANITARIO CARDENAS LARGO;Diana Tobón;24/02/2025;10;2000;0;20000;8000;Tarjeta
VEN01912;CLI275;10012;ABRAZADERA TITAN  2A2-3/8 40-36;Diana Tobón;10/01/2026;5;2000;0;10000;4000;Efectivo
VEN01913;CLI261;10053;ALAMBRE CENTELSA N 14 AMARILLO;Andrés Cardona;26/07/2025;10;2000;0;20000;8000;Tarjeta
VEN01914;CLI065;10041;ALAMBRE CENTELSA N 10 AMARILLO;Carlos Mario Hoyos;20/07/2025;10;2000;0;20000;8000;Efectivo
VEN01915;CLI199;10059;ALCOHOL INDUSTRIAL X 500;Milena Restrepo;28/04/2025;10;2000;0;20000;8000;Efectivo
VEN01916;CLI167;10050;ALAMBRE CENTELSA N 12 NEGRO;Carlos Mario Hoyos;19/09/2025;10;2000;2000;18000;6000;Efectivo
VEN01917;CLI224;10026;ACRONAL  DE GALON;Carlos Mario Hoyos;5/05/2026;1;2000;100;1900;700;Tarjeta
VEN01918;CLI142;10039;ALAMBRE CENTELSA N  8 ROJO;Milena Restrepo;2/05/2026;5;2000;0;10000;4000;Transferencia
VEN01919;CLI075;10028;AEROGRAFO LAPICERO X 4 HOPEX PROFESI;Diana Tobón;22/12/2025;1;2000;0;2000;800;Efectivo
VEN01920;CLI085;10037;ALAMBRE CENTELSA N  8 BLANCO;Andrés Cardona;6/09/2025;3;2000;0;6000;2400;Transferencia
VEN01921;CLI049;10017;ACEITE USA1 X 70 CC;Milena Restrepo;21/02/2026;10;2000;0;20000;8000;Efectivo
VEN01922;CLI231;10052;ALAMBRE CENTELSA N 12 VERDE;Diana Tobón;20/01/2026;5;2000;0;10000;4000;Tarjeta
VEN01923;CLI153;10013;ABRAZADERA TITAN 23/8A31/8  40-40;Carlos Mario Hoyos;18/03/2026;1;2000;0;2000;800;Transferencia
VEN01924;CLI223;10008;ABRAZADERA TITAN 1A19/16 40-20;Milena Restrepo;20/01/2026;2;2000;200;3800;1400;Efectivo
VEN01925;CLI165;10035;ALAMBRE CENTELSA N  8 AMARILLO;Diana Tobón;14/02/2025;5;2000;1000;9000;3000;Tarjeta
VEN01926;CLI051;10047;ALAMBRE CENTELSA N 12 AMARILLO;Milena Restrepo;19/01/2026;1;2000;200;1800;600;Transferencia
VEN01927;CLI096;10026;ACRONAL  DE GALON;Carlos Mario Hoyos;7/12/2025;5;2000;0;10000;4000;Transferencia
VEN01928;CLI076;10048;ALAMBRE CENTELSA N 12 AZUL;Milena Restrepo;14/03/2026;3;2000;300;5700;2100;Tarjeta
VEN01929;CLI120;10024;ACOPLE SANITARIO GRIPLAS;Andrés Cardona;25/02/2025;10;2000;0;20000;8000;Tarjeta
VEN01930;CLI209;10010;ABRAZADERA TITAN 11/4A2 40-28;Diana Tobón;27/04/2025;5;2000;0;10000;4000;Efectivo
VEN01931;CLI072;10059;ALCOHOL INDUSTRIAL X 500;Diana Tobón;18/12/2025;1;2000;0;2000;800;Transferencia
VEN01932;CLI232;10029;AEROGRAFO X 125 ML CHORRO DSF-1505 K3;Milena Restrepo;7/08/2025;10;2000;0;20000;8000;Efectivo
VEN01933;CLI116;12242;ACOPLE SAMURAY PREMIER AMARILLO;Milena Restrepo;20/10/2025;10;2000;0;20000;8000;Tarjeta
VEN01934;CLI231;10037;ALAMBRE CENTELSA N  8 BLANCO;Diana Tobón;17/05/2025;10;2000;0;20000;8000;Transferencia
VEN01935;CLI117;12241;ACOPLE SAMURAY CAUCHO ECONOMICO;Milena Restrepo;7/07/2025;1;2000;0;2000;800;Tarjeta
VEN01936;CLI109;10018;ACIDO CORRIENTE X 480;Andrés Cardona;15/05/2025;5;2000;0;10000;4000;Transferencia
VEN01937;CLI025;11060;AGUA STOP PASTA GRIVAL;Milena Restrepo;26/11/2025;5;2000;0;10000;4000;Efectivo
VEN01938;CLI277;10061;ALICATE 6 NARANJA DSF-6049;Andrés Cardona;9/06/2025;1;2000;0;2000;800;Efectivo
VEN01939;CLI207;10018;ACIDO CORRIENTE X 480;Carlos Mario Hoyos;27/03/2025;3;2000;0;6000;2400;Transferencia
VEN01940;CLI206;10001;ABRAZADERA 1/2 ECONOMICA;Andrés Cardona;20/10/2025;10;2000;0;20000;8000;Transferencia
VEN01941;CLI298;12242;ACOPLE SAMURAY PREMIER AMARILLO;Milena Restrepo;29/10/2025;1;2000;0;2000;800;Tarjeta
VEN01942;CLI198;10063;ALICATE FOCCI 8,5 DSF-1684;Diana Tobón;2/10/2025;1;2000;0;2000;800;Efectivo
VEN01943;CLI152;10022;ACOPLE SANITARIO CARDENAS LARGO;Milena Restrepo;21/10/2025;5;2000;0;10000;4000;Efectivo
VEN01944;CLI280;10026;ACRONAL  DE GALON;Diana Tobón;10/12/2025;1;2000;0;2000;800;Efectivo
VEN01945;CLI213;10058;ALAMBRE CENTELSA N 14 VERDE;Milena Restrepo;20/08/2025;10;2000;0;20000;8000;Transferencia
VEN01946;CLI180;10017;ACEITE USA1 X 70 CC;Milena Restrepo;10/06/2025;10;2000;0;20000;8000;Efectivo
VEN01947;CLI084;11941;AGUA STOP AHORRADOR PLASTIG;Milena Restrepo;16/07/2025;1;2000;0;2000;800;Transferencia
VEN01948;CLI283;10036;ALAMBRE CENTELSA N  8 AZUL;Andrés Cardona;24/08/2025;5;2000;500;9500;3500;Transferencia
VEN01949;CLI062;10062;ALICATE 8 NARANJA DSF-6050;Diana Tobón;13/03/2026;2;2000;200;3800;1400;Efectivo
VEN01950;CLI292;10038;ALAMBRE CENTELSA N  8 NEGRO;Diana Tobón;7/11/2025;5;2000;0;10000;4000;Tarjeta
VEN01951;CLI197;10057;ALAMBRE CENTELSA N 14 ROJO;Andrés Cardona;26/11/2025;10;2000;0;20000;8000;Tarjeta
VEN01952;CLI200;10735;ADAPTADOR DE ESPIGO A ROSCA DE 1/2;Andrés Cardona;24/01/2026;2;2000;0;4000;1600;Tarjeta
VEN01953;CLI110;10033;ALAMBRE PUA C16 X 200MT CORSAN;Diana Tobón;4/02/2025;5;2000;0;10000;4000;Efectivo
VEN01954;CLI019;10062;ALICATE 8 NARANJA DSF-6050;Andrés Cardona;8/10/2025;3;2000;0;6000;2400;Transferencia
VEN01955;CLI300;11830;ALQUITRAN POR KILO;Carlos Mario Hoyos;11/08/2025;1;2000;0;2000;800;Efectivo
VEN01956;CLI161;10025;ACRONAL  DE 1/4;Milena Restrepo;12/08/2025;2;2000;200;3800;1400;Tarjeta
VEN01957;CLI192;12597;ADAPTADOR DE 3/4 EMT;Carlos Mario Hoyos;18/05/2025;1;2000;0;2000;800;Transferencia
VEN01958;CLI267;10019;ACOPLE LAVAMANO CORTO  CARDENAS;Diana Tobón;26/06/2025;10;2000;0;20000;8000;Tarjeta
VEN01959;CLI009;10004;ABRAZADERA TITAN 7/16A25/32 - 1/2 10-06;Diana Tobón;13/05/2026;1;2000;0;2000;800;Tarjeta
VEN01960;CLI082;10006;ABRAZADERA TITAN 3/4A1 40-12;Carlos Mario Hoyos;26/07/2025;5;2000;0;10000;4000;Tarjeta
VEN01961;CLI138;11703;"ADAPTADOR MACHO DE 11/2"" PVC LEO";Diana Tobón;14/02/2025;5;2000;0;10000;4000;Efectivo
VEN01962;CLI130;10010;ABRAZADERA TITAN 11/4A2 40-28;Diana Tobón;9/06/2025;2;2000;0;4000;1600;Transferencia
VEN01963;CLI274;11057;ACOPLE LAVAMANOS GRIVAL 40CMS;Diana Tobón;10/01/2025;10;2000;0;20000;8000;Transferencia
VEN01964;CLI137;11700;"ADAPTADOR MACHO DE 1/2"" PVC LEO";Andrés Cardona;7/03/2026;10;2000;1000;19000;7000;Transferencia
VEN01965;CLI233;10986;AGUA STOP ARGOLLA GERFOR 581140;Diana Tobón;15/05/2025;2;2000;0;4000;1600;Transferencia
VEN01966;CLI229;11941;AGUA STOP AHORRADOR PLASTIG;Milena Restrepo;23/03/2025;5;2000;0;10000;4000;Efectivo
VEN01967;CLI180;10007;ABRAZADERA TITAN 29/32A1-3/8 40-16;Carlos Mario Hoyos;19/03/2025;3;2000;0;6000;2400;Tarjeta
VEN01968;CLI184;11943;AGUA STOP PLASTGRIFOS;Milena Restrepo;8/07/2025;3;2000;0;6000;2400;Tarjeta
VEN01969;CLI256;12188;ACOPLE RAPIDO PISTOLA X 2 DORADO DSF-6035;Milena Restrepo;23/01/2026;5;2000;0;10000;4000;Transferencia
VEN01970;CLI093;10735;ADAPTADOR DE ESPIGO A ROSCA DE 1/2;Milena Restrepo;23/01/2026;2;2000;0;4000;1600;Efectivo
VEN01971;CLI171;11697;"ADAPTADOR HEMBRA DE 1"" PVC LEO";Carlos Mario Hoyos;1/04/2025;5;2000;0;10000;4000;Tarjeta
VEN01972;CLI127;10040;ALAMBRE CENTELSA N  8 VERDE;Milena Restrepo;30/05/2025;10;2000;0;20000;8000;Efectivo
VEN01973;CLI259;11699;ADAPTADOR HEMBRA DE 3/4 PVC LEO;Diana Tobón;20/11/2025;1;2000;0;2000;800;Transferencia
VEN01974;CLI057;11072;ACOPLE SANITARIO GRIVAL LARGO 55;Carlos Mario Hoyos;2/07/2025;1;2000;100;1900;700;Efectivo
VEN01975;CLI059;10041;ALAMBRE CENTELSA N 10 AMARILLO;Carlos Mario Hoyos;17/01/2025;1;2000;0;2000;800;Transferencia
VEN01976;CLI121;10048;ALAMBRE CENTELSA N 12 AZUL;Diana Tobón;3/11/2025;3;2000;0;6000;2400;Tarjeta
VEN01977;CLI280;10007;ABRAZADERA TITAN 29/32A1-3/8 40-16;Diana Tobón;10/05/2026;5;2000;0;10000;4000;Tarjeta
VEN01978;CLI240;11058;ACOPLE SANITARIO GRIVAL 40 CMS;Carlos Mario Hoyos;21/02/2026;10;2000;0;20000;8000;Tarjeta
VEN01979;CLI088;10028;AEROGRAFO LAPICERO X 4 HOPEX PROFESI;Milena Restrepo;21/01/2026;2;2000;0;4000;1600;Efectivo
VEN01980;CLI194;12597;ADAPTADOR DE 3/4 EMT;Milena Restrepo;2/08/2025;10;2000;0;20000;8000;Tarjeta
VEN01981;CLI210;10987;AGUA STOP PINES SAPITO GERFOR 580051;Andrés Cardona;26/01/2025;5;2000;0;10000;4000;Efectivo
VEN01982;CLI132;11071;ACOPLE LAVAMANOS GRIVAL LARGO 60;Carlos Mario Hoyos;22/04/2025;3;2000;0;6000;2400;Efectivo
VEN01983;CLI277;10062;ALICATE 8 NARANJA DSF-6050;Milena Restrepo;22/10/2025;1;2000;200;1800;600;Efectivo
VEN01984;CLI149;12188;ACOPLE RAPIDO PISTOLA X 2 DORADO DSF-6035;Diana Tobón;6/08/2025;2;2000;200;3800;1400;Transferencia
VEN01985;CLI195;10735;ADAPTADOR DE ESPIGO A ROSCA DE 1/2;Andrés Cardona;10/05/2026;2;2000;0;4000;1600;Transferencia
VEN01986;CLI120;10023;ACOPLE SANITARIO CORTO CARDENAS;Diana Tobón;1/04/2026;3;2000;0;6000;2400;Transferencia
VEN01987;CLI050;10034;ALAMBRE PUA C16 X 400MT CORSAN;Milena Restrepo;4/01/2025;2;2000;0;4000;1600;Transferencia
VEN01988;CLI072;10036;ALAMBRE CENTELSA N  8 AZUL;Andrés Cardona;27/07/2025;10;2000;0;20000;8000;Efectivo
VEN01989;CLI016;10014;ABRAZADERA TITAN 2-3/8A3-1/8  40-44;Carlos Mario Hoyos;19/12/2025;3;2000;0;6000;2400;Tarjeta
VEN01990;CLI199;10056;ALAMBRE CENTELSA N 14 NEGRO;Andrés Cardona;5/02/2025;10;2000;1000;19000;7000;Tarjeta
VEN01991;CLI055;10014;ABRAZADERA TITAN 2-3/8A3-1/8  40-44;Diana Tobón;9/09/2025;2;2000;0;4000;1600;Efectivo
VEN01992;CLI232;10735;ADAPTADOR DE ESPIGO A ROSCA DE 1/2;Andrés Cardona;2/07/2025;2;2000;400;3600;1200;Transferencia
VEN01993;CLI039;10061;ALICATE 6 NARANJA DSF-6049;Andrés Cardona;11/03/2025;3;2000;300;5700;2100;Tarjeta
VEN01994;CLI292;10062;ALICATE 8 NARANJA DSF-6050;Milena Restrepo;7/04/2026;1;2000;100;1900;700;Efectivo
VEN01995;CLI246;10027;AEROGRAFO F75 400 ML DSF-1499;Andrés Cardona;3/07/2025;10;2000;0;20000;8000;Efectivo
VEN01996;CLI238;11071;ACOPLE LAVAMANOS GRIVAL LARGO 60;Carlos Mario Hoyos;26/02/2026;1;2000;0;2000;800;Tarjeta
VEN01997;CLI212;11697;"ADAPTADOR HEMBRA DE 1"" PVC LEO";Andrés Cardona;30/03/2025;1;2000;0;2000;800;Efectivo
VEN01998;CLI030;10044;ALAMBRE CENTELSA N 10 NEGRO;Andrés Cardona;30/08/2025;3;2000;300;5700;2100;Efectivo
VEN01999;CLI007;10735;ADAPTADOR DE ESPIGO A ROSCA DE 1/2;Carlos Mario Hoyos;22/06/2025;5;2000;500;9500;3500;Efectivo
VEN02000;CLI134;10047;ALAMBRE CENTELSA N 12 AMARILLO;Andrés Cardona;4/05/2026;10;2000;1000;19000;7000;Efectivo
VEN02001;CLI018;12241;ACOPLE SAMURAY CAUCHO ECONOMICO;Andrés Cardona;10/08/2025;1;2000;0;2000;800;Efectivo
VEN02002;CLI144;10050;ALAMBRE CENTELSA N 12 NEGRO;Carlos Mario Hoyos;17/07/2025;1;2000;0;2000;800;Transferencia
VEN02003;CLI108;10037;ALAMBRE CENTELSA N  8 BLANCO;Diana Tobón;11/03/2025;3;2000;0;6000;2400;Transferencia
VEN02004;CLI265;11696;ADAPTADOR PVC ALARGE 1/2 X 3/8;Carlos Mario Hoyos;28/11/2025;1;2000;0;2000;800;Efectivo
VEN02005;CLI250;10009;ABRAZADERA TITAN 11/8A17/8  40-24;Andrés Cardona;16/10/2025;1;2000;200;1800;600;Tarjeta
VEN02006;CLI185;10057;ALAMBRE CENTELSA N 14 ROJO;Carlos Mario Hoyos;30/12/2025;10;2000;0;20000;8000;Tarjeta
VEN02007;CLI009;10003;ABRAZADERA TITAN 5/16A5/8 - 3/8  10-04;Andrés Cardona;5/05/2026;10;2000;0;20000;8000;Tarjeta
VEN02008;CLI162;10986;AGUA STOP ARGOLLA GERFOR 581140;Andrés Cardona;13/08/2025;1;2000;100;1900;700;Efectivo
VEN02009;CLI153;10029;AEROGRAFO X 125 ML CHORRO DSF-1505 K3;Carlos Mario Hoyos;11/09/2025;2;2000;400;3600;1200;Efectivo
VEN02010;CLI117;10015;ABRAZADERA TITAN 31/2A45/16 40-56;Milena Restrepo;18/11/2025;3;2000;0;6000;2400;Transferencia
VEN02011;CLI074;10034;ALAMBRE PUA C16 X 400MT CORSAN;Milena Restrepo;20/02/2025;2;2000;0;4000;1600;Tarjeta
VEN02012;CLI134;10035;ALAMBRE CENTELSA N  8 AMARILLO;Carlos Mario Hoyos;11/05/2026;1;2000;0;2000;800;Efectivo
VEN02013;CLI139;10039;ALAMBRE CENTELSA N  8 ROJO;Diana Tobón;31/07/2025;2;2000;0;4000;1600;Transferencia
VEN02014;CLI159;11941;AGUA STOP AHORRADOR PLASTIG;Carlos Mario Hoyos;10/09/2025;3;2000;0;6000;2400;Transferencia
VEN02015;CLI147;11700;"ADAPTADOR MACHO DE 1/2"" PVC LEO";Carlos Mario Hoyos;11/01/2025;3;2000;0;6000;2400;Transferencia
VEN02016;CLI113;11685;ACOPLE CAUCHO SUELTO LICUADORA OSTER;Carlos Mario Hoyos;23/03/2025;1;2000;0;2000;800;Transferencia
VEN02017;CLI259;10046;ALAMBRE CENTELSA N 10 VERDE;Milena Restrepo;17/01/2026;5;2000;0;10000;4000;Transferencia
VEN02018;CLI236;10009;ABRAZADERA TITAN 11/8A17/8  40-24;Carlos Mario Hoyos;1/02/2025;2;2000;0;4000;1600;Transferencia
VEN02019;CLI285;10057;ALAMBRE CENTELSA N 14 ROJO;Andrés Cardona;6/08/2025;5;2000;1000;9000;3000;Efectivo
VEN02020;CLI157;10026;ACRONAL  DE GALON;Carlos Mario Hoyos;3/02/2026;1;2000;0;2000;800;Efectivo
VEN02021;CLI022;11072;ACOPLE SANITARIO GRIVAL LARGO 55;Diana Tobón;6/04/2026;5;2000;0;10000;4000;Efectivo
VEN02022;CLI249;10033;ALAMBRE PUA C16 X 200MT CORSAN;Carlos Mario Hoyos;24/12/2025;2;2000;0;4000;1600;Tarjeta
VEN02023;CLI005;10050;ALAMBRE CENTELSA N 12 NEGRO;Milena Restrepo;20/01/2025;5;2000;0;10000;4000;Transferencia
VEN02024;CLI287;10060;ALICATE  BICOLOR N 8;Milena Restrepo;18/08/2025;10;2000;1000;19000;7000;Transferencia
VEN02025;CLI001;11943;AGUA STOP PLASTGRIFOS;Milena Restrepo;8/12/2025;2;2000;0;4000;1600;Efectivo
VEN02026;CLI071;11697;"ADAPTADOR HEMBRA DE 1"" PVC LEO";Milena Restrepo;24/11/2025;5;2000;0;10000;4000;Transferencia
VEN02027;CLI269;10005;ABRAZADERA TITAN 1/2A3/4  40-06;Milena Restrepo;11/04/2026;1;2000;0;2000;800;Tarjeta
VEN02028;CLI032;10061;ALICATE 6 NARANJA DSF-6049;Carlos Mario Hoyos;7/03/2026;3;2000;0;6000;2400;Transferencia
VEN02029;CLI144;10012;ABRAZADERA TITAN  2A2-3/8 40-36;Milena Restrepo;5/03/2026;5;2000;0;10000;4000;Tarjeta
VEN02030;CLI114;10008;ABRAZADERA TITAN 1A19/16 40-20;Diana Tobón;21/03/2025;5;2000;0;10000;4000;Tarjeta
VEN02031;CLI160;10013;ABRAZADERA TITAN 23/8A31/8  40-40;Andrés Cardona;28/09/2025;3;2000;0;6000;2400;Efectivo
VEN02032;CLI241;10032;ALAMBRE PUA  C14 X 350MT CORSAN;Milena Restrepo;10/11/2025;10;2000;0;20000;8000;Tarjeta
VEN02033;CLI110;10050;ALAMBRE CENTELSA N 12 NEGRO;Andrés Cardona;7/04/2026;5;2000;0;10000;4000;Tarjeta
VEN02034;CLI196;10015;ABRAZADERA TITAN 31/2A45/16 40-56;Carlos Mario Hoyos;25/05/2025;5;2000;0;10000;4000;Efectivo
VEN02035;CLI247;10055;ALAMBRE CENTELSA N 14 BLANCO;Carlos Mario Hoyos;2/03/2026;3;2000;0;6000;2400;Transferencia
VEN02036;CLI161;10022;ACOPLE SANITARIO CARDENAS LARGO;Diana Tobón;23/02/2025;2;2000;0;4000;1600;Transferencia
VEN02037;CLI185;10051;ALAMBRE CENTELSA N 12 ROJO;Andrés Cardona;18/03/2025;2;2000;0;4000;1600;Efectivo
VEN02038;CLI255;10084;AGUAMONIACO  FRASCO X 480;Diana Tobón;6/02/2026;3;3800;0;11400;7800;Tarjeta
VEN02039;CLI100;10046;ALAMBRE CENTELSA N 10 VERDE;Carlos Mario Hoyos;10/11/2025;2;2000;0;4000;1600;Transferencia
VEN02040;CLI137;11072;ACOPLE SANITARIO GRIVAL LARGO 55;Andrés Cardona;22/01/2025;5;2000;0;10000;4000;Tarjeta
VEN02041;CLI255;10062;ALICATE 8 NARANJA DSF-6050;Milena Restrepo;12/04/2025;3;2000;0;6000;2400;Efectivo
VEN02042;CLI112;11071;ACOPLE LAVAMANOS GRIVAL LARGO 60;Carlos Mario Hoyos;15/03/2025;1;2000;0;2000;800;Tarjeta
VEN02043;CLI041;10030;AEROGRAFO X 150 ML ABANICO HOPEX F2;Diana Tobón;7/12/2025;5;2000;500;9500;3500;Transferencia
VEN02044;CLI107;11698;"ADAPTADOR HEMBRA  1/2"" LEO PRECION";Milena Restrepo;26/03/2025;10;2000;0;20000;8000;Tarjeta
VEN02045;CLI174;11700;"ADAPTADOR MACHO DE 1/2"" PVC LEO";Andrés Cardona;26/01/2026;1;2000;0;2000;800;Efectivo
VEN02046;CLI159;11703;"ADAPTADOR MACHO DE 11/2"" PVC LEO";Andrés Cardona;5/10/2025;3;2000;0;6000;2400;Transferencia
VEN02047;CLI225;11696;ADAPTADOR PVC ALARGE 1/2 X 3/8;Diana Tobón;11/01/2026;2;2000;0;4000;1600;Transferencia
VEN02048;CLI061;11942;AGUA STOP CAUCHO GRIPLAS;Milena Restrepo;28/02/2025;1;2000;0;2000;800;Transferencia
VEN02049;CLI087;11699;ADAPTADOR HEMBRA DE 3/4 PVC LEO;Andrés Cardona;2/10/2025;2;2000;0;4000;1600;Efectivo
VEN02050;CLI015;10027;AEROGRAFO F75 400 ML DSF-1499;Carlos Mario Hoyos;1/07/2025;5;2000;0;10000;4000;Transferencia
VEN02051;CLI289;12595;ADAPTADOR DE 1 EMT;Andrés Cardona;7/02/2026;5;2000;0;10000;4000;Tarjeta
VEN02052;CLI027;11059;AGUA STOP CAUCHO GRIVAL;Andrés Cardona;18/09/2025;10;2000;0;20000;8000;Tarjeta
VEN02053;CLI247;11072;ACOPLE SANITARIO GRIVAL LARGO 55;Carlos Mario Hoyos;4/07/2025;10;2000;0;20000;8000;Tarjeta
VEN02054;CLI083;10012;ABRAZADERA TITAN  2A2-3/8 40-36;Diana Tobón;25/07/2025;10;2000;1000;19000;7000;Efectivo
VEN02055;CLI103;10016;ACEITE USA1 X 30 CC;Andrés Cardona;12/03/2025;5;2000;0;10000;4000;Efectivo
VEN02056;CLI023;10039;ALAMBRE CENTELSA N  8 ROJO;Milena Restrepo;20/04/2026;5;2000;1000;9000;3000;Transferencia
VEN02057;CLI146;10987;AGUA STOP PINES SAPITO GERFOR 580051;Milena Restrepo;7/11/2025;3;2000;0;6000;2400;Transferencia
VEN02058;CLI255;10024;ACOPLE SANITARIO GRIPLAS;Andrés Cardona;15/01/2025;3;2000;0;6000;2400;Efectivo
VEN02059;CLI005;12177;AGUJAS PISTOLA PINTAR;Milena Restrepo;16/04/2026;1;2000;0;2000;800;Efectivo
VEN02060;CLI225;10053;ALAMBRE CENTELSA N 14 AMARILLO;Diana Tobón;7/04/2026;1;2000;0;2000;800;Transferencia
VEN02061;CLI068;10024;ACOPLE SANITARIO GRIPLAS;Andrés Cardona;26/03/2025;10;2000;0;20000;8000;Efectivo
VEN02062;CLI099;10024;ACOPLE SANITARIO GRIPLAS;Milena Restrepo;15/02/2025;10;2000;0;20000;8000;Transferencia
VEN02063;CLI071;11941;AGUA STOP AHORRADOR PLASTIG;Milena Restrepo;24/09/2025;5;2000;0;10000;4000;Transferencia
VEN02064;CLI121;11071;ACOPLE LAVAMANOS GRIVAL LARGO 60;Diana Tobón;13/02/2025;3;2000;0;6000;2400;Transferencia
VEN02065;CLI072;10054;ALAMBRE CENTELSA N 14 AZUL;Diana Tobón;10/05/2026;1;2000;0;2000;800;Transferencia
VEN02066;CLI128;12241;ACOPLE SAMURAY CAUCHO ECONOMICO;Andrés Cardona;15/07/2025;2;2000;400;3600;1200;Efectivo
VEN02067;CLI191;10986;AGUA STOP ARGOLLA GERFOR 581140;Diana Tobón;9/08/2025;3;2000;0;6000;2400;Efectivo
VEN02068;CLI234;10031;ALAMBRE PUA C 14 X 500MT;Andrés Cardona;10/12/2025;1;2000;0;2000;800;Efectivo
VEN02069;CLI204;10023;ACOPLE SANITARIO CORTO CARDENAS;Milena Restrepo;6/01/2025;3;2000;0;6000;2400;Transferencia
VEN02070;CLI210;10015;ABRAZADERA TITAN 31/2A45/16 40-56;Milena Restrepo;4/06/2025;3;2000;0;6000;2400;Tarjeta
VEN02071;CLI069;12596;ADAPTADOR DE 1/2 EMT;Andrés Cardona;4/09/2025;2;2000;0;4000;1600;Transferencia
VEN02072;CLI226;10059;ALCOHOL INDUSTRIAL X 500;Andrés Cardona;2/03/2026;3;2000;0;6000;2400;Transferencia
VEN02073;CLI223;11697;"ADAPTADOR HEMBRA DE 1"" PVC LEO";Carlos Mario Hoyos;19/01/2025;1;2000;0;2000;800;Efectivo
VEN02074;CLI164;10059;ALCOHOL INDUSTRIAL X 500;Andrés Cardona;14/11/2025;1;2000;0;2000;800;Transferencia
VEN02075;CLI004;10038;ALAMBRE CENTELSA N  8 NEGRO;Milena Restrepo;1/06/2025;3;2000;0;6000;2400;Efectivo
VEN02076;CLI024;12242;ACOPLE SAMURAY PREMIER AMARILLO;Carlos Mario Hoyos;24/06/2025;3;2000;0;6000;2400;Efectivo
VEN02077;CLI221;10022;ACOPLE SANITARIO CARDENAS LARGO;Milena Restrepo;29/03/2025;2;2000;0;4000;1600;Efectivo
VEN02078;CLI247;10026;ACRONAL  DE GALON;Diana Tobón;26/04/2025;2;2000;0;4000;1600;Transferencia
VEN02079;CLI059;11943;AGUA STOP PLASTGRIFOS;Diana Tobón;25/10/2025;3;2000;600;5400;1800;Tarjeta
VEN02080;CLI153;10059;ALCOHOL INDUSTRIAL X 500;Diana Tobón;29/11/2025;5;2000;500;9500;3500;Transferencia
VEN02081;CLI108;10045;ALAMBRE CENTELSA N 10 ROJO;Carlos Mario Hoyos;15/11/2025;1;2000;0;2000;800;Tarjeta
VEN02082;CLI036;10049;ALAMBRE CENTELSA N 12 BLANCO;Diana Tobón;7/04/2026;5;2000;0;10000;4000;Tarjeta
VEN02083;CLI012;10011;ABRAZADERA TITAN 13/4A21/2  40-32;Andrés Cardona;30/07/2025;1;2000;0;2000;800;Tarjeta
VEN02084;CLI119;10053;ALAMBRE CENTELSA N 14 AMARILLO;Milena Restrepo;3/06/2025;2;2000;200;3800;1400;Tarjeta
VEN02085;CLI038;11057;ACOPLE LAVAMANOS GRIVAL 40CMS;Milena Restrepo;7/05/2025;5;2000;500;9500;3500;Efectivo
VEN02086;CLI199;10735;ADAPTADOR DE ESPIGO A ROSCA DE 1/2;Andrés Cardona;28/01/2025;1;2000;0;2000;800;Tarjeta
VEN02087;CLI297;10986;AGUA STOP ARGOLLA GERFOR 581140;Carlos Mario Hoyos;16/03/2026;10;2000;0;20000;8000;Efectivo
VEN02088;CLI079;12597;ADAPTADOR DE 3/4 EMT;Andrés Cardona;15/02/2026;10;2000;0;20000;8000;Tarjeta
VEN02089;CLI263;11060;AGUA STOP PASTA GRIVAL;Carlos Mario Hoyos;29/09/2025;3;2000;0;6000;2400;Tarjeta
VEN02090;CLI241;10033;ALAMBRE PUA C16 X 200MT CORSAN;Milena Restrepo;15/04/2026;1;2000;0;2000;800;Efectivo
VEN02091;CLI065;10020;ACOPLE LAVAMANOS CARDENAS LARGO;Carlos Mario Hoyos;5/10/2025;1;2000;0;2000;800;Tarjeta
VEN02092;CLI223;10050;ALAMBRE CENTELSA N 12 NEGRO;Andrés Cardona;25/03/2026;3;2000;0;6000;2400;Efectivo
VEN02093;CLI179;10084;AGUAMONIACO  FRASCO X 480;Carlos Mario Hoyos;8/02/2026;2;3800;0;7600;5200;Efectivo
VEN02094;CLI274;10011;ABRAZADERA TITAN 13/4A21/2  40-32;Milena Restrepo;7/10/2025;3;2000;0;6000;2400;Transferencia
VEN02095;CLI031;10019;ACOPLE LAVAMANO CORTO  CARDENAS;Diana Tobón;27/09/2025;2;2000;0;4000;1600;Efectivo
VEN02096;CLI123;11699;ADAPTADOR HEMBRA DE 3/4 PVC LEO;Andrés Cardona;4/03/2026;3;2000;0;6000;2400;Tarjeta
VEN02097;CLI212;11057;ACOPLE LAVAMANOS GRIVAL 40CMS;Milena Restrepo;21/07/2025;10;2000;0;20000;8000;Transferencia
VEN02098;CLI010;10007;ABRAZADERA TITAN 29/32A1-3/8 40-16;Diana Tobón;28/12/2025;10;2000;0;20000;8000;Tarjeta
VEN02099;CLI194;10053;ALAMBRE CENTELSA N 14 AMARILLO;Carlos Mario Hoyos;14/12/2025;2;2000;200;3800;1400;Transferencia
VEN02100;CLI024;10050;ALAMBRE CENTELSA N 12 NEGRO;Carlos Mario Hoyos;1/01/2026;3;2000;0;6000;2400;Efectivo
VEN02101;CLI109;11943;AGUA STOP PLASTGRIFOS;Carlos Mario Hoyos;27/02/2026;10;2000;1000;19000;7000;Efectivo
VEN02102;CLI086;10009;ABRAZADERA TITAN 11/8A17/8  40-24;Diana Tobón;7/09/2025;2;2000;400;3600;1200;Transferencia
VEN02103;CLI250;10063;ALICATE FOCCI 8,5 DSF-1684;Carlos Mario Hoyos;23/07/2025;5;2000;500;9500;3500;Transferencia
VEN02104;CLI047;10054;ALAMBRE CENTELSA N 14 AZUL;Andrés Cardona;18/06/2025;5;2000;0;10000;4000;Transferencia
VEN02105;CLI058;10878;ADAPTADOR HEMBRA 1/2 X 16MM PE AL PE;Milena Restrepo;1/04/2025;3;10800;0;32400;28800;Efectivo
VEN02106;CLI069;10028;AEROGRAFO LAPICERO X 4 HOPEX PROFESI;Andrés Cardona;9/10/2025;3;2000;0;6000;2400;Transferencia
VEN02107;CLI148;11696;ADAPTADOR PVC ALARGE 1/2 X 3/8;Carlos Mario Hoyos;1/02/2025;3;2000;0;6000;2400;Tarjeta
VEN02108;CLI272;10027;AEROGRAFO F75 400 ML DSF-1499;Carlos Mario Hoyos;22/07/2025;1;2000;0;2000;800;Efectivo
VEN02109;CLI001;11072;ACOPLE SANITARIO GRIVAL LARGO 55;Milena Restrepo;8/09/2025;2;2000;0;4000;1600;Efectivo
VEN02110;CLI248;11701;"ADAPTADOR MACHO DE 3/4"" PVC LEO";Diana Tobón;8/02/2026;10;2000;0;20000;8000;Transferencia
VEN02111;CLI268;10021;ACOPLE LAVAMANOS GRIPLAS;Milena Restrepo;26/01/2025;10;2000;0;20000;8000;Transferencia
VEN02112;CLI236;10039;ALAMBRE CENTELSA N  8 ROJO;Carlos Mario Hoyos;27/05/2025;2;2000;400;3600;1200;Tarjeta
VEN02113;CLI144;10012;ABRAZADERA TITAN  2A2-3/8 40-36;Diana Tobón;23/07/2025;1;2000;0;2000;800;Transferencia
VEN02114;CLI122;11704;"ADAPTADOR MACHO DE 2"" PVC LEO";Diana Tobón;30/03/2025;10;2000;0;20000;8000;Efectivo
VEN02115;CLI214;10053;ALAMBRE CENTELSA N 14 AMARILLO;Andrés Cardona;27/01/2026;10;2000;0;20000;8000;Tarjeta
VEN02116;CLI109;12177;AGUJAS PISTOLA PINTAR;Carlos Mario Hoyos;12/01/2026;3;2000;0;6000;2400;Transferencia
VEN02117;CLI081;11685;ACOPLE CAUCHO SUELTO LICUADORA OSTER;Carlos Mario Hoyos;21/12/2025;1;2000;0;2000;800;Transferencia
VEN02118;CLI034;10044;ALAMBRE CENTELSA N 10 NEGRO;Diana Tobón;2/05/2026;2;2000;0;4000;1600;Transferencia
VEN02119;CLI213;10006;ABRAZADERA TITAN 3/4A1 40-12;Carlos Mario Hoyos;20/01/2026;3;2000;0;6000;2400;Efectivo
VEN02120;CLI279;11059;AGUA STOP CAUCHO GRIVAL;Andrés Cardona;18/01/2026;5;2000;0;10000;4000;Efectivo
VEN02121;CLI138;10041;ALAMBRE CENTELSA N 10 AMARILLO;Andrés Cardona;23/01/2026;5;2000;0;10000;4000;Tarjeta
VEN02122;CLI142;10029;AEROGRAFO X 125 ML CHORRO DSF-1505 K3;Diana Tobón;7/06/2025;3;2000;300;5700;2100;Transferencia
VEN02123;CLI071;10007;ABRAZADERA TITAN 29/32A1-3/8 40-16;Diana Tobón;29/06/2025;2;2000;400;3600;1200;Efectivo
VEN02124;CLI070;11701;"ADAPTADOR MACHO DE 3/4"" PVC LEO";Milena Restrepo;15/02/2026;1;2000;0;2000;800;Efectivo
VEN02125;CLI169;10014;ABRAZADERA TITAN 2-3/8A3-1/8  40-44;Carlos Mario Hoyos;23/02/2026;3;2000;300;5700;2100;Transferencia
VEN02126;CLI296;10031;ALAMBRE PUA C 14 X 500MT;Andrés Cardona;13/05/2026;3;2000;0;6000;2400;Tarjeta
VEN02127;CLI007;11059;AGUA STOP CAUCHO GRIVAL;Milena Restrepo;21/02/2026;2;2000;200;3800;1400;Efectivo
VEN02128;CLI041;10015;ABRAZADERA TITAN 31/2A45/16 40-56;Diana Tobón;19/03/2025;1;2000;100;1900;700;Tarjeta
VEN02129;CLI168;10024;ACOPLE SANITARIO GRIPLAS;Andrés Cardona;25/04/2026;3;2000;0;6000;2400;Efectivo
VEN02130;CLI166;11696;ADAPTADOR PVC ALARGE 1/2 X 3/8;Milena Restrepo;4/03/2025;10;2000;0;20000;8000;Transferencia
VEN02131;CLI106;10006;ABRAZADERA TITAN 3/4A1 40-12;Milena Restrepo;31/03/2026;3;2000;0;6000;2400;Tarjeta
VEN02132;CLI119;11703;"ADAPTADOR MACHO DE 11/2"" PVC LEO";Milena Restrepo;28/02/2025;3;2000;300;5700;2100;Transferencia
VEN02133;CLI042;10016;ACEITE USA1 X 30 CC;Andrés Cardona;26/06/2025;1;2000;0;2000;800;Tarjeta
VEN02134;CLI006;10054;ALAMBRE CENTELSA N 14 AZUL;Carlos Mario Hoyos;22/01/2026;2;2000;0;4000;1600;Efectivo
VEN02135;CLI046;10039;ALAMBRE CENTELSA N  8 ROJO;Milena Restrepo;25/01/2026;5;2000;500;9500;3500;Tarjeta
VEN02136;CLI030;12597;ADAPTADOR DE 3/4 EMT;Andrés Cardona;10/03/2026;5;2000;0;10000;4000;Tarjeta
VEN02137;CLI021;10008;ABRAZADERA TITAN 1A19/16 40-20;Milena Restrepo;7/08/2025;3;2000;300;5700;2100;Transferencia
VEN02138;CLI001;10028;AEROGRAFO LAPICERO X 4 HOPEX PROFESI;Andrés Cardona;9/06/2025;3;2000;0;6000;2400;Transferencia
VEN02139;CLI044;10062;ALICATE 8 NARANJA DSF-6050;Milena Restrepo;20/04/2026;3;2000;300;5700;2100;Tarjeta
VEN02140;CLI286;10014;ABRAZADERA TITAN 2-3/8A3-1/8  40-44;Andrés Cardona;10/04/2025;3;2000;0;6000;2400;Efectivo
VEN02141;CLI041;10060;ALICATE  BICOLOR N 8;Milena Restrepo;11/07/2025;2;2000;0;4000;1600;Tarjeta
VEN02142;CLI018;11703;"ADAPTADOR MACHO DE 11/2"" PVC LEO";Carlos Mario Hoyos;30/12/2025;3;2000;300;5700;2100;Efectivo
VEN02143;CLI246;11696;ADAPTADOR PVC ALARGE 1/2 X 3/8;Carlos Mario Hoyos;3/02/2026;5;2000;0;10000;4000;Efectivo
VEN02144;CLI196;10036;ALAMBRE CENTELSA N  8 AZUL;Carlos Mario Hoyos;8/04/2026;1;2000;0;2000;800;Tarjeta
VEN02145;CLI282;12242;ACOPLE SAMURAY PREMIER AMARILLO;Diana Tobón;10/08/2025;5;2000;0;10000;4000;Tarjeta
VEN02146;CLI212;10062;ALICATE 8 NARANJA DSF-6050;Diana Tobón;12/03/2026;2;2000;0;4000;1600;Tarjeta
VEN02147;CLI082;10017;ACEITE USA1 X 70 CC;Diana Tobón;4/09/2025;2;2000;0;4000;1600;Efectivo
VEN02148;CLI043;10030;AEROGRAFO X 150 ML ABANICO HOPEX F2;Milena Restrepo;30/11/2025;5;2000;500;9500;3500;Tarjeta
VEN02149;CLI076;10036;ALAMBRE CENTELSA N  8 AZUL;Andrés Cardona;13/01/2025;3;2000;0;6000;2400;Tarjeta
VEN02150;CLI242;10878;ADAPTADOR HEMBRA 1/2 X 16MM PE AL PE;Andrés Cardona;11/07/2025;5;10800;2700;51300;45300;Tarjeta
VEN02151;CLI097;10002;ABRAZADERA TITAN 5/16-15/32 10-00;Andrés Cardona;4/12/2025;2;2000;200;3800;1400;Efectivo
VEN02152;CLI132;10040;ALAMBRE CENTELSA N  8 VERDE;Carlos Mario Hoyos;7/04/2025;10;2000;1000;19000;7000;Transferencia
VEN02153;CLI125;10986;AGUA STOP ARGOLLA GERFOR 581140;Milena Restrepo;1/12/2025;10;2000;0;20000;8000;Tarjeta
VEN02154;CLI023;10041;ALAMBRE CENTELSA N 10 AMARILLO;Andrés Cardona;9/04/2026;5;2000;0;10000;4000;Efectivo
VEN02155;CLI271;10032;ALAMBRE PUA  C14 X 350MT CORSAN;Carlos Mario Hoyos;2/04/2026;1;2000;0;2000;800;Efectivo
VEN02156;CLI253;10004;ABRAZADERA TITAN 7/16A25/32 - 1/2 10-06;Carlos Mario Hoyos;9/07/2025;1;2000;0;2000;800;Efectivo
VEN02157;CLI099;10020;ACOPLE LAVAMANOS CARDENAS LARGO;Carlos Mario Hoyos;3/05/2026;10;2000;1000;19000;7000;Transferencia
VEN02158;CLI061;11941;AGUA STOP AHORRADOR PLASTIG;Andrés Cardona;10/03/2026;10;2000;1000;19000;7000;Efectivo
VEN02159;CLI117;10061;ALICATE 6 NARANJA DSF-6049;Milena Restrepo;23/07/2025;10;2000;0;20000;8000;Efectivo
VEN02160;CLI146;10023;ACOPLE SANITARIO CORTO CARDENAS;Andrés Cardona;6/03/2025;3;2000;300;5700;2100;Transferencia
VEN02161;CLI022;10038;ALAMBRE CENTELSA N  8 NEGRO;Milena Restrepo;22/11/2025;3;2000;0;6000;2400;Tarjeta
VEN02162;CLI171;11060;AGUA STOP PASTA GRIVAL;Andrés Cardona;29/03/2025;10;2000;0;20000;8000;Tarjeta
VEN02163;CLI220;10986;AGUA STOP ARGOLLA GERFOR 581140;Carlos Mario Hoyos;19/09/2025;5;2000;0;10000;4000;Tarjeta
VEN02164;CLI213;11057;ACOPLE LAVAMANOS GRIVAL 40CMS;Carlos Mario Hoyos;1/02/2025;5;2000;500;9500;3500;Transferencia
VEN02165;CLI048;10049;ALAMBRE CENTELSA N 12 BLANCO;Andrés Cardona;26/03/2026;3;2000;0;6000;2400;Tarjeta
VEN02166;CLI046;12596;ADAPTADOR DE 1/2 EMT;Diana Tobón;9/03/2026;1;2000;0;2000;800;Efectivo
VEN02167;CLI073;10050;ALAMBRE CENTELSA N 12 NEGRO;Andrés Cardona;17/08/2025;3;2000;0;6000;2400;Efectivo
VEN02168;CLI273;10025;ACRONAL  DE 1/4;Diana Tobón;20/10/2025;1;2000;0;2000;800;Tarjeta
VEN02169;CLI072;10032;ALAMBRE PUA  C14 X 350MT CORSAN;Carlos Mario Hoyos;30/03/2026;2;2000;0;4000;1600;Efectivo
VEN02170;CLI031;10036;ALAMBRE CENTELSA N  8 AZUL;Diana Tobón;2/06/2025;3;2000;0;6000;2400;Tarjeta
VEN02171;CLI033;10034;ALAMBRE PUA C16 X 400MT CORSAN;Diana Tobón;13/01/2026;10;2000;0;20000;8000;Efectivo
VEN02172;CLI219;10001;ABRAZADERA 1/2 ECONOMICA;Diana Tobón;15/12/2025;2;2000;200;3800;1400;Transferencia
VEN02173;CLI260;10023;ACOPLE SANITARIO CORTO CARDENAS;Diana Tobón;17/10/2025;2;2000;0;4000;1600;Tarjeta
VEN02174;CLI118;12596;ADAPTADOR DE 1/2 EMT;Andrés Cardona;3/01/2026;2;2000;0;4000;1600;Efectivo
VEN02175;CLI069;10021;ACOPLE LAVAMANOS GRIPLAS;Diana Tobón;17/06/2025;5;2000;0;10000;4000;Tarjeta
VEN02176;CLI117;10039;ALAMBRE CENTELSA N  8 ROJO;Milena Restrepo;25/07/2025;5;2000;1000;9000;3000;Transferencia
VEN02177;CLI059;10015;ABRAZADERA TITAN 31/2A45/16 40-56;Carlos Mario Hoyos;17/01/2026;5;2000;500;9500;3500;Tarjeta
VEN02178;CLI062;10042;ALAMBRE CENTELSA N 10 AZUL;Carlos Mario Hoyos;11/12/2025;2;2000;0;4000;1600;Efectivo
VEN02179;CLI280;12178;ACOPLE RAPIDO PISTOLA PINTAR JUEGO X 5;Milena Restrepo;14/07/2025;3;2000;0;6000;2400;Transferencia
VEN02180;CLI059;11072;ACOPLE SANITARIO GRIVAL LARGO 55;Diana Tobón;18/04/2025;10;2000;0;20000;8000;Transferencia
VEN02181;CLI016;11698;"ADAPTADOR HEMBRA  1/2"" LEO PRECION";Milena Restrepo;3/01/2026;3;2000;300;5700;2100;Efectivo
VEN02182;CLI198;10002;ABRAZADERA TITAN 5/16-15/32 10-00;Milena Restrepo;25/02/2025;5;2000;0;10000;4000;Efectivo
VEN02183;CLI084;10014;ABRAZADERA TITAN 2-3/8A3-1/8  40-44;Carlos Mario Hoyos;18/09/2025;1;2000;0;2000;800;Tarjeta
VEN02184;CLI197;10014;ABRAZADERA TITAN 2-3/8A3-1/8  40-44;Milena Restrepo;2/02/2025;10;2000;0;20000;8000;Efectivo
VEN02185;CLI275;10986;AGUA STOP ARGOLLA GERFOR 581140;Milena Restrepo;8/05/2026;5;2000;0;10000;4000;Tarjeta
VEN02186;CLI258;12188;ACOPLE RAPIDO PISTOLA X 2 DORADO DSF-6035;Carlos Mario Hoyos;16/06/2025;3;2000;0;6000;2400;Transferencia
VEN02187;CLI073;10061;ALICATE 6 NARANJA DSF-6049;Carlos Mario Hoyos;23/11/2025;3;2000;0;6000;2400;Tarjeta
VEN02188;CLI087;10010;ABRAZADERA TITAN 11/4A2 40-28;Andrés Cardona;5/09/2025;2;2000;0;4000;1600;Transferencia
VEN02189;CLI138;10059;ALCOHOL INDUSTRIAL X 500;Diana Tobón;13/05/2026;1;2000;200;1800;600;Tarjeta
VEN02190;CLI221;11071;ACOPLE LAVAMANOS GRIVAL LARGO 60;Milena Restrepo;29/01/2025;3;2000;300;5700;2100;Efectivo
VEN02191;CLI287;11700;"ADAPTADOR MACHO DE 1/2"" PVC LEO";Diana Tobón;26/03/2026;5;2000;0;10000;4000;Efectivo
VEN02192;CLI276;10035;ALAMBRE CENTELSA N  8 AMARILLO;Diana Tobón;28/05/2025;1;2000;0;2000;800;Efectivo
VEN02193;CLI265;10006;ABRAZADERA TITAN 3/4A1 40-12;Carlos Mario Hoyos;9/01/2026;10;2000;0;20000;8000;Efectivo
VEN02194;CLI156;10003;ABRAZADERA TITAN 5/16A5/8 - 3/8  10-04;Andrés Cardona;29/04/2025;1;2000;100;1900;700;Transferencia
VEN02195;CLI223;10048;ALAMBRE CENTELSA N 12 AZUL;Milena Restrepo;9/05/2026;2;2000;0;4000;1600;Transferencia
VEN02196;CLI064;10006;ABRAZADERA TITAN 3/4A1 40-12;Milena Restrepo;9/09/2025;5;2000;1000;9000;3000;Transferencia
VEN02197;CLI251;11057;ACOPLE LAVAMANOS GRIVAL 40CMS;Carlos Mario Hoyos;22/02/2026;10;2000;0;20000;8000;Tarjeta
VEN02198;CLI219;10059;ALCOHOL INDUSTRIAL X 500;Andrés Cardona;4/05/2025;3;2000;0;6000;2400;Efectivo
VEN02199;CLI048;11060;AGUA STOP PASTA GRIVAL;Diana Tobón;19/02/2025;3;2000;300;5700;2100;Efectivo
VEN02200;CLI009;10023;ACOPLE SANITARIO CORTO CARDENAS;Milena Restrepo;15/01/2026;1;2000;0;2000;800;Transferencia
VEN02201;CLI131;10039;ALAMBRE CENTELSA N  8 ROJO;Carlos Mario Hoyos;4/01/2026;5;2000;0;10000;4000;Tarjeta
VEN02202;CLI117;10038;ALAMBRE CENTELSA N  8 NEGRO;Andrés Cardona;21/12/2025;3;2000;600;5400;1800;Efectivo
VEN02203;CLI166;10879;ADAPTADOR MACHO 1/2 X 16MM PE AL PE;Carlos Mario Hoyos;26/03/2026;1;2000;0;2000;800;Tarjeta
VEN02204;CLI015;10047;ALAMBRE CENTELSA N 12 AMARILLO;Diana Tobón;1/02/2026;1;2000;0;2000;800;Efectivo
VEN02205;CLI128;10004;ABRAZADERA TITAN 7/16A25/32 - 1/2 10-06;Milena Restrepo;1/04/2026;1;2000;0;2000;800;Transferencia
VEN02206;CLI187;12242;ACOPLE SAMURAY PREMIER AMARILLO;Carlos Mario Hoyos;2/09/2025;1;2000;0;2000;800;Transferencia
VEN02207;CLI188;10054;ALAMBRE CENTELSA N 14 AZUL;Milena Restrepo;18/01/2025;10;2000;0;20000;8000;Efectivo
VEN02208;CLI140;11696;ADAPTADOR PVC ALARGE 1/2 X 3/8;Andrés Cardona;24/12/2025;5;2000;1000;9000;3000;Tarjeta
VEN02209;CLI036;11697;"ADAPTADOR HEMBRA DE 1"" PVC LEO";Milena Restrepo;26/04/2026;3;2000;0;6000;2400;Tarjeta
VEN02210;CLI237;11071;ACOPLE LAVAMANOS GRIVAL LARGO 60;Andrés Cardona;2/01/2025;2;2000;0;4000;1600;Transferencia
VEN02211;CLI286;10041;ALAMBRE CENTELSA N 10 AMARILLO;Carlos Mario Hoyos;27/08/2025;2;2000;0;4000;1600;Transferencia
VEN02212;CLI108;10019;ACOPLE LAVAMANO CORTO  CARDENAS;Diana Tobón;8/04/2026;1;2000;0;2000;800;Tarjeta
VEN02213;CLI172;10058;ALAMBRE CENTELSA N 14 VERDE;Milena Restrepo;10/04/2026;1;2000;0;2000;800;Tarjeta
VEN02214;CLI051;11699;ADAPTADOR HEMBRA DE 3/4 PVC LEO;Andrés Cardona;20/10/2025;5;2000;500;9500;3500;Efectivo
VEN02215;CLI005;11942;AGUA STOP CAUCHO GRIPLAS;Milena Restrepo;4/12/2025;5;2000;0;10000;4000;Efectivo
VEN02216;CLI199;10010;ABRAZADERA TITAN 11/4A2 40-28;Carlos Mario Hoyos;27/03/2026;5;2000;0;10000;4000;Tarjeta
VEN02217;CLI204;10015;ABRAZADERA TITAN 31/2A45/16 40-56;Carlos Mario Hoyos;3/01/2025;2;2000;0;4000;1600;Efectivo
VEN02218;CLI123;10987;AGUA STOP PINES SAPITO GERFOR 580051;Milena Restrepo;5/05/2025;2;2000;0;4000;1600;Transferencia
VEN02219;CLI294;10004;ABRAZADERA TITAN 7/16A25/32 - 1/2 10-06;Andrés Cardona;24/05/2025;1;2000;0;2000;800;Transferencia
VEN02220;CLI199;10009;ABRAZADERA TITAN 11/8A17/8  40-24;Andrés Cardona;21/10/2025;2;2000;200;3800;1400;Tarjeta
VEN02221;CLI243;11059;AGUA STOP CAUCHO GRIVAL;Diana Tobón;3/01/2025;1;2000;0;2000;800;Efectivo
VEN02222;CLI031;10042;ALAMBRE CENTELSA N 10 AZUL;Andrés Cardona;11/01/2026;10;2000;0;20000;8000;Efectivo
VEN02223;CLI052;10021;ACOPLE LAVAMANOS GRIPLAS;Diana Tobón;7/10/2025;5;2000;0;10000;4000;Tarjeta
VEN02224;CLI183;10012;ABRAZADERA TITAN  2A2-3/8 40-36;Diana Tobón;12/03/2026;1;2000;100;1900;700;Transferencia
VEN02225;CLI148;10003;ABRAZADERA TITAN 5/16A5/8 - 3/8  10-04;Carlos Mario Hoyos;20/04/2025;1;2000;0;2000;800;Tarjeta
VEN02226;CLI271;10040;ALAMBRE CENTELSA N  8 VERDE;Carlos Mario Hoyos;6/04/2025;10;2000;0;20000;8000;Transferencia
VEN02227;CLI204;10038;ALAMBRE CENTELSA N  8 NEGRO;Carlos Mario Hoyos;20/11/2025;2;2000;0;4000;1600;Transferencia
VEN02228;CLI280;12595;ADAPTADOR DE 1 EMT;Carlos Mario Hoyos;5/03/2026;2;2000;200;3800;1400;Efectivo
VEN02229;CLI014;10021;ACOPLE LAVAMANOS GRIPLAS;Milena Restrepo;27/01/2025;10;2000;0;20000;8000;Transferencia
VEN02230;CLI280;11071;ACOPLE LAVAMANOS GRIVAL LARGO 60;Carlos Mario Hoyos;6/01/2026;5;2000;500;9500;3500;Tarjeta
VEN02231;CLI193;10052;ALAMBRE CENTELSA N 12 VERDE;Andrés Cardona;19/04/2026;3;2000;0;6000;2400;Transferencia
VEN02232;CLI024;11699;ADAPTADOR HEMBRA DE 3/4 PVC LEO;Carlos Mario Hoyos;22/06/2025;5;2000;0;10000;4000;Tarjeta
VEN02233;CLI201;12188;ACOPLE RAPIDO PISTOLA X 2 DORADO DSF-6035;Diana Tobón;4/02/2026;10;2000;1000;19000;7000;Tarjeta
VEN02234;CLI189;10053;ALAMBRE CENTELSA N 14 AMARILLO;Carlos Mario Hoyos;17/10/2025;1;2000;100;1900;700;Transferencia
VEN02235;CLI189;10987;AGUA STOP PINES SAPITO GERFOR 580051;Andrés Cardona;17/05/2025;3;2000;0;6000;2400;Transferencia
VEN02236;CLI174;10878;ADAPTADOR HEMBRA 1/2 X 16MM PE AL PE;Carlos Mario Hoyos;31/03/2026;10;10800;0;108000;96000;Tarjeta
VEN02237;CLI026;10019;ACOPLE LAVAMANO CORTO  CARDENAS;Diana Tobón;20/06/2025;3;2000;300;5700;2100;Transferencia
VEN02238;CLI274;10036;ALAMBRE CENTELSA N  8 AZUL;Carlos Mario Hoyos;15/05/2025;5;2000;500;9500;3500;Tarjeta
VEN02239;CLI183;10015;ABRAZADERA TITAN 31/2A45/16 40-56;Diana Tobón;28/03/2026;3;2000;300;5700;2100;Tarjeta
VEN02240;CLI175;10013;ABRAZADERA TITAN 23/8A31/8  40-40;Milena Restrepo;19/01/2026;2;2000;0;4000;1600;Tarjeta
VEN02241;CLI106;12595;ADAPTADOR DE 1 EMT;Milena Restrepo;27/08/2025;2;2000;0;4000;1600;Tarjeta
VEN02242;CLI168;11699;ADAPTADOR HEMBRA DE 3/4 PVC LEO;Andrés Cardona;10/04/2026;10;2000;1000;19000;7000;Tarjeta
VEN02243;CLI226;10043;ALAMBRE CENTELSA N 10 BLANCO;Milena Restrepo;13/02/2026;3;2000;0;6000;2400;Efectivo
VEN02244;CLI050;10007;ABRAZADERA TITAN 29/32A1-3/8 40-16;Andrés Cardona;15/01/2025;3;2000;0;6000;2400;Efectivo
VEN02245;CLI100;10987;AGUA STOP PINES SAPITO GERFOR 580051;Diana Tobón;12/03/2025;5;2000;0;10000;4000;Transferencia
VEN02246;CLI001;10010;ABRAZADERA TITAN 11/4A2 40-28;Andrés Cardona;21/02/2025;2;2000;0;4000;1600;Transferencia
VEN02247;CLI298;10061;ALICATE 6 NARANJA DSF-6049;Carlos Mario Hoyos;30/11/2025;2;2000;0;4000;1600;Tarjeta
VEN02248;CLI094;10061;ALICATE 6 NARANJA DSF-6049;Carlos Mario Hoyos;12/11/2025;1;2000;200;1800;600;Efectivo
VEN02249;CLI106;10063;ALICATE FOCCI 8,5 DSF-1684;Milena Restrepo;18/04/2026;3;2000;0;6000;2400;Transferencia
VEN02250;CLI263;11685;ACOPLE CAUCHO SUELTO LICUADORA OSTER;Andrés Cardona;13/11/2025;1;2000;100;1900;700;Efectivo
VEN02251;CLI238;10013;ABRAZADERA TITAN 23/8A31/8  40-40;Andrés Cardona;28/05/2025;2;2000;0;4000;1600;Tarjeta
VEN02252;CLI138;10012;ABRAZADERA TITAN  2A2-3/8 40-36;Milena Restrepo;28/07/2025;10;2000;0;20000;8000;Tarjeta
VEN02253;CLI240;11943;AGUA STOP PLASTGRIFOS;Andrés Cardona;27/06/2025;3;2000;600;5400;1800;Transferencia
VEN02254;CLI263;10049;ALAMBRE CENTELSA N 12 BLANCO;Andrés Cardona;27/03/2025;3;2000;0;6000;2400;Transferencia
VEN02255;CLI178;11685;ACOPLE CAUCHO SUELTO LICUADORA OSTER;Milena Restrepo;7/10/2025;2;2000;200;3800;1400;Efectivo
VEN02256;CLI254;12178;ACOPLE RAPIDO PISTOLA PINTAR JUEGO X 5;Diana Tobón;18/07/2025;2;2000;0;4000;1600;Efectivo
VEN02257;CLI264;11701;"ADAPTADOR MACHO DE 3/4"" PVC LEO";Andrés Cardona;29/09/2025;10;2000;0;20000;8000;Tarjeta
VEN02258;CLI096;10002;ABRAZADERA TITAN 5/16-15/32 10-00;Carlos Mario Hoyos;1/03/2025;10;2000;0;20000;8000;Efectivo
VEN02259;CLI245;10011;ABRAZADERA TITAN 13/4A21/2  40-32;Diana Tobón;3/12/2025;10;2000;0;20000;8000;Efectivo
VEN02260;CLI135;10051;ALAMBRE CENTELSA N 12 ROJO;Milena Restrepo;16/04/2025;10;2000;0;20000;8000;Transferencia
VEN02261;CLI125;10986;AGUA STOP ARGOLLA GERFOR 581140;Andrés Cardona;21/05/2025;1;2000;100;1900;700;Tarjeta
VEN02262;CLI136;11071;ACOPLE LAVAMANOS GRIVAL LARGO 60;Carlos Mario Hoyos;7/02/2026;1;2000;0;2000;800;Efectivo
VEN02263;CLI287;10029;AEROGRAFO X 125 ML CHORRO DSF-1505 K3;Diana Tobón;14/03/2026;3;2000;0;6000;2400;Tarjeta
VEN02264;CLI002;12241;ACOPLE SAMURAY CAUCHO ECONOMICO;Milena Restrepo;28/06/2025;5;2000;0;10000;4000;Transferencia
VEN02265;CLI128;11059;AGUA STOP CAUCHO GRIVAL;Carlos Mario Hoyos;16/12/2025;5;2000;500;9500;3500;Efectivo
VEN02266;CLI167;10024;ACOPLE SANITARIO GRIPLAS;Carlos Mario Hoyos;27/04/2026;10;2000;0;20000;8000;Efectivo
VEN02267;CLI180;10021;ACOPLE LAVAMANOS GRIPLAS;Diana Tobón;2/04/2025;2;2000;0;4000;1600;Transferencia
VEN02268;CLI051;10008;ABRAZADERA TITAN 1A19/16 40-20;Milena Restrepo;13/06/2025;2;2000;0;4000;1600;Efectivo
VEN02269;CLI142;11942;AGUA STOP CAUCHO GRIPLAS;Milena Restrepo;26/12/2025;5;2000;500;9500;3500;Transferencia
VEN02270;CLI099;12177;AGUJAS PISTOLA PINTAR;Milena Restrepo;16/02/2025;1;2000;0;2000;800;Efectivo
VEN02271;CLI260;11830;ALQUITRAN POR KILO;Carlos Mario Hoyos;15/05/2025;10;2000;0;20000;8000;Tarjeta
VEN02272;CLI098;10002;ABRAZADERA TITAN 5/16-15/32 10-00;Carlos Mario Hoyos;31/10/2025;2;2000;0;4000;1600;Tarjeta
VEN02273;CLI037;10041;ALAMBRE CENTELSA N 10 AMARILLO;Milena Restrepo;27/01/2025;5;2000;0;10000;4000;Transferencia
VEN02274;CLI038;10047;ALAMBRE CENTELSA N 12 AMARILLO;Diana Tobón;16/05/2025;2;2000;0;4000;1600;Transferencia
VEN02275;CLI258;10061;ALICATE 6 NARANJA DSF-6049;Andrés Cardona;5/03/2025;5;2000;0;10000;4000;Tarjeta
VEN02276;CLI026;10052;ALAMBRE CENTELSA N 12 VERDE;Andrés Cardona;9/04/2025;10;2000;0;20000;8000;Transferencia
VEN02277;CLI140;10052;ALAMBRE CENTELSA N 12 VERDE;Andrés Cardona;4/12/2025;5;2000;0;10000;4000;Transferencia
VEN02278;CLI043;10037;ALAMBRE CENTELSA N  8 BLANCO;Carlos Mario Hoyos;10/03/2026;5;2000;0;10000;4000;Transferencia
VEN02279;CLI215;10020;ACOPLE LAVAMANOS CARDENAS LARGO;Diana Tobón;8/02/2026;2;2000;0;4000;1600;Efectivo
VEN02280;CLI026;10027;AEROGRAFO F75 400 ML DSF-1499;Milena Restrepo;20/08/2025;1;2000;0;2000;800;Efectivo
VEN02281;CLI010;10016;ACEITE USA1 X 30 CC;Diana Tobón;17/01/2025;5;2000;0;10000;4000;Tarjeta
VEN02282;CLI012;10051;ALAMBRE CENTELSA N 12 ROJO;Diana Tobón;2/07/2025;5;2000;500;9500;3500;Tarjeta
VEN02283;CLI286;10053;ALAMBRE CENTELSA N 14 AMARILLO;Carlos Mario Hoyos;20/12/2025;5;2000;0;10000;4000;Transferencia
VEN02284;CLI098;11071;ACOPLE LAVAMANOS GRIVAL LARGO 60;Diana Tobón;25/02/2026;5;2000;500;9500;3500;Efectivo
VEN02285;CLI016;10004;ABRAZADERA TITAN 7/16A25/32 - 1/2 10-06;Milena Restrepo;21/08/2025;1;2000;0;2000;800;Tarjeta
VEN02286;CLI047;10060;ALICATE  BICOLOR N 8;Diana Tobón;18/03/2026;2;2000;0;4000;1600;Efectivo
VEN02287;CLI209;10017;ACEITE USA1 X 70 CC;Milena Restrepo;20/04/2026;2;2000;0;4000;1600;Tarjeta
VEN02288;CLI250;10017;ACEITE USA1 X 70 CC;Carlos Mario Hoyos;27/12/2025;5;2000;0;10000;4000;Transferencia
VEN02289;CLI282;10016;ACEITE USA1 X 30 CC;Diana Tobón;5/04/2026;1;2000;0;2000;800;Efectivo
VEN02290;CLI160;11058;ACOPLE SANITARIO GRIVAL 40 CMS;Milena Restrepo;7/02/2026;1;2000;0;2000;800;Efectivo
VEN02291;CLI217;11696;ADAPTADOR PVC ALARGE 1/2 X 3/8;Diana Tobón;3/05/2025;10;2000;0;20000;8000;Efectivo
VEN02292;CLI131;10986;AGUA STOP ARGOLLA GERFOR 581140;Diana Tobón;26/07/2025;10;2000;0;20000;8000;Efectivo
VEN02293;CLI217;10032;ALAMBRE PUA  C14 X 350MT CORSAN;Carlos Mario Hoyos;2/10/2025;3;2000;0;6000;2400;Tarjeta
VEN02294;CLI206;10058;ALAMBRE CENTELSA N 14 VERDE;Andrés Cardona;21/01/2026;5;2000;0;10000;4000;Transferencia
VEN02295;CLI036;10021;ACOPLE LAVAMANOS GRIPLAS;Milena Restrepo;5/06/2025;5;2000;0;10000;4000;Efectivo
VEN02296;CLI155;10735;ADAPTADOR DE ESPIGO A ROSCA DE 1/2;Milena Restrepo;23/12/2025;1;2000;0;2000;800;Transferencia
VEN02297;CLI101;11071;ACOPLE LAVAMANOS GRIVAL LARGO 60;Diana Tobón;4/04/2026;10;2000;0;20000;8000;Tarjeta
VEN02298;CLI226;10064;ALICATE STANLEY N 8 84-023;Diana Tobón;14/12/2025;5;2000;0;10000;4000;Efectivo
VEN02299;CLI119;10063;ALICATE FOCCI 8,5 DSF-1684;Carlos Mario Hoyos;4/09/2025;10;2000;0;20000;8000;Efectivo
VEN02300;CLI045;10056;ALAMBRE CENTELSA N 14 NEGRO;Andrés Cardona;23/08/2025;3;2000;300;5700;2100;Efectivo
VEN02301;CLI003;10056;ALAMBRE CENTELSA N 14 NEGRO;Milena Restrepo;15/01/2025;10;2000;0;20000;8000;Efectivo
VEN02302;CLI128;10058;ALAMBRE CENTELSA N 14 VERDE;Milena Restrepo;6/04/2026;1;2000;0;2000;800;Tarjeta
VEN02303;CLI233;10025;ACRONAL  DE 1/4;Carlos Mario Hoyos;4/07/2025;1;2000;100;1900;700;Tarjeta
VEN02304;CLI250;10014;ABRAZADERA TITAN 2-3/8A3-1/8  40-44;Andrés Cardona;23/03/2025;1;2000;0;2000;800;Transferencia
VEN02305;CLI201;10050;ALAMBRE CENTELSA N 12 NEGRO;Carlos Mario Hoyos;21/12/2025;2;2000;0;4000;1600;Tarjeta
VEN02306;CLI285;10047;ALAMBRE CENTELSA N 12 AMARILLO;Andrés Cardona;26/07/2025;5;2000;0;10000;4000;Transferencia
VEN02307;CLI163;10048;ALAMBRE CENTELSA N 12 AZUL;Carlos Mario Hoyos;13/12/2025;2;2000;200;3800;1400;Efectivo
VEN02308;CLI250;12188;ACOPLE RAPIDO PISTOLA X 2 DORADO DSF-6035;Carlos Mario Hoyos;20/06/2025;5;2000;1000;9000;3000;Transferencia
VEN02309;CLI202;10043;ALAMBRE CENTELSA N 10 BLANCO;Milena Restrepo;6/12/2025;3;2000;600;5400;1800;Transferencia
VEN02310;CLI232;10045;ALAMBRE CENTELSA N 10 ROJO;Diana Tobón;10/08/2025;1;2000;0;2000;800;Transferencia
VEN02311;CLI016;11059;AGUA STOP CAUCHO GRIVAL;Carlos Mario Hoyos;10/02/2026;1;2000;0;2000;800;Tarjeta
VEN02312;CLI083;10009;ABRAZADERA TITAN 11/8A17/8  40-24;Diana Tobón;6/02/2025;3;2000;0;6000;2400;Efectivo
VEN02313;CLI136;12241;ACOPLE SAMURAY CAUCHO ECONOMICO;Diana Tobón;27/04/2025;10;2000;0;20000;8000;Efectivo
VEN02314;CLI245;10059;ALCOHOL INDUSTRIAL X 500;Diana Tobón;10/07/2025;2;2000;0;4000;1600;Transferencia
VEN02315;CLI216;12178;ACOPLE RAPIDO PISTOLA PINTAR JUEGO X 5;Milena Restrepo;24/05/2025;3;2000;0;6000;2400;Transferencia
VEN02316;CLI086;10041;ALAMBRE CENTELSA N 10 AMARILLO;Carlos Mario Hoyos;6/06/2025;2;2000;200;3800;1400;Transferencia
VEN02317;CLI192;10046;ALAMBRE CENTELSA N 10 VERDE;Diana Tobón;1/05/2026;3;2000;0;6000;2400;Efectivo
VEN02318;CLI087;10051;ALAMBRE CENTELSA N 12 ROJO;Carlos Mario Hoyos;13/03/2025;3;2000;0;6000;2400;Efectivo
VEN02319;CLI131;10054;ALAMBRE CENTELSA N 14 AZUL;Andrés Cardona;9/01/2025;2;2000;0;4000;1600;Efectivo
VEN02320;CLI038;10020;ACOPLE LAVAMANOS CARDENAS LARGO;Andrés Cardona;4/08/2025;10;2000;0;20000;8000;Tarjeta
VEN02321;CLI201;10016;ACEITE USA1 X 30 CC;Milena Restrepo;14/09/2025;1;2000;0;2000;800;Tarjeta
VEN02322;CLI293;10023;ACOPLE SANITARIO CORTO CARDENAS;Andrés Cardona;6/08/2025;1;2000;100;1900;700;Efectivo
VEN02323;CLI084;11704;"ADAPTADOR MACHO DE 2"" PVC LEO";Diana Tobón;29/05/2025;5;2000;500;9500;3500;Transferencia
VEN02324;CLI226;10049;ALAMBRE CENTELSA N 12 BLANCO;Carlos Mario Hoyos;7/09/2025;3;2000;0;6000;2400;Efectivo
VEN02325;CLI262;10048;ALAMBRE CENTELSA N 12 AZUL;Andrés Cardona;11/05/2026;10;2000;1000;19000;7000;Transferencia
VEN02326;CLI057;10033;ALAMBRE PUA C16 X 200MT CORSAN;Andrés Cardona;23/09/2025;5;2000;0;10000;4000;Efectivo
VEN02327;CLI149;10062;ALICATE 8 NARANJA DSF-6050;Diana Tobón;24/04/2025;2;2000;0;4000;1600;Tarjeta
VEN02328;CLI126;11702;"ADAPTADOR MACHO DE 1"" LEO";Diana Tobón;7/12/2025;2;2000;0;4000;1600;Transferencia
VEN02329;CLI219;10013;ABRAZADERA TITAN 23/8A31/8  40-40;Andrés Cardona;12/07/2025;1;2000;0;2000;800;Tarjeta
VEN02330;CLI207;10047;ALAMBRE CENTELSA N 12 AMARILLO;Carlos Mario Hoyos;26/05/2025;3;2000;0;6000;2400;Tarjeta
VEN02331;CLI030;11072;ACOPLE SANITARIO GRIVAL LARGO 55;Milena Restrepo;13/07/2025;1;2000;0;2000;800;Efectivo
VEN02332;CLI014;10061;ALICATE 6 NARANJA DSF-6049;Andrés Cardona;4/03/2026;1;2000;0;2000;800;Transferencia
VEN02333;CLI223;10001;ABRAZADERA 1/2 ECONOMICA;Carlos Mario Hoyos;27/04/2026;2;2000;0;4000;1600;Transferencia
VEN02334;CLI132;11942;AGUA STOP CAUCHO GRIPLAS;Milena Restrepo;14/06/2025;5;2000;0;10000;4000;Tarjeta
VEN02335;CLI108;10045;ALAMBRE CENTELSA N 10 ROJO;Carlos Mario Hoyos;9/03/2026;5;2000;500;9500;3500;Transferencia
VEN02336;CLI178;10014;ABRAZADERA TITAN 2-3/8A3-1/8  40-44;Andrés Cardona;2/03/2025;2;2000;0;4000;1600;Transferencia
VEN02337;CLI031;10001;ABRAZADERA 1/2 ECONOMICA;Milena Restrepo;5/03/2025;2;2000;0;4000;1600;Efectivo
VEN02338;CLI006;11685;ACOPLE CAUCHO SUELTO LICUADORA OSTER;Diana Tobón;18/10/2025;3;2000;0;6000;2400;Transferencia
VEN02339;CLI045;10050;ALAMBRE CENTELSA N 12 NEGRO;Carlos Mario Hoyos;22/08/2025;5;2000;0;10000;4000;Efectivo
VEN02340;CLI205;10058;ALAMBRE CENTELSA N 14 VERDE;Andrés Cardona;27/07/2025;2;2000;0;4000;1600;Tarjeta
VEN02341;CLI035;10025;ACRONAL  DE 1/4;Diana Tobón;26/09/2025;1;2000;0;2000;800;Tarjeta
VEN02342;CLI216;10012;ABRAZADERA TITAN  2A2-3/8 40-36;Carlos Mario Hoyos;10/02/2025;1;2000;0;2000;800;Transferencia
VEN02343;CLI226;10019;ACOPLE LAVAMANO CORTO  CARDENAS;Carlos Mario Hoyos;1/04/2026;2;2000;0;4000;1600;Efectivo
VEN02344;CLI157;10036;ALAMBRE CENTELSA N  8 AZUL;Andrés Cardona;13/11/2025;1;2000;0;2000;800;Efectivo
VEN02345;CLI180;11697;"ADAPTADOR HEMBRA DE 1"" PVC LEO";Milena Restrepo;9/05/2026;2;2000;200;3800;1400;Transferencia
VEN02346;CLI171;10001;ABRAZADERA 1/2 ECONOMICA;Diana Tobón;3/04/2026;5;2000;0;10000;4000;Efectivo
VEN02347;CLI242;10007;ABRAZADERA TITAN 29/32A1-3/8 40-16;Diana Tobón;22/02/2025;2;2000;0;4000;1600;Tarjeta
VEN02348;CLI244;10038;ALAMBRE CENTELSA N  8 NEGRO;Diana Tobón;27/06/2025;1;2000;0;2000;800;Tarjeta
VEN02349;CLI279;10035;ALAMBRE CENTELSA N  8 AMARILLO;Milena Restrepo;22/03/2025;5;2000;0;10000;4000;Transferencia
VEN02350;CLI155;10043;ALAMBRE CENTELSA N 10 BLANCO;Diana Tobón;21/04/2026;5;2000;0;10000;4000;Transferencia
VEN02351;CLI151;12187;ACOPLE RAPIDO PISTOLA PINTAR;Milena Restrepo;8/02/2026;1;2000;0;2000;800;Efectivo
VEN02352;CLI180;10010;ABRAZADERA TITAN 11/4A2 40-28;Carlos Mario Hoyos;11/01/2025;1;2000;0;2000;800;Transferencia
VEN02353;CLI238;10048;ALAMBRE CENTELSA N 12 AZUL;Diana Tobón;19/04/2025;1;2000;0;2000;800;Tarjeta
VEN02354;CLI254;10007;ABRAZADERA TITAN 29/32A1-3/8 40-16;Andrés Cardona;23/08/2025;10;2000;0;20000;8000;Transferencia
VEN02355;CLI004;10053;ALAMBRE CENTELSA N 14 AMARILLO;Diana Tobón;1/05/2026;2;2000;0;4000;1600;Transferencia
VEN02356;CLI171;10062;ALICATE 8 NARANJA DSF-6050;Milena Restrepo;8/12/2025;5;2000;0;10000;4000;Transferencia
VEN02357;CLI010;12177;AGUJAS PISTOLA PINTAR;Diana Tobón;1/07/2025;10;2000;0;20000;8000;Efectivo
VEN02358;CLI202;11059;AGUA STOP CAUCHO GRIVAL;Andrés Cardona;7/05/2026;1;2000;100;1900;700;Tarjeta
VEN02359;CLI077;11057;ACOPLE LAVAMANOS GRIVAL 40CMS;Andrés Cardona;20/05/2025;1;2000;0;2000;800;Efectivo
VEN02360;CLI184;10056;ALAMBRE CENTELSA N 14 NEGRO;Carlos Mario Hoyos;26/07/2025;10;2000;0;20000;8000;Tarjeta
VEN02361;CLI295;10986;AGUA STOP ARGOLLA GERFOR 581140;Milena Restrepo;23/09/2025;2;2000;0;4000;1600;Efectivo
VEN02362;CLI068;10016;ACEITE USA1 X 30 CC;Milena Restrepo;19/10/2025;3;2000;0;6000;2400;Tarjeta
VEN02363;CLI215;10038;ALAMBRE CENTELSA N  8 NEGRO;Milena Restrepo;9/08/2025;1;2000;0;2000;800;Transferencia
VEN02364;CLI057;11943;AGUA STOP PLASTGRIFOS;Andrés Cardona;2/04/2026;2;2000;0;4000;1600;Transferencia
VEN02365;CLI300;11830;ALQUITRAN POR KILO;Andrés Cardona;23/03/2025;10;2000;0;20000;8000;Tarjeta
VEN02366;CLI174;10015;ABRAZADERA TITAN 31/2A45/16 40-56;Andrés Cardona;11/02/2026;3;2000;0;6000;2400;Efectivo
VEN02367;CLI237;10004;ABRAZADERA TITAN 7/16A25/32 - 1/2 10-06;Andrés Cardona;1/07/2025;5;2000;0;10000;4000;Transferencia
VEN02368;CLI136;12242;ACOPLE SAMURAY PREMIER AMARILLO;Andrés Cardona;29/04/2025;3;2000;0;6000;2400;Tarjeta
VEN02369;CLI109;10051;ALAMBRE CENTELSA N 12 ROJO;Diana Tobón;15/05/2026;1;2000;0;2000;800;Transferencia
VEN02370;CLI256;10061;ALICATE 6 NARANJA DSF-6049;Diana Tobón;31/03/2025;10;2000;0;20000;8000;Transferencia
VEN02371;CLI089;12240;ACOPLE PASTA SAMURAY ECONOMICO;Andrés Cardona;22/02/2026;10;2000;0;20000;8000;Tarjeta
VEN02372;CLI248;10049;ALAMBRE CENTELSA N 12 BLANCO;Diana Tobón;23/09/2025;10;2000;0;20000;8000;Transferencia
VEN02373;CLI266;10040;ALAMBRE CENTELSA N  8 VERDE;Diana Tobón;13/07/2025;5;2000;0;10000;4000;Transferencia
VEN02374;CLI156;10987;AGUA STOP PINES SAPITO GERFOR 580051;Milena Restrepo;13/09/2025;5;2000;0;10000;4000;Efectivo
VEN02375;CLI164;10006;ABRAZADERA TITAN 3/4A1 40-12;Milena Restrepo;30/07/2025;3;2000;300;5700;2100;Tarjeta
VEN02376;CLI242;10059;ALCOHOL INDUSTRIAL X 500;Milena Restrepo;13/01/2026;1;2000;0;2000;800;Tarjeta
VEN02377;CLI092;10878;ADAPTADOR HEMBRA 1/2 X 16MM PE AL PE;Milena Restrepo;21/12/2025;5;10800;0;54000;48000;Transferencia
VEN02378;CLI090;10030;AEROGRAFO X 150 ML ABANICO HOPEX F2;Diana Tobón;19/03/2025;5;2000;0;10000;4000;Transferencia
VEN02379;CLI001;11059;AGUA STOP CAUCHO GRIVAL;Milena Restrepo;31/08/2025;1;2000;0;2000;800;Transferencia
VEN02380;CLI123;10020;ACOPLE LAVAMANOS CARDENAS LARGO;Milena Restrepo;28/04/2025;2;2000;0;4000;1600;Transferencia
VEN02381;CLI079;10063;ALICATE FOCCI 8,5 DSF-1684;Andrés Cardona;3/02/2025;1;2000;0;2000;800;Transferencia
VEN02382;CLI081;10055;ALAMBRE CENTELSA N 14 BLANCO;Diana Tobón;13/05/2026;5;2000;0;10000;4000;Transferencia
VEN02383;CLI279;11702;"ADAPTADOR MACHO DE 1"" LEO";Diana Tobón;28/11/2025;1;2000;100;1900;700;Transferencia
VEN02384;CLI189;10017;ACEITE USA1 X 70 CC;Carlos Mario Hoyos;2/12/2025;10;2000;1000;19000;7000;Efectivo
VEN02385;CLI265;10036;ALAMBRE CENTELSA N  8 AZUL;Carlos Mario Hoyos;15/09/2025;1;2000;0;2000;800;Efectivo
VEN02386;CLI134;10019;ACOPLE LAVAMANO CORTO  CARDENAS;Milena Restrepo;29/12/2025;10;2000;0;20000;8000;Tarjeta
VEN02387;CLI154;10005;ABRAZADERA TITAN 1/2A3/4  40-06;Andrés Cardona;23/06/2025;5;2000;0;10000;4000;Transferencia
VEN02388;CLI141;10084;AGUAMONIACO  FRASCO X 480;Milena Restrepo;10/12/2025;3;3800;0;11400;7800;Transferencia
VEN02389;CLI022;11699;ADAPTADOR HEMBRA DE 3/4 PVC LEO;Carlos Mario Hoyos;22/02/2026;10;2000;1000;19000;7000;Tarjeta
VEN02390;CLI159;10049;ALAMBRE CENTELSA N 12 BLANCO;Milena Restrepo;26/01/2026;5;2000;0;10000;4000;Efectivo
VEN02391;CLI023;10045;ALAMBRE CENTELSA N 10 ROJO;Carlos Mario Hoyos;20/04/2026;1;2000;100;1900;700;Efectivo
VEN02392;CLI025;12242;ACOPLE SAMURAY PREMIER AMARILLO;Diana Tobón;13/12/2025;2;2000;0;4000;1600;Tarjeta
VEN02393;CLI088;11071;ACOPLE LAVAMANOS GRIVAL LARGO 60;Andrés Cardona;26/03/2025;3;2000;0;6000;2400;Transferencia
VEN02394;CLI232;10061;ALICATE 6 NARANJA DSF-6049;Milena Restrepo;6/10/2025;5;2000;0;10000;4000;Tarjeta
VEN02395;CLI172;11704;"ADAPTADOR MACHO DE 2"" PVC LEO";Milena Restrepo;10/10/2025;1;2000;0;2000;800;Transferencia
VEN02396;CLI007;10062;ALICATE 8 NARANJA DSF-6050;Andrés Cardona;29/09/2025;10;2000;0;20000;8000;Transferencia
VEN02397;CLI246;11685;ACOPLE CAUCHO SUELTO LICUADORA OSTER;Andrés Cardona;25/12/2025;1;2000;0;2000;800;Transferencia
VEN02398;CLI299;10053;ALAMBRE CENTELSA N 14 AMARILLO;Carlos Mario Hoyos;29/01/2026;2;2000;0;4000;1600;Transferencia
VEN02399;CLI248;10024;ACOPLE SANITARIO GRIPLAS;Andrés Cardona;11/03/2026;10;2000;0;20000;8000;Transferencia
VEN02400;CLI269;11698;"ADAPTADOR HEMBRA  1/2"" LEO PRECION";Diana Tobón;29/10/2025;5;2000;0;10000;4000;Efectivo
VEN02401;CLI180;10018;ACIDO CORRIENTE X 480;Carlos Mario Hoyos;6/02/2025;3;2000;0;6000;2400;Transferencia
VEN02402;CLI003;11072;ACOPLE SANITARIO GRIVAL LARGO 55;Diana Tobón;28/03/2025;10;2000;0;20000;8000;Efectivo
VEN02403;CLI027;10017;ACEITE USA1 X 70 CC;Milena Restrepo;31/01/2025;5;2000;0;10000;4000;Transferencia
VEN02404;CLI260;12187;ACOPLE RAPIDO PISTOLA PINTAR;Diana Tobón;20/03/2025;1;2000;0;2000;800;Tarjeta
VEN02405;CLI279;10020;ACOPLE LAVAMANOS CARDENAS LARGO;Carlos Mario Hoyos;21/05/2025;3;2000;0;6000;2400;Tarjeta
VEN02406;CLI043;10004;ABRAZADERA TITAN 7/16A25/32 - 1/2 10-06;Andrés Cardona;7/05/2026;3;2000;0;6000;2400;Transferencia
VEN02407;CLI056;10055;ALAMBRE CENTELSA N 14 BLANCO;Diana Tobón;1/10/2025;3;2000;600;5400;1800;Efectivo
VEN02408;CLI232;10055;ALAMBRE CENTELSA N 14 BLANCO;Milena Restrepo;30/03/2025;1;2000;100;1900;700;Tarjeta
VEN02409;CLI286;12596;ADAPTADOR DE 1/2 EMT;Andrés Cardona;13/08/2025;5;2000;0;10000;4000;Transferencia
VEN02410;CLI237;10016;ACEITE USA1 X 30 CC;Milena Restrepo;14/07/2025;5;2000;500;9500;3500;Transferencia
VEN02411;CLI249;10037;ALAMBRE CENTELSA N  8 BLANCO;Diana Tobón;31/10/2025;1;2000;200;1800;600;Transferencia
VEN02412;CLI141;11943;AGUA STOP PLASTGRIFOS;Milena Restrepo;11/11/2025;3;2000;0;6000;2400;Tarjeta
VEN02413;CLI108;10024;ACOPLE SANITARIO GRIPLAS;Diana Tobón;16/02/2026;10;2000;0;20000;8000;Efectivo
VEN02414;CLI037;10057;ALAMBRE CENTELSA N 14 ROJO;Diana Tobón;2/03/2026;5;2000;0;10000;4000;Transferencia
VEN02415;CLI236;10021;ACOPLE LAVAMANOS GRIPLAS;Carlos Mario Hoyos;13/05/2026;10;2000;0;20000;8000;Transferencia
VEN02416;CLI040;11697;"ADAPTADOR HEMBRA DE 1"" PVC LEO";Diana Tobón;11/04/2025;2;2000;400;3600;1200;Efectivo
VEN02417;CLI261;10028;AEROGRAFO LAPICERO X 4 HOPEX PROFESI;Andrés Cardona;19/06/2025;2;2000;200;3800;1400;Tarjeta
VEN02418;CLI050;10008;ABRAZADERA TITAN 1A19/16 40-20;Milena Restrepo;21/12/2025;10;2000;2000;18000;6000;Transferencia
VEN02419;CLI165;12188;ACOPLE RAPIDO PISTOLA X 2 DORADO DSF-6035;Carlos Mario Hoyos;11/02/2026;3;2000;600;5400;1800;Transferencia
VEN02420;CLI231;10052;ALAMBRE CENTELSA N 12 VERDE;Carlos Mario Hoyos;30/01/2026;1;2000;0;2000;800;Transferencia
VEN02421;CLI163;10048;ALAMBRE CENTELSA N 12 AZUL;Carlos Mario Hoyos;23/01/2025;5;2000;0;10000;4000;Tarjeta
VEN02422;CLI118;10878;ADAPTADOR HEMBRA 1/2 X 16MM PE AL PE;Diana Tobón;26/09/2025;3;10800;0;32400;28800;Transferencia
VEN02423;CLI037;11941;AGUA STOP AHORRADOR PLASTIG;Diana Tobón;27/02/2026;2;2000;200;3800;1400;Efectivo
VEN02424;CLI274;10052;ALAMBRE CENTELSA N 12 VERDE;Andrés Cardona;3/08/2025;3;2000;0;6000;2400;Efectivo
VEN02425;CLI166;10878;ADAPTADOR HEMBRA 1/2 X 16MM PE AL PE;Diana Tobón;1/11/2025;10;10800;0;108000;96000;Transferencia
VEN02426;CLI101;10001;ABRAZADERA 1/2 ECONOMICA;Carlos Mario Hoyos;12/03/2026;1;2000;0;2000;800;Efectivo
VEN02427;CLI289;10006;ABRAZADERA TITAN 3/4A1 40-12;Andrés Cardona;10/02/2026;5;2000;0;10000;4000;Efectivo
VEN02428;CLI017;12595;ADAPTADOR DE 1 EMT;Milena Restrepo;7/08/2025;3;2000;0;6000;2400;Efectivo
VEN02429;CLI225;12242;ACOPLE SAMURAY PREMIER AMARILLO;Andrés Cardona;1/05/2026;5;2000;0;10000;4000;Transferencia
VEN02430;CLI232;10986;AGUA STOP ARGOLLA GERFOR 581140;Diana Tobón;31/12/2025;1;2000;0;2000;800;Efectivo
VEN02431;CLI176;12597;ADAPTADOR DE 3/4 EMT;Diana Tobón;3/03/2026;10;2000;0;20000;8000;Efectivo
VEN02432;CLI196;10061;ALICATE 6 NARANJA DSF-6049;Andrés Cardona;3/07/2025;3;2000;0;6000;2400;Efectivo
VEN02433;CLI050;10058;ALAMBRE CENTELSA N 14 VERDE;Andrés Cardona;18/04/2026;5;2000;0;10000;4000;Efectivo
VEN02434;CLI255;11699;ADAPTADOR HEMBRA DE 3/4 PVC LEO;Diana Tobón;9/04/2026;5;2000;0;10000;4000;Efectivo
VEN02435;CLI012;10022;ACOPLE SANITARIO CARDENAS LARGO;Carlos Mario Hoyos;28/12/2025;3;2000;300;5700;2100;Transferencia
VEN02436;CLI096;12595;ADAPTADOR DE 1 EMT;Milena Restrepo;7/04/2026;3;2000;0;6000;2400;Transferencia
VEN02437;CLI255;10016;ACEITE USA1 X 30 CC;Milena Restrepo;16/02/2026;5;2000;0;10000;4000;Tarjeta
VEN02438;CLI101;10878;ADAPTADOR HEMBRA 1/2 X 16MM PE AL PE;Andrés Cardona;18/12/2025;1;10800;0;10800;9600;Transferencia
VEN02439;CLI036;10022;ACOPLE SANITARIO CARDENAS LARGO;Carlos Mario Hoyos;24/08/2025;5;2000;0;10000;4000;Tarjeta
VEN02440;CLI268;10041;ALAMBRE CENTELSA N 10 AMARILLO;Andrés Cardona;9/01/2025;2;2000;0;4000;1600;Tarjeta
VEN02441;CLI251;10061;ALICATE 6 NARANJA DSF-6049;Diana Tobón;10/04/2025;5;2000;0;10000;4000;Transferencia
VEN02442;CLI148;10003;ABRAZADERA TITAN 5/16A5/8 - 3/8  10-04;Diana Tobón;24/02/2025;5;2000;0;10000;4000;Efectivo
VEN02443;CLI206;10043;ALAMBRE CENTELSA N 10 BLANCO;Diana Tobón;21/07/2025;5;2000;0;10000;4000;Efectivo
VEN02444;CLI176;10025;ACRONAL  DE 1/4;Carlos Mario Hoyos;22/04/2026;2;2000;0;4000;1600;Tarjeta
VEN02445;CLI158;12177;AGUJAS PISTOLA PINTAR;Milena Restrepo;9/01/2026;5;2000;0;10000;4000;Efectivo
VEN02446;CLI007;10060;ALICATE  BICOLOR N 8;Carlos Mario Hoyos;16/02/2025;3;2000;0;6000;2400;Tarjeta
VEN02447;CLI177;10021;ACOPLE LAVAMANOS GRIPLAS;Carlos Mario Hoyos;4/04/2026;10;2000;0;20000;8000;Transferencia
VEN02448;CLI238;11058;ACOPLE SANITARIO GRIVAL 40 CMS;Milena Restrepo;8/12/2025;2;2000;200;3800;1400;Tarjeta
VEN02449;CLI003;11830;ALQUITRAN POR KILO;Carlos Mario Hoyos;11/06/2025;5;2000;0;10000;4000;Tarjeta
VEN02450;CLI161;11941;AGUA STOP AHORRADOR PLASTIG;Milena Restrepo;11/08/2025;1;2000;0;2000;800;Tarjeta
VEN02451;CLI082;11701;"ADAPTADOR MACHO DE 3/4"" PVC LEO";Carlos Mario Hoyos;7/02/2026;5;2000;0;10000;4000;Transferencia
VEN02452;CLI127;10047;ALAMBRE CENTELSA N 12 AMARILLO;Carlos Mario Hoyos;27/11/2025;5;2000;0;10000;4000;Transferencia
VEN02453;CLI187;10034;ALAMBRE PUA C16 X 400MT CORSAN;Carlos Mario Hoyos;15/12/2025;2;2000;0;4000;1600;Transferencia
VEN02454;CLI163;11071;ACOPLE LAVAMANOS GRIVAL LARGO 60;Andrés Cardona;12/04/2025;2;2000;0;4000;1600;Tarjeta
VEN02455;CLI258;10061;ALICATE 6 NARANJA DSF-6049;Milena Restrepo;26/01/2026;1;2000;0;2000;800;Efectivo
VEN02456;CLI024;11699;ADAPTADOR HEMBRA DE 3/4 PVC LEO;Diana Tobón;9/12/2025;1;2000;0;2000;800;Tarjeta
VEN02457;CLI030;10015;ABRAZADERA TITAN 31/2A45/16 40-56;Diana Tobón;16/01/2025;1;2000;0;2000;800;Tarjeta
VEN02458;CLI104;10006;ABRAZADERA TITAN 3/4A1 40-12;Carlos Mario Hoyos;1/02/2026;1;2000;100;1900;700;Transferencia
VEN02459;CLI203;10053;ALAMBRE CENTELSA N 14 AMARILLO;Diana Tobón;22/08/2025;5;2000;0;10000;4000;Transferencia
VEN02460;CLI134;10008;ABRAZADERA TITAN 1A19/16 40-20;Milena Restrepo;11/04/2026;5;2000;0;10000;4000;Efectivo
VEN02461;CLI223;11699;ADAPTADOR HEMBRA DE 3/4 PVC LEO;Diana Tobón;4/09/2025;1;2000;0;2000;800;Transferencia
VEN02462;CLI168;12187;ACOPLE RAPIDO PISTOLA PINTAR;Milena Restrepo;19/10/2025;5;2000;500;9500;3500;Transferencia
VEN02463;CLI185;12240;ACOPLE PASTA SAMURAY ECONOMICO;Carlos Mario Hoyos;6/07/2025;10;2000;0;20000;8000;Efectivo
VEN02464;CLI008;10028;AEROGRAFO LAPICERO X 4 HOPEX PROFESI;Andrés Cardona;18/11/2025;10;2000;0;20000;8000;Transferencia
VEN02465;CLI142;10024;ACOPLE SANITARIO GRIPLAS;Carlos Mario Hoyos;3/09/2025;10;2000;0;20000;8000;Transferencia
VEN02466;CLI161;11702;"ADAPTADOR MACHO DE 1"" LEO";Carlos Mario Hoyos;28/01/2025;10;2000;0;20000;8000;Efectivo
VEN02467;CLI049;10986;AGUA STOP ARGOLLA GERFOR 581140;Milena Restrepo;8/10/2025;1;2000;0;2000;800;Tarjeta
VEN02468;CLI089;10020;ACOPLE LAVAMANOS CARDENAS LARGO;Carlos Mario Hoyos;15/04/2025;5;2000;0;10000;4000;Tarjeta
VEN02469;CLI088;10030;AEROGRAFO X 150 ML ABANICO HOPEX F2;Andrés Cardona;11/03/2026;5;2000;0;10000;4000;Transferencia
VEN02470;CLI230;10049;ALAMBRE CENTELSA N 12 BLANCO;Carlos Mario Hoyos;6/08/2025;5;2000;1000;9000;3000;Efectivo
VEN02471;CLI239;10040;ALAMBRE CENTELSA N  8 VERDE;Carlos Mario Hoyos;18/12/2025;5;2000;0;10000;4000;Transferencia
VEN02472;CLI216;10735;ADAPTADOR DE ESPIGO A ROSCA DE 1/2;Milena Restrepo;22/12/2025;2;2000;200;3800;1400;Tarjeta
VEN02473;CLI272;10084;AGUAMONIACO  FRASCO X 480;Carlos Mario Hoyos;4/08/2025;5;3800;0;19000;13000;Efectivo
VEN02474;CLI287;10042;ALAMBRE CENTELSA N 10 AZUL;Milena Restrepo;9/11/2025;3;2000;0;6000;2400;Tarjeta
VEN02475;CLI032;12177;AGUJAS PISTOLA PINTAR;Diana Tobón;19/12/2025;1;2000;200;1800;600;Transferencia
VEN02476;CLI238;10030;AEROGRAFO X 150 ML ABANICO HOPEX F2;Andrés Cardona;24/09/2025;1;2000;0;2000;800;Transferencia
VEN02477;CLI175;10012;ABRAZADERA TITAN  2A2-3/8 40-36;Carlos Mario Hoyos;23/04/2025;5;2000;0;10000;4000;Efectivo
VEN02478;CLI088;10057;ALAMBRE CENTELSA N 14 ROJO;Andrés Cardona;5/01/2026;10;2000;0;20000;8000;Efectivo
VEN02479;CLI212;12241;ACOPLE SAMURAY CAUCHO ECONOMICO;Andrés Cardona;8/02/2026;10;2000;0;20000;8000;Transferencia
VEN02480;CLI220;10040;ALAMBRE CENTELSA N  8 VERDE;Diana Tobón;5/10/2025;3;2000;0;6000;2400;Efectivo
VEN02481;CLI213;10002;ABRAZADERA TITAN 5/16-15/32 10-00;Diana Tobón;25/09/2025;5;2000;0;10000;4000;Transferencia
VEN02482;CLI063;10042;ALAMBRE CENTELSA N 10 AZUL;Milena Restrepo;1/10/2025;1;2000;0;2000;800;Efectivo
VEN02483;CLI188;12242;ACOPLE SAMURAY PREMIER AMARILLO;Diana Tobón;6/07/2025;2;2000;0;4000;1600;Transferencia
VEN02484;CLI287;10057;ALAMBRE CENTELSA N 14 ROJO;Diana Tobón;5/05/2026;2;2000;200;3800;1400;Transferencia
VEN02485;CLI172;10043;ALAMBRE CENTELSA N 10 BLANCO;Milena Restrepo;20/04/2025;10;2000;0;20000;8000;Tarjeta
VEN02486;CLI090;10007;ABRAZADERA TITAN 29/32A1-3/8 40-16;Carlos Mario Hoyos;22/04/2025;2;2000;0;4000;1600;Transferencia
VEN02487;CLI141;10062;ALICATE 8 NARANJA DSF-6050;Milena Restrepo;13/08/2025;3;2000;0;6000;2400;Tarjeta
VEN02488;CLI024;11941;AGUA STOP AHORRADOR PLASTIG;Carlos Mario Hoyos;24/08/2025;2;2000;0;4000;1600;Tarjeta
VEN02489;CLI158;11057;ACOPLE LAVAMANOS GRIVAL 40CMS;Andrés Cardona;8/04/2026;3;2000;0;6000;2400;Tarjeta
VEN02490;CLI207;10031;ALAMBRE PUA C 14 X 500MT;Milena Restrepo;15/09/2025;5;2000;500;9500;3500;Tarjeta
VEN02491;CLI285;12188;ACOPLE RAPIDO PISTOLA X 2 DORADO DSF-6035;Milena Restrepo;26/01/2026;2;2000;0;4000;1600;Efectivo
VEN02492;CLI251;10044;ALAMBRE CENTELSA N 10 NEGRO;Andrés Cardona;30/08/2025;10;2000;2000;18000;6000;Efectivo
VEN02493;CLI021;10029;AEROGRAFO X 125 ML CHORRO DSF-1505 K3;Andrés Cardona;12/02/2025;5;2000;500;9500;3500;Tarjeta
VEN02494;CLI252;10054;ALAMBRE CENTELSA N 14 AZUL;Milena Restrepo;22/08/2025;10;2000;0;20000;8000;Tarjeta
VEN02495;CLI102;10878;ADAPTADOR HEMBRA 1/2 X 16MM PE AL PE;Diana Tobón;30/11/2025;2;10800;0;21600;19200;Efectivo
VEN02496;CLI290;10032;ALAMBRE PUA  C14 X 350MT CORSAN;Carlos Mario Hoyos;18/12/2025;5;2000;0;10000;4000;Transferencia
VEN02497;CLI044;11072;ACOPLE SANITARIO GRIVAL LARGO 55;Andrés Cardona;11/07/2025;10;2000;0;20000;8000;Efectivo
VEN02498;CLI152;11685;ACOPLE CAUCHO SUELTO LICUADORA OSTER;Carlos Mario Hoyos;11/03/2025;3;2000;300;5700;2100;Efectivo
VEN02499;CLI184;10879;ADAPTADOR MACHO 1/2 X 16MM PE AL PE;Andrés Cardona;11/05/2026;5;2000;0;10000;4000;Tarjeta
VEN02500;CLI264;10012;ABRAZADERA TITAN  2A2-3/8 40-36;Andrés Cardona;16/09/2025;1;2000;0;2000;800;Tarjeta
VEN02501;CLI104;11942;AGUA STOP CAUCHO GRIPLAS;Andrés Cardona;13/01/2025;2;2000;200;3800;1400;Tarjeta
VEN02502;CLI181;12241;ACOPLE SAMURAY CAUCHO ECONOMICO;Andrés Cardona;18/01/2026;2;2000;0;4000;1600;Efectivo
VEN02503;CLI194;10050;ALAMBRE CENTELSA N 12 NEGRO;Diana Tobón;18/09/2025;3;2000;0;6000;2400;Transferencia
VEN02504;CLI117;10032;ALAMBRE PUA  C14 X 350MT CORSAN;Diana Tobón;17/04/2025;10;2000;0;20000;8000;Tarjeta
VEN02505;CLI191;11703;"ADAPTADOR MACHO DE 11/2"" PVC LEO";Andrés Cardona;4/04/2025;5;2000;500;9500;3500;Efectivo
VEN02506;CLI229;11699;ADAPTADOR HEMBRA DE 3/4 PVC LEO;Diana Tobón;28/05/2025;5;2000;0;10000;4000;Tarjeta
VEN02507;CLI045;10005;ABRAZADERA TITAN 1/2A3/4  40-06;Milena Restrepo;3/07/2025;10;2000;1000;19000;7000;Transferencia
VEN02508;CLI095;12596;ADAPTADOR DE 1/2 EMT;Milena Restrepo;30/01/2026;3;2000;0;6000;2400;Tarjeta
VEN02509;CLI157;11060;AGUA STOP PASTA GRIVAL;Diana Tobón;6/04/2025;5;2000;0;10000;4000;Transferencia
VEN02510;CLI031;11703;"ADAPTADOR MACHO DE 11/2"" PVC LEO";Diana Tobón;28/03/2026;10;2000;0;20000;8000;Transferencia
VEN02511;CLI250;12242;ACOPLE SAMURAY PREMIER AMARILLO;Diana Tobón;31/05/2025;2;2000;0;4000;1600;Tarjeta
VEN02512;CLI105;10012;ABRAZADERA TITAN  2A2-3/8 40-36;Milena Restrepo;8/09/2025;2;2000;0;4000;1600;Transferencia
VEN02513;CLI053;10050;ALAMBRE CENTELSA N 12 NEGRO;Milena Restrepo;18/02/2026;10;2000;0;20000;8000;Tarjeta
VEN02514;CLI080;10035;ALAMBRE CENTELSA N  8 AMARILLO;Andrés Cardona;11/04/2025;10;2000;0;20000;8000;Transferencia
VEN02515;CLI262;10038;ALAMBRE CENTELSA N  8 NEGRO;Andrés Cardona;2/02/2025;10;2000;0;20000;8000;Efectivo
VEN02516;CLI221;10033;ALAMBRE PUA C16 X 200MT CORSAN;Diana Tobón;5/05/2025;3;2000;0;6000;2400;Tarjeta
VEN02517;CLI228;10023;ACOPLE SANITARIO CORTO CARDENAS;Diana Tobón;15/05/2026;1;2000;0;2000;800;Efectivo
VEN02518;CLI285;10036;ALAMBRE CENTELSA N  8 AZUL;Diana Tobón;27/02/2025;2;2000;0;4000;1600;Transferencia
VEN02519;CLI047;11700;"ADAPTADOR MACHO DE 1/2"" PVC LEO";Milena Restrepo;14/01/2025;3;2000;0;6000;2400;Tarjeta
VEN02520;CLI260;10047;ALAMBRE CENTELSA N 12 AMARILLO;Carlos Mario Hoyos;16/11/2025;5;2000;1000;9000;3000;Transferencia
VEN02521;CLI154;10043;ALAMBRE CENTELSA N 10 BLANCO;Andrés Cardona;26/01/2025;2;2000;0;4000;1600;Transferencia
VEN02522;CLI208;10986;AGUA STOP ARGOLLA GERFOR 581140;Andrés Cardona;14/06/2025;10;2000;1000;19000;7000;Transferencia
VEN02523;CLI134;12242;ACOPLE SAMURAY PREMIER AMARILLO;Carlos Mario Hoyos;16/08/2025;10;2000;0;20000;8000;Efectivo
VEN02524;CLI214;11830;ALQUITRAN POR KILO;Diana Tobón;31/03/2025;5;2000;0;10000;4000;Tarjeta
VEN02525;CLI123;12595;ADAPTADOR DE 1 EMT;Andrés Cardona;8/04/2026;2;2000;0;4000;1600;Transferencia
VEN02526;CLI256;10057;ALAMBRE CENTELSA N 14 ROJO;Carlos Mario Hoyos;14/10/2025;5;2000;0;10000;4000;Tarjeta
VEN02527;CLI024;11700;"ADAPTADOR MACHO DE 1/2"" PVC LEO";Andrés Cardona;20/08/2025;3;2000;300;5700;2100;Efectivo
VEN02528;CLI037;11072;ACOPLE SANITARIO GRIVAL LARGO 55;Diana Tobón;2/03/2026;3;2000;0;6000;2400;Transferencia
VEN02529;CLI102;11704;"ADAPTADOR MACHO DE 2"" PVC LEO";Andrés Cardona;16/07/2025;10;2000;1000;19000;7000;Transferencia
VEN02530;CLI184;10879;ADAPTADOR MACHO 1/2 X 16MM PE AL PE;Carlos Mario Hoyos;3/12/2025;1;2000;0;2000;800;Efectivo
VEN02531;CLI044;11830;ALQUITRAN POR KILO;Milena Restrepo;16/03/2026;1;2000;0;2000;800;Transferencia
VEN02532;CLI107;10986;AGUA STOP ARGOLLA GERFOR 581140;Milena Restrepo;10/07/2025;1;2000;200;1800;600;Transferencia
VEN02533;CLI248;10052;ALAMBRE CENTELSA N 12 VERDE;Diana Tobón;5/07/2025;5;2000;0;10000;4000;Tarjeta
VEN02534;CLI101;10026;ACRONAL  DE GALON;Andrés Cardona;23/02/2026;1;2000;0;2000;800;Transferencia
VEN02535;CLI262;10052;ALAMBRE CENTELSA N 12 VERDE;Andrés Cardona;26/07/2025;1;2000;100;1900;700;Tarjeta
VEN02536;CLI247;10046;ALAMBRE CENTELSA N 10 VERDE;Milena Restrepo;18/07/2025;1;2000;200;1800;600;Transferencia
VEN02537;CLI195;10029;AEROGRAFO X 125 ML CHORRO DSF-1505 K3;Andrés Cardona;2/05/2025;1;2000;100;1900;700;Efectivo
VEN02538;CLI081;10004;ABRAZADERA TITAN 7/16A25/32 - 1/2 10-06;Diana Tobón;11/04/2026;1;2000;0;2000;800;Transferencia
VEN02539;CLI236;11703;"ADAPTADOR MACHO DE 11/2"" PVC LEO";Milena Restrepo;20/03/2026;3;2000;0;6000;2400;Tarjeta
VEN02540;CLI276;10040;ALAMBRE CENTELSA N  8 VERDE;Carlos Mario Hoyos;31/08/2025;2;2000;0;4000;1600;Transferencia
VEN02541;CLI021;11830;ALQUITRAN POR KILO;Andrés Cardona;23/12/2025;1;2000;0;2000;800;Transferencia
VEN02542;CLI163;10044;ALAMBRE CENTELSA N 10 NEGRO;Diana Tobón;10/06/2025;3;2000;0;6000;2400;Tarjeta
VEN02543;CLI026;10052;ALAMBRE CENTELSA N 12 VERDE;Andrés Cardona;7/03/2026;10;2000;0;20000;8000;Efectivo
VEN02544;CLI069;10039;ALAMBRE CENTELSA N  8 ROJO;Milena Restrepo;8/06/2025;3;2000;0;6000;2400;Efectivo
VEN02545;CLI091;10047;ALAMBRE CENTELSA N 12 AMARILLO;Carlos Mario Hoyos;4/07/2025;10;2000;0;20000;8000;Tarjeta
VEN02546;CLI220;10046;ALAMBRE CENTELSA N 10 VERDE;Diana Tobón;4/01/2026;2;2000;0;4000;1600;Transferencia
VEN02547;CLI254;10055;ALAMBRE CENTELSA N 14 BLANCO;Milena Restrepo;8/10/2025;3;2000;0;6000;2400;Transferencia
VEN02548;CLI050;10020;ACOPLE LAVAMANOS CARDENAS LARGO;Milena Restrepo;27/04/2026;5;2000;0;10000;4000;Tarjeta
VEN02549;CLI127;11943;AGUA STOP PLASTGRIFOS;Milena Restrepo;5/02/2025;10;2000;1000;19000;7000;Efectivo
VEN02550;CLI262;10025;ACRONAL  DE 1/4;Milena Restrepo;25/09/2025;1;2000;0;2000;800;Transferencia
VEN02551;CLI028;12241;ACOPLE SAMURAY CAUCHO ECONOMICO;Milena Restrepo;20/11/2025;10;2000;2000;18000;6000;Tarjeta
VEN02552;CLI121;10030;AEROGRAFO X 150 ML ABANICO HOPEX F2;Andrés Cardona;14/02/2026;2;2000;0;4000;1600;Transferencia
VEN02553;CLI030;10009;ABRAZADERA TITAN 11/8A17/8  40-24;Carlos Mario Hoyos;1/05/2026;10;2000;0;20000;8000;Tarjeta
VEN02554;CLI147;10060;ALICATE  BICOLOR N 8;Andrés Cardona;30/09/2025;2;2000;0;4000;1600;Efectivo
VEN02555;CLI019;10986;AGUA STOP ARGOLLA GERFOR 581140;Milena Restrepo;4/02/2026;2;2000;0;4000;1600;Tarjeta
VEN02556;CLI246;10063;ALICATE FOCCI 8,5 DSF-1684;Milena Restrepo;4/12/2025;3;2000;0;6000;2400;Tarjeta
VEN02557;CLI134;12241;ACOPLE SAMURAY CAUCHO ECONOMICO;Carlos Mario Hoyos;17/09/2025;2;2000;0;4000;1600;Transferencia
VEN02558;CLI226;12177;AGUJAS PISTOLA PINTAR;Andrés Cardona;25/05/2025;3;2000;0;6000;2400;Transferencia
VEN02559;CLI128;10041;ALAMBRE CENTELSA N 10 AMARILLO;Carlos Mario Hoyos;16/04/2025;5;2000;0;10000;4000;Transferencia
VEN02560;CLI206;10010;ABRAZADERA TITAN 11/4A2 40-28;Andrés Cardona;3/11/2025;2;2000;400;3600;1200;Transferencia
VEN02561;CLI128;10009;ABRAZADERA TITAN 11/8A17/8  40-24;Milena Restrepo;26/03/2026;3;2000;0;6000;2400;Tarjeta
VEN02562;CLI294;10004;ABRAZADERA TITAN 7/16A25/32 - 1/2 10-06;Carlos Mario Hoyos;1/05/2026;10;2000;0;20000;8000;Tarjeta
VEN02563;CLI114;10048;ALAMBRE CENTELSA N 12 AZUL;Milena Restrepo;10/02/2026;10;2000;0;20000;8000;Tarjeta
VEN02564;CLI203;10060;ALICATE  BICOLOR N 8;Andrés Cardona;5/01/2026;5;2000;0;10000;4000;Transferencia
VEN02565;CLI225;10055;ALAMBRE CENTELSA N 14 BLANCO;Diana Tobón;8/05/2025;10;2000;0;20000;8000;Transferencia
VEN02566;CLI040;10048;ALAMBRE CENTELSA N 12 AZUL;Milena Restrepo;2/05/2025;1;2000;200;1800;600;Tarjeta
VEN02567;CLI030;10018;ACIDO CORRIENTE X 480;Carlos Mario Hoyos;11/01/2026;5;2000;0;10000;4000;Efectivo
VEN02568;CLI185;10064;ALICATE STANLEY N 8 84-023;Diana Tobón;14/09/2025;10;2000;0;20000;8000;Efectivo
VEN02569;CLI018;10878;ADAPTADOR HEMBRA 1/2 X 16MM PE AL PE;Milena Restrepo;17/11/2025;5;10800;0;54000;48000;Tarjeta
VEN02570;CLI006;10029;AEROGRAFO X 125 ML CHORRO DSF-1505 K3;Milena Restrepo;12/01/2025;1;2000;0;2000;800;Transferencia
VEN02571;CLI090;10037;ALAMBRE CENTELSA N  8 BLANCO;Diana Tobón;27/03/2025;10;2000;0;20000;8000;Transferencia
VEN02572;CLI252;10032;ALAMBRE PUA  C14 X 350MT CORSAN;Andrés Cardona;14/04/2025;10;2000;0;20000;8000;Efectivo
VEN02573;CLI009;10015;ABRAZADERA TITAN 31/2A45/16 40-56;Andrés Cardona;1/10/2025;2;2000;0;4000;1600;Efectivo
VEN02574;CLI076;12188;ACOPLE RAPIDO PISTOLA X 2 DORADO DSF-6035;Diana Tobón;23/04/2025;3;2000;300;5700;2100;Transferencia
VEN02575;CLI172;11703;"ADAPTADOR MACHO DE 11/2"" PVC LEO";Milena Restrepo;13/02/2026;1;2000;0;2000;800;Efectivo
VEN02576;CLI280;10052;ALAMBRE CENTELSA N 12 VERDE;Andrés Cardona;18/07/2025;2;2000;0;4000;1600;Transferencia
VEN02577;CLI216;10033;ALAMBRE PUA C16 X 200MT CORSAN;Carlos Mario Hoyos;16/02/2025;1;2000;0;2000;800;Efectivo
VEN02578;CLI043;10050;ALAMBRE CENTELSA N 12 NEGRO;Andrés Cardona;16/07/2025;2;2000;0;4000;1600;Tarjeta
VEN02579;CLI088;10056;ALAMBRE CENTELSA N 14 NEGRO;Milena Restrepo;13/02/2026;1;2000;0;2000;800;Efectivo
VEN02580;CLI206;11072;ACOPLE SANITARIO GRIVAL LARGO 55;Diana Tobón;12/04/2025;10;2000;0;20000;8000;Tarjeta
VEN02581;CLI115;10007;ABRAZADERA TITAN 29/32A1-3/8 40-16;Carlos Mario Hoyos;2/02/2026;1;2000;0;2000;800;Tarjeta
VEN02582;CLI266;10014;ABRAZADERA TITAN 2-3/8A3-1/8  40-44;Milena Restrepo;16/03/2026;3;2000;0;6000;2400;Transferencia
VEN02583;CLI033;11943;AGUA STOP PLASTGRIFOS;Carlos Mario Hoyos;5/04/2025;1;2000;0;2000;800;Tarjeta
VEN02584;CLI107;10005;ABRAZADERA TITAN 1/2A3/4  40-06;Andrés Cardona;25/10/2025;3;2000;0;6000;2400;Transferencia
VEN02585;CLI034;10005;ABRAZADERA TITAN 1/2A3/4  40-06;Diana Tobón;24/01/2026;3;2000;0;6000;2400;Tarjeta
VEN02586;CLI252;10004;ABRAZADERA TITAN 7/16A25/32 - 1/2 10-06;Milena Restrepo;8/12/2025;5;2000;0;10000;4000;Transferencia
VEN02587;CLI263;11699;ADAPTADOR HEMBRA DE 3/4 PVC LEO;Carlos Mario Hoyos;13/04/2025;1;2000;0;2000;800;Transferencia
VEN02588;CLI062;10048;ALAMBRE CENTELSA N 12 AZUL;Milena Restrepo;20/10/2025;3;2000;0;6000;2400;Tarjeta
VEN02589;CLI264;10042;ALAMBRE CENTELSA N 10 AZUL;Milena Restrepo;23/08/2025;5;2000;500;9500;3500;Efectivo
VEN02590;CLI223;10042;ALAMBRE CENTELSA N 10 AZUL;Carlos Mario Hoyos;20/03/2025;1;2000;0;2000;800;Tarjeta
VEN02591;CLI160;10061;ALICATE 6 NARANJA DSF-6049;Andrés Cardona;12/12/2025;1;2000;0;2000;800;Transferencia
VEN02592;CLI268;11057;ACOPLE LAVAMANOS GRIVAL 40CMS;Andrés Cardona;26/08/2025;10;2000;1000;19000;7000;Transferencia
VEN02593;CLI035;10016;ACEITE USA1 X 30 CC;Milena Restrepo;12/04/2026;10;2000;0;20000;8000;Transferencia
VEN02594;CLI022;11058;ACOPLE SANITARIO GRIVAL 40 CMS;Diana Tobón;31/10/2025;1;2000;100;1900;700;Tarjeta
VEN02595;CLI061;10032;ALAMBRE PUA  C14 X 350MT CORSAN;Carlos Mario Hoyos;8/05/2026;2;2000;0;4000;1600;Transferencia
VEN02596;CLI223;10061;ALICATE 6 NARANJA DSF-6049;Carlos Mario Hoyos;15/04/2025;2;2000;0;4000;1600;Efectivo
VEN02597;CLI162;10084;AGUAMONIACO  FRASCO X 480;Milena Restrepo;20/06/2025;3;3800;0;11400;7800;Transferencia
VEN02598;CLI168;10060;ALICATE  BICOLOR N 8;Milena Restrepo;26/10/2025;1;2000;0;2000;800;Efectivo
VEN02599;CLI038;12177;AGUJAS PISTOLA PINTAR;Andrés Cardona;3/04/2025;1;2000;100;1900;700;Efectivo
VEN02600;CLI129;10032;ALAMBRE PUA  C14 X 350MT CORSAN;Diana Tobón;17/03/2025;3;2000;0;6000;2400;Transferencia
VEN02601;CLI227;10005;ABRAZADERA TITAN 1/2A3/4  40-06;Carlos Mario Hoyos;13/08/2025;2;2000;0;4000;1600;Transferencia
VEN02602;CLI017;10055;ALAMBRE CENTELSA N 14 BLANCO;Diana Tobón;20/02/2026;5;2000;0;10000;4000;Transferencia
VEN02603;CLI047;11058;ACOPLE SANITARIO GRIVAL 40 CMS;Carlos Mario Hoyos;21/12/2025;3;2000;0;6000;2400;Tarjeta
VEN02604;CLI078;10009;ABRAZADERA TITAN 11/8A17/8  40-24;Andrés Cardona;6/04/2026;5;2000;0;10000;4000;Efectivo
VEN02605;CLI082;10020;ACOPLE LAVAMANOS CARDENAS LARGO;Andrés Cardona;26/02/2026;5;2000;0;10000;4000;Transferencia
VEN02606;CLI196;10084;AGUAMONIACO  FRASCO X 480;Andrés Cardona;11/04/2025;2;3800;0;7600;5200;Tarjeta
VEN02607;CLI130;10064;ALICATE STANLEY N 8 84-023;Diana Tobón;25/09/2025;2;2000;0;4000;1600;Efectivo
VEN02608;CLI196;10047;ALAMBRE CENTELSA N 12 AMARILLO;Milena Restrepo;12/03/2026;2;2000;0;4000;1600;Efectivo
VEN02609;CLI277;10032;ALAMBRE PUA  C14 X 350MT CORSAN;Carlos Mario Hoyos;23/10/2025;1;2000;0;2000;800;Transferencia
VEN02610;CLI124;11702;"ADAPTADOR MACHO DE 1"" LEO";Diana Tobón;23/04/2025;2;2000;200;3800;1400;Tarjeta
VEN02611;CLI143;10027;AEROGRAFO F75 400 ML DSF-1499;Milena Restrepo;17/11/2025;2;2000;0;4000;1600;Tarjeta
VEN02612;CLI173;11072;ACOPLE SANITARIO GRIVAL LARGO 55;Diana Tobón;5/05/2026;10;2000;0;20000;8000;Tarjeta
VEN02613;CLI123;10003;ABRAZADERA TITAN 5/16A5/8 - 3/8  10-04;Andrés Cardona;21/02/2025;2;2000;200;3800;1400;Efectivo
VEN02614;CLI139;10039;ALAMBRE CENTELSA N  8 ROJO;Diana Tobón;11/10/2025;2;2000;0;4000;1600;Efectivo
VEN02615;CLI122;10003;ABRAZADERA TITAN 5/16A5/8 - 3/8  10-04;Milena Restrepo;2/04/2025;1;2000;100;1900;700;Transferencia
VEN02616;CLI161;11699;ADAPTADOR HEMBRA DE 3/4 PVC LEO;Milena Restrepo;1/01/2025;5;2000;0;10000;4000;Efectivo
VEN02617;CLI178;10033;ALAMBRE PUA C16 X 200MT CORSAN;Carlos Mario Hoyos;1/03/2025;2;2000;0;4000;1600;Tarjeta
VEN02618;CLI208;10017;ACEITE USA1 X 70 CC;Milena Restrepo;26/04/2026;2;2000;0;4000;1600;Tarjeta
VEN02619;CLI017;10042;ALAMBRE CENTELSA N 10 AZUL;Diana Tobón;13/03/2026;5;2000;1000;9000;3000;Efectivo
VEN02620;CLI024;10054;ALAMBRE CENTELSA N 14 AZUL;Milena Restrepo;15/08/2025;2;2000;0;4000;1600;Transferencia
VEN02621;CLI021;10003;ABRAZADERA TITAN 5/16A5/8 - 3/8  10-04;Diana Tobón;2/05/2026;2;2000;0;4000;1600;Efectivo
VEN02622;CLI176;10011;ABRAZADERA TITAN 13/4A21/2  40-32;Carlos Mario Hoyos;26/09/2025;3;2000;0;6000;2400;Transferencia
VEN02623;CLI119;10009;ABRAZADERA TITAN 11/8A17/8  40-24;Carlos Mario Hoyos;25/09/2025;5;2000;500;9500;3500;Efectivo
VEN02624;CLI024;11060;AGUA STOP PASTA GRIVAL;Andrés Cardona;4/02/2025;3;2000;300;5700;2100;Transferencia
VEN02625;CLI275;10057;ALAMBRE CENTELSA N 14 ROJO;Milena Restrepo;7/04/2026;10;2000;0;20000;8000;Transferencia
VEN02626;CLI081;10010;ABRAZADERA TITAN 11/4A2 40-28;Milena Restrepo;14/04/2025;5;2000;0;10000;4000;Efectivo
VEN02627;CLI003;10053;ALAMBRE CENTELSA N 14 AMARILLO;Andrés Cardona;20/03/2026;2;2000;0;4000;1600;Tarjeta
VEN02628;CLI088;10023;ACOPLE SANITARIO CORTO CARDENAS;Milena Restrepo;17/12/2025;1;2000;0;2000;800;Tarjeta
VEN02629;CLI103;10084;AGUAMONIACO  FRASCO X 480;Andrés Cardona;16/12/2025;10;3800;0;38000;26000;Efectivo
VEN02630;CLI272;10049;ALAMBRE CENTELSA N 12 BLANCO;Diana Tobón;9/07/2025;3;2000;0;6000;2400;Tarjeta
VEN02631;CLI132;12596;ADAPTADOR DE 1/2 EMT;Carlos Mario Hoyos;5/05/2025;1;2000;0;2000;800;Efectivo
VEN02632;CLI054;10021;ACOPLE LAVAMANOS GRIPLAS;Andrés Cardona;5/05/2026;1;2000;0;2000;800;Tarjeta
VEN02633;CLI166;11700;"ADAPTADOR MACHO DE 1/2"" PVC LEO";Diana Tobón;11/03/2025;1;2000;0;2000;800;Tarjeta
VEN02634;CLI103;10010;ABRAZADERA TITAN 11/4A2 40-28;Milena Restrepo;24/06/2025;10;2000;1000;19000;7000;Efectivo
VEN02635;CLI041;11058;ACOPLE SANITARIO GRIVAL 40 CMS;Diana Tobón;26/04/2025;10;2000;0;20000;8000;Transferencia
VEN02636;CLI097;10879;ADAPTADOR MACHO 1/2 X 16MM PE AL PE;Carlos Mario Hoyos;15/08/2025;1;2000;100;1900;700;Efectivo
VEN02637;CLI179;10064;ALICATE STANLEY N 8 84-023;Diana Tobón;24/10/2025;1;2000;0;2000;800;Efectivo
VEN02638;CLI152;10004;ABRAZADERA TITAN 7/16A25/32 - 1/2 10-06;Milena Restrepo;12/02/2025;10;2000;0;20000;8000;Tarjeta
VEN02639;CLI134;10878;ADAPTADOR HEMBRA 1/2 X 16MM PE AL PE;Carlos Mario Hoyos;9/10/2025;2;10800;1080;20520;18120;Transferencia
VEN02640;CLI018;10042;ALAMBRE CENTELSA N 10 AZUL;Milena Restrepo;21/01/2026;3;2000;0;6000;2400;Efectivo
VEN02641;CLI231;10031;ALAMBRE PUA C 14 X 500MT;Diana Tobón;17/12/2025;2;2000;0;4000;1600;Transferencia
VEN02642;CLI005;11072;ACOPLE SANITARIO GRIVAL LARGO 55;Carlos Mario Hoyos;22/04/2025;2;2000;0;4000;1600;Efectivo
VEN02643;CLI071;10062;ALICATE 8 NARANJA DSF-6050;Andrés Cardona;22/02/2025;5;2000;1000;9000;3000;Efectivo
VEN02644;CLI178;10055;ALAMBRE CENTELSA N 14 BLANCO;Milena Restrepo;26/10/2025;1;2000;0;2000;800;Tarjeta
VEN02645;CLI035;10026;ACRONAL  DE GALON;Carlos Mario Hoyos;13/01/2026;5;2000;500;9500;3500;Efectivo
VEN02646;CLI021;11060;AGUA STOP PASTA GRIVAL;Andrés Cardona;27/01/2025;3;2000;300;5700;2100;Efectivo
VEN02647;CLI003;10034;ALAMBRE PUA C16 X 400MT CORSAN;Milena Restrepo;21/08/2025;3;2000;0;6000;2400;Tarjeta
VEN02648;CLI202;10022;ACOPLE SANITARIO CARDENAS LARGO;Milena Restrepo;13/02/2026;10;2000;0;20000;8000;Transferencia
VEN02649;CLI084;10008;ABRAZADERA TITAN 1A19/16 40-20;Andrés Cardona;3/03/2026;5;2000;0;10000;4000;Efectivo
VEN02650;CLI231;10084;AGUAMONIACO  FRASCO X 480;Milena Restrepo;4/10/2025;1;3800;0;3800;2600;Tarjeta
VEN02651;CLI161;10021;ACOPLE LAVAMANOS GRIPLAS;Milena Restrepo;23/04/2026;2;2000;0;4000;1600;Transferencia
VEN02652;CLI241;10878;ADAPTADOR HEMBRA 1/2 X 16MM PE AL PE;Carlos Mario Hoyos;2/11/2025;1;10800;0;10800;9600;Tarjeta
VEN02653;CLI107;10022;ACOPLE SANITARIO CARDENAS LARGO;Carlos Mario Hoyos;27/05/2025;1;2000;0;2000;800;Tarjeta
VEN02654;CLI255;10014;ABRAZADERA TITAN 2-3/8A3-1/8  40-44;Carlos Mario Hoyos;3/05/2026;5;2000;0;10000;4000;Efectivo
VEN02655;CLI261;10031;ALAMBRE PUA C 14 X 500MT;Carlos Mario Hoyos;11/11/2025;5;2000;0;10000;4000;Transferencia
VEN02656;CLI209;10031;ALAMBRE PUA C 14 X 500MT;Andrés Cardona;7/05/2026;5;2000;0;10000;4000;Tarjeta
VEN02657;CLI074;10015;ABRAZADERA TITAN 31/2A45/16 40-56;Carlos Mario Hoyos;23/01/2026;3;2000;0;6000;2400;Tarjeta
VEN02658;CLI082;10064;ALICATE STANLEY N 8 84-023;Diana Tobón;14/07/2025;10;2000;0;20000;8000;Efectivo
VEN02659;CLI187;12241;ACOPLE SAMURAY CAUCHO ECONOMICO;Milena Restrepo;30/11/2025;5;2000;0;10000;4000;Transferencia
VEN02660;CLI229;10049;ALAMBRE CENTELSA N 12 BLANCO;Diana Tobón;25/06/2025;10;2000;0;20000;8000;Tarjeta
VEN02661;CLI229;10043;ALAMBRE CENTELSA N 10 BLANCO;Milena Restrepo;19/02/2026;5;2000;500;9500;3500;Efectivo
VEN02662;CLI152;11942;AGUA STOP CAUCHO GRIPLAS;Milena Restrepo;5/09/2025;3;2000;0;6000;2400;Tarjeta
VEN02663;CLI120;10051;ALAMBRE CENTELSA N 12 ROJO;Milena Restrepo;2/08/2025;2;2000;200;3800;1400;Tarjeta
VEN02664;CLI105;10048;ALAMBRE CENTELSA N 12 AZUL;Diana Tobón;27/01/2026;1;2000;0;2000;800;Tarjeta
VEN02665;CLI099;12177;AGUJAS PISTOLA PINTAR;Andrés Cardona;25/02/2025;3;2000;0;6000;2400;Efectivo
VEN02666;CLI279;10015;ABRAZADERA TITAN 31/2A45/16 40-56;Diana Tobón;14/06/2025;10;2000;0;20000;8000;Transferencia
VEN02667;CLI264;11704;"ADAPTADOR MACHO DE 2"" PVC LEO";Carlos Mario Hoyos;9/02/2025;1;2000;0;2000;800;Efectivo
VEN02668;CLI108;10021;ACOPLE LAVAMANOS GRIPLAS;Milena Restrepo;16/10/2025;10;2000;0;20000;8000;Efectivo
VEN02669;CLI049;12242;ACOPLE SAMURAY PREMIER AMARILLO;Carlos Mario Hoyos;15/03/2025;1;2000;0;2000;800;Tarjeta
VEN02670;CLI040;11071;ACOPLE LAVAMANOS GRIVAL LARGO 60;Milena Restrepo;20/03/2026;2;2000;0;4000;1600;Efectivo
VEN02671;CLI259;12187;ACOPLE RAPIDO PISTOLA PINTAR;Milena Restrepo;15/04/2026;1;2000;100;1900;700;Tarjeta
VEN02672;CLI172;10037;ALAMBRE CENTELSA N  8 BLANCO;Andrés Cardona;24/01/2025;3;2000;0;6000;2400;Efectivo
VEN02673;CLI064;10050;ALAMBRE CENTELSA N 12 NEGRO;Carlos Mario Hoyos;29/07/2025;1;2000;100;1900;700;Transferencia
VEN02674;CLI018;10012;ABRAZADERA TITAN  2A2-3/8 40-36;Carlos Mario Hoyos;24/02/2025;3;2000;300;5700;2100;Transferencia
VEN02675;CLI286;10003;ABRAZADERA TITAN 5/16A5/8 - 3/8  10-04;Milena Restrepo;26/07/2025;1;2000;0;2000;800;Transferencia
VEN02676;CLI183;10011;ABRAZADERA TITAN 13/4A21/2  40-32;Milena Restrepo;3/01/2026;3;2000;600;5400;1800;Transferencia
VEN02677;CLI204;10045;ALAMBRE CENTELSA N 10 ROJO;Diana Tobón;3/12/2025;2;2000;0;4000;1600;Tarjeta
VEN02678;CLI262;10001;ABRAZADERA 1/2 ECONOMICA;Andrés Cardona;16/03/2025;10;2000;0;20000;8000;Transferencia
VEN02679;CLI250;11060;AGUA STOP PASTA GRIVAL;Andrés Cardona;8/05/2025;10;2000;0;20000;8000;Efectivo
VEN02680;CLI167;10878;ADAPTADOR HEMBRA 1/2 X 16MM PE AL PE;Milena Restrepo;18/12/2025;2;10800;1080;20520;18120;Efectivo
VEN02681;CLI167;12242;ACOPLE SAMURAY PREMIER AMARILLO;Andrés Cardona;16/04/2025;2;2000;0;4000;1600;Efectivo
VEN02682;CLI204;10036;ALAMBRE CENTELSA N  8 AZUL;Andrés Cardona;19/11/2025;1;2000;0;2000;800;Transferencia
VEN02683;CLI059;12177;AGUJAS PISTOLA PINTAR;Carlos Mario Hoyos;3/10/2025;2;2000;200;3800;1400;Efectivo
VEN02684;CLI238;10010;ABRAZADERA TITAN 11/4A2 40-28;Andrés Cardona;9/05/2025;5;2000;0;10000;4000;Tarjeta
VEN02685;CLI187;11700;"ADAPTADOR MACHO DE 1/2"" PVC LEO";Carlos Mario Hoyos;25/09/2025;3;2000;0;6000;2400;Transferencia
VEN02686;CLI128;10047;ALAMBRE CENTELSA N 12 AMARILLO;Milena Restrepo;20/01/2026;2;2000;0;4000;1600;Transferencia
VEN02687;CLI168;10061;ALICATE 6 NARANJA DSF-6049;Diana Tobón;10/02/2026;3;2000;0;6000;2400;Tarjeta
VEN02688;CLI039;10050;ALAMBRE CENTELSA N 12 NEGRO;Milena Restrepo;26/04/2025;2;2000;0;4000;1600;Transferencia
VEN02689;CLI206;11941;AGUA STOP AHORRADOR PLASTIG;Diana Tobón;31/07/2025;10;2000;0;20000;8000;Efectivo
VEN02690;CLI101;10034;ALAMBRE PUA C16 X 400MT CORSAN;Milena Restrepo;3/05/2025;2;2000;0;4000;1600;Transferencia
VEN02691;CLI172;10058;ALAMBRE CENTELSA N 14 VERDE;Milena Restrepo;26/03/2025;5;2000;0;10000;4000;Tarjeta
VEN02692;CLI019;11685;ACOPLE CAUCHO SUELTO LICUADORA OSTER;Andrés Cardona;2/04/2026;10;2000;0;20000;8000;Efectivo
VEN02693;CLI140;10055;ALAMBRE CENTELSA N 14 BLANCO;Diana Tobón;9/01/2026;10;2000;1000;19000;7000;Tarjeta
VEN02694;CLI120;12596;ADAPTADOR DE 1/2 EMT;Diana Tobón;26/09/2025;2;2000;0;4000;1600;Tarjeta
VEN02695;CLI166;10017;ACEITE USA1 X 70 CC;Milena Restrepo;17/04/2025;10;2000;0;20000;8000;Transferencia
VEN02696;CLI156;10059;ALCOHOL INDUSTRIAL X 500;Andrés Cardona;31/03/2026;10;2000;1000;19000;7000;Transferencia
VEN02697;CLI137;10047;ALAMBRE CENTELSA N 12 AMARILLO;Andrés Cardona;8/07/2025;5;2000;0;10000;4000;Efectivo
VEN02698;CLI116;10057;ALAMBRE CENTELSA N 14 ROJO;Carlos Mario Hoyos;24/11/2025;3;2000;0;6000;2400;Transferencia
VEN02699;CLI190;10058;ALAMBRE CENTELSA N 14 VERDE;Diana Tobón;23/07/2025;3;2000;0;6000;2400;Transferencia
VEN02700;CLI197;10004;ABRAZADERA TITAN 7/16A25/32 - 1/2 10-06;Diana Tobón;20/03/2026;5;2000;0;10000;4000;Tarjeta
VEN02701;CLI091;12188;ACOPLE RAPIDO PISTOLA X 2 DORADO DSF-6035;Carlos Mario Hoyos;21/01/2025;3;2000;0;6000;2400;Transferencia
VEN02702;CLI058;10034;ALAMBRE PUA C16 X 400MT CORSAN;Milena Restrepo;30/01/2025;3;2000;0;6000;2400;Tarjeta
VEN02703;CLI160;10735;ADAPTADOR DE ESPIGO A ROSCA DE 1/2;Milena Restrepo;11/06/2025;10;2000;1000;19000;7000;Tarjeta
VEN02704;CLI024;10033;ALAMBRE PUA C16 X 200MT CORSAN;Carlos Mario Hoyos;2/02/2026;2;2000;0;4000;1600;Tarjeta
VEN02705;CLI203;11697;"ADAPTADOR HEMBRA DE 1"" PVC LEO";Diana Tobón;10/01/2025;2;2000;200;3800;1400;Tarjeta
VEN02706;CLI245;11697;"ADAPTADOR HEMBRA DE 1"" PVC LEO";Andrés Cardona;5/04/2025;5;2000;0;10000;4000;Transferencia
VEN02707;CLI199;10045;ALAMBRE CENTELSA N 10 ROJO;Carlos Mario Hoyos;17/04/2025;10;2000;0;20000;8000;Transferencia
VEN02708;CLI048;10002;ABRAZADERA TITAN 5/16-15/32 10-00;Milena Restrepo;3/05/2026;5;2000;0;10000;4000;Efectivo
VEN02709;CLI235;11941;AGUA STOP AHORRADOR PLASTIG;Milena Restrepo;23/06/2025;5;2000;0;10000;4000;Efectivo
VEN02710;CLI297;11702;"ADAPTADOR MACHO DE 1"" LEO";Milena Restrepo;6/12/2025;5;2000;0;10000;4000;Transferencia
VEN02711;CLI142;11071;ACOPLE LAVAMANOS GRIVAL LARGO 60;Diana Tobón;23/11/2025;10;2000;0;20000;8000;Tarjeta
VEN02712;CLI114;10010;ABRAZADERA TITAN 11/4A2 40-28;Carlos Mario Hoyos;11/08/2025;5;2000;0;10000;4000;Efectivo
VEN02713;CLI168;10044;ALAMBRE CENTELSA N 10 NEGRO;Carlos Mario Hoyos;27/03/2025;5;2000;0;10000;4000;Efectivo
VEN02714;CLI019;10084;AGUAMONIACO  FRASCO X 480;Andrés Cardona;14/10/2025;1;3800;0;3800;2600;Efectivo
VEN02715;CLI043;10007;ABRAZADERA TITAN 29/32A1-3/8 40-16;Diana Tobón;8/03/2025;10;2000;0;20000;8000;Efectivo
VEN02716;CLI053;10001;ABRAZADERA 1/2 ECONOMICA;Carlos Mario Hoyos;12/11/2025;5;2000;0;10000;4000;Efectivo
VEN02717;CLI173;12178;ACOPLE RAPIDO PISTOLA PINTAR JUEGO X 5;Diana Tobón;25/03/2026;10;2000;0;20000;8000;Efectivo
VEN02718;CLI117;11830;ALQUITRAN POR KILO;Carlos Mario Hoyos;24/04/2026;5;2000;0;10000;4000;Transferencia
VEN02719;CLI050;10046;ALAMBRE CENTELSA N 10 VERDE;Diana Tobón;12/09/2025;1;2000;0;2000;800;Tarjeta
VEN02720;CLI002;11057;ACOPLE LAVAMANOS GRIVAL 40CMS;Carlos Mario Hoyos;17/02/2026;5;2000;0;10000;4000;Tarjeta
VEN02721;CLI006;10051;ALAMBRE CENTELSA N 12 ROJO;Milena Restrepo;27/07/2025;5;2000;0;10000;4000;Tarjeta
VEN02722;CLI136;10055;ALAMBRE CENTELSA N 14 BLANCO;Andrés Cardona;17/06/2025;1;2000;100;1900;700;Efectivo
VEN02723;CLI285;10028;AEROGRAFO LAPICERO X 4 HOPEX PROFESI;Andrés Cardona;19/04/2026;1;2000;100;1900;700;Tarjeta
VEN02724;CLI130;10022;ACOPLE SANITARIO CARDENAS LARGO;Andrés Cardona;29/07/2025;10;2000;0;20000;8000;Transferencia
VEN02725;CLI021;11700;"ADAPTADOR MACHO DE 1/2"" PVC LEO";Milena Restrepo;17/04/2025;3;2000;300;5700;2100;Efectivo
VEN02726;CLI063;10879;ADAPTADOR MACHO 1/2 X 16MM PE AL PE;Carlos Mario Hoyos;19/01/2025;5;2000;0;10000;4000;Transferencia
VEN02727;CLI253;10057;ALAMBRE CENTELSA N 14 ROJO;Carlos Mario Hoyos;24/12/2025;5;2000;0;10000;4000;Tarjeta
VEN02728;CLI148;10032;ALAMBRE PUA  C14 X 350MT CORSAN;Milena Restrepo;14/02/2026;2;2000;0;4000;1600;Transferencia
VEN02729;CLI252;10050;ALAMBRE CENTELSA N 12 NEGRO;Carlos Mario Hoyos;5/01/2026;1;2000;0;2000;800;Transferencia
VEN02730;CLI110;12597;ADAPTADOR DE 3/4 EMT;Andrés Cardona;13/06/2025;10;2000;0;20000;8000;Transferencia
VEN02731;CLI275;10021;ACOPLE LAVAMANOS GRIPLAS;Andrés Cardona;17/02/2026;3;2000;0;6000;2400;Tarjeta
VEN02732;CLI183;10049;ALAMBRE CENTELSA N 12 BLANCO;Andrés Cardona;3/04/2026;2;2000;0;4000;1600;Transferencia
VEN02733;CLI181;10021;ACOPLE LAVAMANOS GRIPLAS;Diana Tobón;14/03/2025;10;2000;0;20000;8000;Tarjeta
VEN02734;CLI285;10028;AEROGRAFO LAPICERO X 4 HOPEX PROFESI;Andrés Cardona;23/01/2026;10;2000;0;20000;8000;Tarjeta
VEN02735;CLI119;10028;AEROGRAFO LAPICERO X 4 HOPEX PROFESI;Carlos Mario Hoyos;3/09/2025;3;2000;0;6000;2400;Tarjeta
VEN02736;CLI200;10051;ALAMBRE CENTELSA N 12 ROJO;Milena Restrepo;3/11/2025;5;2000;0;10000;4000;Tarjeta
VEN02737;CLI020;10987;AGUA STOP PINES SAPITO GERFOR 580051;Andrés Cardona;13/02/2025;5;2000;0;10000;4000;Transferencia
VEN02738;CLI224;12242;ACOPLE SAMURAY PREMIER AMARILLO;Andrés Cardona;23/08/2025;3;2000;0;6000;2400;Transferencia
VEN02739;CLI007;10009;ABRAZADERA TITAN 11/8A17/8  40-24;Milena Restrepo;30/03/2026;1;2000;0;2000;800;Transferencia
VEN02740;CLI134;10012;ABRAZADERA TITAN  2A2-3/8 40-36;Andrés Cardona;11/07/2025;2;2000;0;4000;1600;Tarjeta
VEN02741;CLI243;11830;ALQUITRAN POR KILO;Andrés Cardona;24/03/2025;3;2000;0;6000;2400;Efectivo
VEN02742;CLI067;10034;ALAMBRE PUA C16 X 400MT CORSAN;Andrés Cardona;27/07/2025;1;2000;100;1900;700;Tarjeta
VEN02743;CLI210;10039;ALAMBRE CENTELSA N  8 ROJO;Andrés Cardona;26/01/2025;3;2000;0;6000;2400;Efectivo
VEN02744;CLI074;11058;ACOPLE SANITARIO GRIVAL 40 CMS;Diana Tobón;20/11/2025;3;2000;300;5700;2100;Transferencia
VEN02745;CLI243;10022;ACOPLE SANITARIO CARDENAS LARGO;Andrés Cardona;21/10/2025;1;2000;0;2000;800;Transferencia
VEN02746;CLI276;10012;ABRAZADERA TITAN  2A2-3/8 40-36;Carlos Mario Hoyos;8/03/2025;1;2000;0;2000;800;Efectivo
VEN02747;CLI262;11696;ADAPTADOR PVC ALARGE 1/2 X 3/8;Andrés Cardona;8/12/2025;1;2000;0;2000;800;Transferencia
VEN02748;CLI256;10030;AEROGRAFO X 150 ML ABANICO HOPEX F2;Carlos Mario Hoyos;8/02/2026;2;2000;0;4000;1600;Tarjeta
VEN02749;CLI199;10032;ALAMBRE PUA  C14 X 350MT CORSAN;Carlos Mario Hoyos;5/04/2026;1;2000;200;1800;600;Efectivo
VEN02750;CLI018;10061;ALICATE 6 NARANJA DSF-6049;Milena Restrepo;2/06/2025;2;2000;0;4000;1600;Efectivo
VEN02751;CLI062;10013;ABRAZADERA TITAN 23/8A31/8  40-40;Andrés Cardona;18/02/2025;10;2000;0;20000;8000;Tarjeta
VEN02752;CLI180;10879;ADAPTADOR MACHO 1/2 X 16MM PE AL PE;Diana Tobón;24/11/2025;2;2000;0;4000;1600;Transferencia
VEN02753;CLI268;10062;ALICATE 8 NARANJA DSF-6050;Andrés Cardona;29/05/2025;5;2000;0;10000;4000;Transferencia
VEN02754;CLI088;11700;"ADAPTADOR MACHO DE 1/2"" PVC LEO";Diana Tobón;15/05/2026;3;2000;0;6000;2400;Tarjeta
VEN02755;CLI229;10055;ALAMBRE CENTELSA N 14 BLANCO;Diana Tobón;31/01/2025;5;2000;0;10000;4000;Tarjeta
VEN02756;CLI270;10054;ALAMBRE CENTELSA N 14 AZUL;Milena Restrepo;11/03/2025;2;2000;400;3600;1200;Tarjeta
VEN02757;CLI300;10017;ACEITE USA1 X 70 CC;Carlos Mario Hoyos;1/05/2025;10;2000;0;20000;8000;Transferencia
VEN02758;CLI247;11941;AGUA STOP AHORRADOR PLASTIG;Carlos Mario Hoyos;22/07/2025;1;2000;0;2000;800;Efectivo
VEN02759;CLI293;10878;ADAPTADOR HEMBRA 1/2 X 16MM PE AL PE;Diana Tobón;4/05/2026;5;10800;2700;51300;45300;Transferencia
VEN02760;CLI131;12597;ADAPTADOR DE 3/4 EMT;Carlos Mario Hoyos;5/05/2026;2;2000;0;4000;1600;Tarjeta
VEN02761;CLI235;10056;ALAMBRE CENTELSA N 14 NEGRO;Andrés Cardona;20/08/2025;5;2000;500;9500;3500;Efectivo
VEN02762;CLI121;10986;AGUA STOP ARGOLLA GERFOR 581140;Carlos Mario Hoyos;10/11/2025;3;2000;0;6000;2400;Tarjeta
VEN02763;CLI172;10038;ALAMBRE CENTELSA N  8 NEGRO;Carlos Mario Hoyos;13/04/2025;5;2000;0;10000;4000;Transferencia
VEN02764;CLI056;12597;ADAPTADOR DE 3/4 EMT;Diana Tobón;26/01/2026;2;2000;0;4000;1600;Transferencia
VEN02765;CLI021;11071;ACOPLE LAVAMANOS GRIVAL LARGO 60;Andrés Cardona;18/05/2025;1;2000;0;2000;800;Efectivo
VEN02766;CLI190;10008;ABRAZADERA TITAN 1A19/16 40-20;Milena Restrepo;12/12/2025;1;2000;0;2000;800;Transferencia
VEN02767;CLI129;11071;ACOPLE LAVAMANOS GRIVAL LARGO 60;Andrés Cardona;23/06/2025;1;2000;0;2000;800;Efectivo
VEN02768;CLI168;10058;ALAMBRE CENTELSA N 14 VERDE;Andrés Cardona;14/09/2025;5;2000;1000;9000;3000;Efectivo
VEN02769;CLI297;10987;AGUA STOP PINES SAPITO GERFOR 580051;Diana Tobón;12/03/2025;2;2000;0;4000;1600;Efectivo
VEN02770;CLI264;12242;ACOPLE SAMURAY PREMIER AMARILLO;Carlos Mario Hoyos;23/07/2025;1;2000;0;2000;800;Tarjeta
VEN02771;CLI231;10049;ALAMBRE CENTELSA N 12 BLANCO;Milena Restrepo;6/05/2026;1;2000;0;2000;800;Transferencia
VEN02772;CLI133;10049;ALAMBRE CENTELSA N 12 BLANCO;Diana Tobón;3/02/2025;5;2000;500;9500;3500;Transferencia
VEN02773;CLI208;10035;ALAMBRE CENTELSA N  8 AMARILLO;Andrés Cardona;23/02/2026;5;2000;0;10000;4000;Efectivo
VEN02774;CLI104;10044;ALAMBRE CENTELSA N 10 NEGRO;Andrés Cardona;21/11/2025;3;2000;0;6000;2400;Transferencia
VEN02775;CLI190;10037;ALAMBRE CENTELSA N  8 BLANCO;Milena Restrepo;2/09/2025;2;2000;0;4000;1600;Efectivo
VEN02776;CLI159;11058;ACOPLE SANITARIO GRIVAL 40 CMS;Milena Restrepo;9/05/2025;2;2000;0;4000;1600;Transferencia
VEN02777;CLI265;12596;ADAPTADOR DE 1/2 EMT;Diana Tobón;21/08/2025;10;2000;0;20000;8000;Efectivo
VEN02778;CLI019;10017;ACEITE USA1 X 70 CC;Carlos Mario Hoyos;30/07/2025;10;2000;0;20000;8000;Tarjeta
VEN02779;CLI006;11704;"ADAPTADOR MACHO DE 2"" PVC LEO";Milena Restrepo;13/05/2026;5;2000;0;10000;4000;Transferencia
VEN02780;CLI281;10879;ADAPTADOR MACHO 1/2 X 16MM PE AL PE;Milena Restrepo;1/04/2026;2;2000;0;4000;1600;Transferencia
VEN02781;CLI010;10017;ACEITE USA1 X 70 CC;Milena Restrepo;22/04/2025;1;2000;100;1900;700;Transferencia
VEN02782;CLI066;12178;ACOPLE RAPIDO PISTOLA PINTAR JUEGO X 5;Milena Restrepo;28/03/2025;2;2000;0;4000;1600;Efectivo
VEN02783;CLI043;11830;ALQUITRAN POR KILO;Carlos Mario Hoyos;31/01/2026;5;2000;1000;9000;3000;Efectivo
VEN02784;CLI237;10064;ALICATE STANLEY N 8 84-023;Andrés Cardona;27/02/2026;2;2000;0;4000;1600;Efectivo
VEN02785;CLI296;10016;ACEITE USA1 X 30 CC;Carlos Mario Hoyos;3/05/2025;2;2000;0;4000;1600;Efectivo
VEN02786;CLI286;11704;"ADAPTADOR MACHO DE 2"" PVC LEO";Andrés Cardona;28/10/2025;2;2000;0;4000;1600;Tarjeta
VEN02787;CLI137;10030;AEROGRAFO X 150 ML ABANICO HOPEX F2;Carlos Mario Hoyos;9/09/2025;5;2000;0;10000;4000;Transferencia
VEN02788;CLI084;10047;ALAMBRE CENTELSA N 12 AMARILLO;Andrés Cardona;13/02/2025;2;2000;0;4000;1600;Tarjeta
VEN02789;CLI054;10039;ALAMBRE CENTELSA N  8 ROJO;Carlos Mario Hoyos;6/09/2025;10;2000;0;20000;8000;Transferencia
VEN02790;CLI019;10021;ACOPLE LAVAMANOS GRIPLAS;Carlos Mario Hoyos;8/08/2025;5;2000;0;10000;4000;Tarjeta
VEN02791;CLI056;10061;ALICATE 6 NARANJA DSF-6049;Diana Tobón;6/04/2026;10;2000;0;20000;8000;Transferencia
VEN02792;CLI187;12187;ACOPLE RAPIDO PISTOLA PINTAR;Milena Restrepo;11/01/2025;5;2000;1000;9000;3000;Transferencia
VEN02793;CLI250;10047;ALAMBRE CENTELSA N 12 AMARILLO;Carlos Mario Hoyos;14/01/2026;1;2000;0;2000;800;Tarjeta
VEN02794;CLI227;10053;ALAMBRE CENTELSA N 14 AMARILLO;Andrés Cardona;25/10/2025;2;2000;0;4000;1600;Transferencia
VEN02795;CLI082;10025;ACRONAL  DE 1/4;Milena Restrepo;3/11/2025;10;2000;2000;18000;6000;Tarjeta
VEN02796;CLI043;10015;ABRAZADERA TITAN 31/2A45/16 40-56;Milena Restrepo;16/03/2026;3;2000;0;6000;2400;Transferencia
VEN02797;CLI004;10017;ACEITE USA1 X 70 CC;Carlos Mario Hoyos;20/02/2025;2;2000;0;4000;1600;Tarjeta
VEN02798;CLI025;10023;ACOPLE SANITARIO CORTO CARDENAS;Milena Restrepo;28/12/2025;1;2000;200;1800;600;Efectivo
VEN02799;CLI153;10046;ALAMBRE CENTELSA N 10 VERDE;Carlos Mario Hoyos;28/01/2025;1;2000;0;2000;800;Transferencia
VEN02800;CLI184;10035;ALAMBRE CENTELSA N  8 AMARILLO;Andrés Cardona;26/09/2025;2;2000;0;4000;1600;Tarjeta
VEN02801;CLI020;12187;ACOPLE RAPIDO PISTOLA PINTAR;Andrés Cardona;28/07/2025;5;2000;0;10000;4000;Tarjeta
VEN02802;CLI195;11830;ALQUITRAN POR KILO;Milena Restrepo;14/05/2025;3;2000;0;6000;2400;Tarjeta
VEN02803;CLI202;10986;AGUA STOP ARGOLLA GERFOR 581140;Diana Tobón;23/06/2025;3;2000;0;6000;2400;Efectivo
VEN02804;CLI230;11830;ALQUITRAN POR KILO;Diana Tobón;28/07/2025;1;2000;0;2000;800;Transferencia
VEN02805;CLI149;10055;ALAMBRE CENTELSA N 14 BLANCO;Carlos Mario Hoyos;6/06/2025;3;2000;0;6000;2400;Transferencia
VEN02806;CLI145;10987;AGUA STOP PINES SAPITO GERFOR 580051;Andrés Cardona;27/01/2026;2;2000;0;4000;1600;Efectivo
VEN02807;CLI141;12240;ACOPLE PASTA SAMURAY ECONOMICO;Andrés Cardona;21/09/2025;1;2000;200;1800;600;Tarjeta
VEN02808;CLI085;10038;ALAMBRE CENTELSA N  8 NEGRO;Carlos Mario Hoyos;1/02/2026;2;2000;0;4000;1600;Transferencia
VEN02809;CLI112;11941;AGUA STOP AHORRADOR PLASTIG;Andrés Cardona;10/09/2025;10;2000;0;20000;8000;Efectivo
VEN02810;CLI106;10034;ALAMBRE PUA C16 X 400MT CORSAN;Andrés Cardona;3/11/2025;3;2000;0;6000;2400;Transferencia
VEN02811;CLI012;10046;ALAMBRE CENTELSA N 10 VERDE;Milena Restrepo;27/07/2025;1;2000;0;2000;800;Transferencia
VEN02812;CLI023;10036;ALAMBRE CENTELSA N  8 AZUL;Diana Tobón;14/07/2025;1;2000;0;2000;800;Transferencia
VEN02813;CLI271;10027;AEROGRAFO F75 400 ML DSF-1499;Milena Restrepo;23/03/2026;5;2000;0;10000;4000;Transferencia
VEN02814;CLI070;10047;ALAMBRE CENTELSA N 12 AMARILLO;Diana Tobón;5/04/2025;1;2000;0;2000;800;Efectivo
VEN02815;CLI189;12240;ACOPLE PASTA SAMURAY ECONOMICO;Diana Tobón;13/12/2025;10;2000;0;20000;8000;Efectivo
VEN02816;CLI265;10057;ALAMBRE CENTELSA N 14 ROJO;Andrés Cardona;26/01/2026;3;2000;0;6000;2400;Tarjeta
VEN02817;CLI065;10004;ABRAZADERA TITAN 7/16A25/32 - 1/2 10-06;Milena Restrepo;27/04/2026;10;2000;0;20000;8000;Transferencia
VEN02818;CLI014;10062;ALICATE 8 NARANJA DSF-6050;Diana Tobón;5/04/2025;5;2000;0;10000;4000;Efectivo
VEN02819;CLI143;11698;"ADAPTADOR HEMBRA  1/2"" LEO PRECION";Carlos Mario Hoyos;4/09/2025;10;2000;0;20000;8000;Efectivo
VEN02820;CLI160;10047;ALAMBRE CENTELSA N 12 AMARILLO;Milena Restrepo;9/03/2025;3;2000;0;6000;2400;Tarjeta
VEN02821;CLI279;11060;AGUA STOP PASTA GRIVAL;Carlos Mario Hoyos;30/09/2025;2;2000;0;4000;1600;Transferencia
VEN02822;CLI034;10058;ALAMBRE CENTELSA N 14 VERDE;Milena Restrepo;7/07/2025;5;2000;0;10000;4000;Transferencia
VEN02823;CLI106;11697;"ADAPTADOR HEMBRA DE 1"" PVC LEO";Milena Restrepo;6/11/2025;10;2000;0;20000;8000;Tarjeta
VEN02824;CLI162;12188;ACOPLE RAPIDO PISTOLA X 2 DORADO DSF-6035;Milena Restrepo;22/02/2025;3;2000;0;6000;2400;Efectivo
VEN02825;CLI131;11830;ALQUITRAN POR KILO;Diana Tobón;13/12/2025;2;2000;200;3800;1400;Transferencia
VEN02826;CLI183;10022;ACOPLE SANITARIO CARDENAS LARGO;Diana Tobón;8/05/2025;10;2000;0;20000;8000;Transferencia
VEN02827;CLI156;10004;ABRAZADERA TITAN 7/16A25/32 - 1/2 10-06;Carlos Mario Hoyos;9/03/2026;5;2000;0;10000;4000;Efectivo
VEN02828;CLI084;12597;ADAPTADOR DE 3/4 EMT;Andrés Cardona;16/09/2025;1;2000;200;1800;600;Transferencia
VEN02829;CLI241;10022;ACOPLE SANITARIO CARDENAS LARGO;Milena Restrepo;1/06/2025;10;2000;0;20000;8000;Transferencia
VEN02830;CLI233;10054;ALAMBRE CENTELSA N 14 AZUL;Diana Tobón;3/06/2025;3;2000;0;6000;2400;Tarjeta
VEN02831;CLI253;12187;ACOPLE RAPIDO PISTOLA PINTAR;Milena Restrepo;8/04/2025;2;2000;0;4000;1600;Transferencia
VEN02832;CLI065;10047;ALAMBRE CENTELSA N 12 AMARILLO;Milena Restrepo;24/11/2025;1;2000;0;2000;800;Transferencia
VEN02833;CLI234;10037;ALAMBRE CENTELSA N  8 BLANCO;Milena Restrepo;2/01/2026;2;2000;0;4000;1600;Efectivo
VEN02834;CLI217;11703;"ADAPTADOR MACHO DE 11/2"" PVC LEO";Diana Tobón;25/01/2025;5;2000;0;10000;4000;Efectivo
VEN02835;CLI100;10007;ABRAZADERA TITAN 29/32A1-3/8 40-16;Diana Tobón;3/02/2026;3;2000;0;6000;2400;Transferencia
VEN02836;CLI246;10058;ALAMBRE CENTELSA N 14 VERDE;Andrés Cardona;28/06/2025;10;2000;0;20000;8000;Efectivo
VEN02837;CLI188;10062;ALICATE 8 NARANJA DSF-6050;Carlos Mario Hoyos;4/10/2025;10;2000;0;20000;8000;Tarjeta
VEN02838;CLI013;12597;ADAPTADOR DE 3/4 EMT;Diana Tobón;19/06/2025;1;2000;0;2000;800;Efectivo
VEN02839;CLI193;10007;ABRAZADERA TITAN 29/32A1-3/8 40-16;Carlos Mario Hoyos;15/03/2025;1;2000;100;1900;700;Tarjeta
VEN02840;CLI140;10033;ALAMBRE PUA C16 X 200MT CORSAN;Andrés Cardona;15/02/2026;5;2000;0;10000;4000;Tarjeta
VEN02841;CLI015;11699;ADAPTADOR HEMBRA DE 3/4 PVC LEO;Carlos Mario Hoyos;26/03/2025;2;2000;0;4000;1600;Tarjeta
VEN02842;CLI042;10014;ABRAZADERA TITAN 2-3/8A3-1/8  40-44;Andrés Cardona;30/07/2025;3;2000;0;6000;2400;Transferencia
VEN02843;CLI202;10015;ABRAZADERA TITAN 31/2A45/16 40-56;Carlos Mario Hoyos;2/01/2025;1;2000;0;2000;800;Tarjeta
VEN02844;CLI103;10008;ABRAZADERA TITAN 1A19/16 40-20;Andrés Cardona;20/06/2025;5;2000;0;10000;4000;Efectivo
VEN02845;CLI004;10021;ACOPLE LAVAMANOS GRIPLAS;Milena Restrepo;6/02/2026;3;2000;0;6000;2400;Tarjeta
VEN02846;CLI116;11700;"ADAPTADOR MACHO DE 1/2"" PVC LEO";Carlos Mario Hoyos;21/06/2025;5;2000;0;10000;4000;Efectivo
VEN02847;CLI191;10025;ACRONAL  DE 1/4;Andrés Cardona;28/02/2026;1;2000;0;2000;800;Transferencia
VEN02848;CLI137;10064;ALICATE STANLEY N 8 84-023;Diana Tobón;2/01/2025;2;2000;0;4000;1600;Tarjeta
VEN02849;CLI172;12240;ACOPLE PASTA SAMURAY ECONOMICO;Milena Restrepo;6/11/2025;5;2000;0;10000;4000;Efectivo
VEN02850;CLI267;11701;"ADAPTADOR MACHO DE 3/4"" PVC LEO";Diana Tobón;23/03/2026;2;2000;200;3800;1400;Tarjeta
VEN02851;CLI049;11057;ACOPLE LAVAMANOS GRIVAL 40CMS;Carlos Mario Hoyos;19/02/2026;5;2000;0;10000;4000;Transferencia
VEN02852;CLI221;10001;ABRAZADERA 1/2 ECONOMICA;Carlos Mario Hoyos;27/08/2025;5;2000;500;9500;3500;Efectivo
VEN02853;CLI215;12177;AGUJAS PISTOLA PINTAR;Carlos Mario Hoyos;15/10/2025;1;2000;0;2000;800;Tarjeta
VEN02854;CLI235;10040;ALAMBRE CENTELSA N  8 VERDE;Carlos Mario Hoyos;28/10/2025;10;2000;0;20000;8000;Transferencia
VEN02855;CLI136;10052;ALAMBRE CENTELSA N 12 VERDE;Diana Tobón;28/01/2025;1;2000;0;2000;800;Tarjeta
VEN02856;CLI118;12187;ACOPLE RAPIDO PISTOLA PINTAR;Diana Tobón;10/03/2026;2;2000;0;4000;1600;Transferencia
VEN02857;CLI150;10006;ABRAZADERA TITAN 3/4A1 40-12;Carlos Mario Hoyos;13/02/2026;10;2000;0;20000;8000;Efectivo
VEN02858;CLI018;11830;ALQUITRAN POR KILO;Diana Tobón;5/04/2026;3;2000;0;6000;2400;Tarjeta
VEN02859;CLI189;10010;ABRAZADERA TITAN 11/4A2 40-28;Carlos Mario Hoyos;26/09/2025;3;2000;0;6000;2400;Efectivo
VEN02860;CLI036;11072;ACOPLE SANITARIO GRIVAL LARGO 55;Diana Tobón;8/12/2025;5;2000;0;10000;4000;Transferencia
VEN02861;CLI232;10038;ALAMBRE CENTELSA N  8 NEGRO;Carlos Mario Hoyos;7/05/2025;10;2000;0;20000;8000;Tarjeta
VEN02862;CLI125;10007;ABRAZADERA TITAN 29/32A1-3/8 40-16;Diana Tobón;21/08/2025;3;2000;0;6000;2400;Transferencia
VEN02863;CLI039;10010;ABRAZADERA TITAN 11/4A2 40-28;Carlos Mario Hoyos;2/02/2026;5;2000;0;10000;4000;Tarjeta
VEN02864;CLI292;10003;ABRAZADERA TITAN 5/16A5/8 - 3/8  10-04;Milena Restrepo;12/07/2025;2;2000;400;3600;1200;Tarjeta
VEN02865;CLI173;10007;ABRAZADERA TITAN 29/32A1-3/8 40-16;Carlos Mario Hoyos;29/06/2025;10;2000;0;20000;8000;Efectivo
VEN02866;CLI134;10044;ALAMBRE CENTELSA N 10 NEGRO;Diana Tobón;5/06/2025;10;2000;0;20000;8000;Transferencia
VEN02867;CLI085;11072;ACOPLE SANITARIO GRIVAL LARGO 55;Diana Tobón;6/04/2025;5;2000;0;10000;4000;Transferencia
VEN02868;CLI261;10029;AEROGRAFO X 125 ML CHORRO DSF-1505 K3;Diana Tobón;8/03/2026;2;2000;0;4000;1600;Efectivo
VEN02869;CLI038;11696;ADAPTADOR PVC ALARGE 1/2 X 3/8;Andrés Cardona;23/02/2026;3;2000;0;6000;2400;Efectivo
VEN02870;CLI079;12177;AGUJAS PISTOLA PINTAR;Diana Tobón;28/01/2026;3;2000;300;5700;2100;Tarjeta
VEN02871;CLI043;12597;ADAPTADOR DE 3/4 EMT;Andrés Cardona;14/03/2026;3;2000;0;6000;2400;Efectivo
VEN02872;CLI189;10013;ABRAZADERA TITAN 23/8A31/8  40-40;Carlos Mario Hoyos;16/10/2025;3;2000;300;5700;2100;Tarjeta
VEN02873;CLI092;11057;ACOPLE LAVAMANOS GRIVAL 40CMS;Milena Restrepo;11/04/2026;1;2000;0;2000;800;Efectivo
VEN02874;CLI112;11072;ACOPLE SANITARIO GRIVAL LARGO 55;Milena Restrepo;10/06/2025;2;2000;0;4000;1600;Efectivo
VEN02875;CLI183;10003;ABRAZADERA TITAN 5/16A5/8 - 3/8  10-04;Andrés Cardona;2/01/2025;10;2000;0;20000;8000;Efectivo
VEN02876;CLI251;10053;ALAMBRE CENTELSA N 14 AMARILLO;Carlos Mario Hoyos;10/08/2025;1;2000;0;2000;800;Efectivo
VEN02877;CLI062;11700;"ADAPTADOR MACHO DE 1/2"" PVC LEO";Diana Tobón;12/02/2025;2;2000;0;4000;1600;Efectivo
VEN02878;CLI271;10058;ALAMBRE CENTELSA N 14 VERDE;Andrés Cardona;30/05/2025;5;2000;0;10000;4000;Transferencia
VEN02879;CLI234;12240;ACOPLE PASTA SAMURAY ECONOMICO;Carlos Mario Hoyos;27/03/2026;3;2000;0;6000;2400;Transferencia
VEN02880;CLI155;10062;ALICATE 8 NARANJA DSF-6050;Andrés Cardona;10/09/2025;2;2000;0;4000;1600;Efectivo
VEN02881;CLI057;10027;AEROGRAFO F75 400 ML DSF-1499;Milena Restrepo;12/04/2025;2;2000;0;4000;1600;Transferencia
VEN02882;CLI134;10735;ADAPTADOR DE ESPIGO A ROSCA DE 1/2;Milena Restrepo;2/09/2025;1;2000;0;2000;800;Transferencia
VEN02883;CLI020;12240;ACOPLE PASTA SAMURAY ECONOMICO;Andrés Cardona;5/05/2025;1;2000;0;2000;800;Tarjeta
VEN02884;CLI064;10056;ALAMBRE CENTELSA N 14 NEGRO;Milena Restrepo;28/02/2026;3;2000;600;5400;1800;Tarjeta
VEN02885;CLI297;10054;ALAMBRE CENTELSA N 14 AZUL;Diana Tobón;30/06/2025;10;2000;0;20000;8000;Tarjeta
VEN02886;CLI084;10046;ALAMBRE CENTELSA N 10 VERDE;Milena Restrepo;16/04/2026;5;2000;0;10000;4000;Tarjeta
VEN02887;CLI260;10031;ALAMBRE PUA C 14 X 500MT;Milena Restrepo;23/07/2025;1;2000;0;2000;800;Efectivo
VEN02888;CLI022;10043;ALAMBRE CENTELSA N 10 BLANCO;Carlos Mario Hoyos;4/11/2025;10;2000;1000;19000;7000;Efectivo
VEN02889;CLI104;10036;ALAMBRE CENTELSA N  8 AZUL;Diana Tobón;9/02/2025;10;2000;1000;19000;7000;Tarjeta
VEN02890;CLI117;10011;ABRAZADERA TITAN 13/4A21/2  40-32;Milena Restrepo;20/10/2025;3;2000;0;6000;2400;Tarjeta
VEN02891;CLI118;10023;ACOPLE SANITARIO CORTO CARDENAS;Milena Restrepo;26/06/2025;1;2000;0;2000;800;Efectivo
VEN02892;CLI220;10026;ACRONAL  DE GALON;Milena Restrepo;3/05/2026;10;2000;0;20000;8000;Tarjeta
VEN02893;CLI194;12241;ACOPLE SAMURAY CAUCHO ECONOMICO;Diana Tobón;30/10/2025;1;2000;200;1800;600;Tarjeta
VEN02894;CLI075;11943;AGUA STOP PLASTGRIFOS;Diana Tobón;4/07/2025;5;2000;0;10000;4000;Tarjeta
VEN02895;CLI083;10025;ACRONAL  DE 1/4;Diana Tobón;16/05/2025;10;2000;1000;19000;7000;Transferencia
VEN02896;CLI039;10031;ALAMBRE PUA C 14 X 500MT;Carlos Mario Hoyos;19/04/2025;5;2000;0;10000;4000;Efectivo
VEN02897;CLI128;10053;ALAMBRE CENTELSA N 14 AMARILLO;Andrés Cardona;31/10/2025;2;2000;0;4000;1600;Efectivo
VEN02898;CLI288;10056;ALAMBRE CENTELSA N 14 NEGRO;Milena Restrepo;19/04/2025;3;2000;0;6000;2400;Efectivo
VEN02899;CLI079;11685;ACOPLE CAUCHO SUELTO LICUADORA OSTER;Andrés Cardona;9/11/2025;1;2000;0;2000;800;Efectivo
VEN02900;CLI085;10061;ALICATE 6 NARANJA DSF-6049;Carlos Mario Hoyos;30/11/2025;1;2000;0;2000;800;Efectivo
VEN02901;CLI012;10010;ABRAZADERA TITAN 11/4A2 40-28;Carlos Mario Hoyos;15/06/2025;5;2000;0;10000;4000;Efectivo
VEN02902;CLI160;10047;ALAMBRE CENTELSA N 12 AMARILLO;Andrés Cardona;27/08/2025;10;2000;0;20000;8000;Efectivo
VEN02903;CLI143;11703;"ADAPTADOR MACHO DE 11/2"" PVC LEO";Andrés Cardona;18/02/2026;2;2000;0;4000;1600;Tarjeta
VEN02904;CLI146;10025;ACRONAL  DE 1/4;Diana Tobón;5/04/2026;5;2000;0;10000;4000;Efectivo
VEN02905;CLI163;10018;ACIDO CORRIENTE X 480;Diana Tobón;7/04/2025;1;2000;0;2000;800;Transferencia
VEN02906;CLI142;11942;AGUA STOP CAUCHO GRIPLAS;Carlos Mario Hoyos;24/04/2025;2;2000;200;3800;1400;Efectivo
VEN02907;CLI262;11699;ADAPTADOR HEMBRA DE 3/4 PVC LEO;Carlos Mario Hoyos;18/08/2025;10;2000;0;20000;8000;Transferencia
VEN02908;CLI292;12596;ADAPTADOR DE 1/2 EMT;Milena Restrepo;2/01/2025;2;2000;0;4000;1600;Tarjeta
VEN02909;CLI247;12597;ADAPTADOR DE 3/4 EMT;Diana Tobón;28/09/2025;5;2000;0;10000;4000;Transferencia
VEN02910;CLI006;10878;ADAPTADOR HEMBRA 1/2 X 16MM PE AL PE;Milena Restrepo;21/11/2025;1;10800;0;10800;9600;Tarjeta
VEN02911;CLI049;11704;"ADAPTADOR MACHO DE 2"" PVC LEO";Carlos Mario Hoyos;16/04/2025;10;2000;0;20000;8000;Efectivo
VEN02912;CLI060;12187;ACOPLE RAPIDO PISTOLA PINTAR;Andrés Cardona;7/04/2026;3;2000;0;6000;2400;Transferencia
VEN02913;CLI042;12595;ADAPTADOR DE 1 EMT;Diana Tobón;25/01/2026;1;2000;0;2000;800;Efectivo
VEN02914;CLI040;12242;ACOPLE SAMURAY PREMIER AMARILLO;Milena Restrepo;8/05/2025;5;2000;0;10000;4000;Transferencia
VEN02915;CLI055;10020;ACOPLE LAVAMANOS CARDENAS LARGO;Diana Tobón;2/02/2025;10;2000;0;20000;8000;Tarjeta
VEN02916;CLI150;10045;ALAMBRE CENTELSA N 10 ROJO;Diana Tobón;9/10/2025;2;2000;0;4000;1600;Efectivo
VEN02917;CLI255;10735;ADAPTADOR DE ESPIGO A ROSCA DE 1/2;Carlos Mario Hoyos;20/05/2025;5;2000;0;10000;4000;Efectivo
VEN02918;CLI073;10009;ABRAZADERA TITAN 11/8A17/8  40-24;Carlos Mario Hoyos;28/04/2025;2;2000;0;4000;1600;Tarjeta
VEN02919;CLI257;12178;ACOPLE RAPIDO PISTOLA PINTAR JUEGO X 5;Diana Tobón;28/12/2025;1;2000;0;2000;800;Efectivo
VEN02920;CLI245;10023;ACOPLE SANITARIO CORTO CARDENAS;Milena Restrepo;25/08/2025;3;2000;0;6000;2400;Transferencia
VEN02921;CLI017;11698;"ADAPTADOR HEMBRA  1/2"" LEO PRECION";Carlos Mario Hoyos;12/10/2025;5;2000;0;10000;4000;Tarjeta
VEN02922;CLI203;10061;ALICATE 6 NARANJA DSF-6049;Diana Tobón;25/02/2026;2;2000;0;4000;1600;Tarjeta
VEN02923;CLI106;10004;ABRAZADERA TITAN 7/16A25/32 - 1/2 10-06;Milena Restrepo;26/06/2025;2;2000;0;4000;1600;Tarjeta
VEN02924;CLI155;10022;ACOPLE SANITARIO CARDENAS LARGO;Diana Tobón;14/02/2026;5;2000;0;10000;4000;Transferencia
VEN02925;CLI087;11700;"ADAPTADOR MACHO DE 1/2"" PVC LEO";Milena Restrepo;20/11/2025;5;2000;0;10000;4000;Efectivo
VEN02926;CLI067;10049;ALAMBRE CENTELSA N 12 BLANCO;Milena Restrepo;24/02/2026;2;2000;0;4000;1600;Transferencia
VEN02927;CLI238;10017;ACEITE USA1 X 70 CC;Diana Tobón;15/11/2025;1;2000;0;2000;800;Transferencia
VEN02928;CLI148;10004;ABRAZADERA TITAN 7/16A25/32 - 1/2 10-06;Carlos Mario Hoyos;20/02/2025;1;2000;100;1900;700;Efectivo
VEN02929;CLI113;10037;ALAMBRE CENTELSA N  8 BLANCO;Andrés Cardona;21/04/2026;5;2000;0;10000;4000;Efectivo
VEN02930;CLI111;10061;ALICATE 6 NARANJA DSF-6049;Milena Restrepo;16/01/2026;2;2000;200;3800;1400;Efectivo
VEN02931;CLI043;11942;AGUA STOP CAUCHO GRIPLAS;Milena Restrepo;22/03/2026;3;2000;0;6000;2400;Tarjeta
VEN02932;CLI282;10014;ABRAZADERA TITAN 2-3/8A3-1/8  40-44;Andrés Cardona;23/08/2025;3;2000;0;6000;2400;Tarjeta
VEN02933;CLI252;10055;ALAMBRE CENTELSA N 14 BLANCO;Carlos Mario Hoyos;14/01/2026;3;2000;0;6000;2400;Transferencia
VEN02934;CLI150;10056;ALAMBRE CENTELSA N 14 NEGRO;Carlos Mario Hoyos;27/10/2025;5;2000;500;9500;3500;Tarjeta
VEN02935;CLI004;11942;AGUA STOP CAUCHO GRIPLAS;Andrés Cardona;3/10/2025;5;2000;0;10000;4000;Tarjeta
VEN02936;CLI037;10052;ALAMBRE CENTELSA N 12 VERDE;Milena Restrepo;10/03/2025;10;2000;0;20000;8000;Transferencia
VEN02937;CLI170;12596;ADAPTADOR DE 1/2 EMT;Andrés Cardona;29/06/2025;5;2000;0;10000;4000;Tarjeta
VEN02938;CLI160;12240;ACOPLE PASTA SAMURAY ECONOMICO;Diana Tobón;13/11/2025;10;2000;0;20000;8000;Transferencia
VEN02939;CLI012;10056;ALAMBRE CENTELSA N 14 NEGRO;Carlos Mario Hoyos;16/03/2025;5;2000;0;10000;4000;Tarjeta
VEN02940;CLI298;10054;ALAMBRE CENTELSA N 14 AZUL;Milena Restrepo;2/04/2026;1;2000;0;2000;800;Efectivo
VEN02941;CLI129;10049;ALAMBRE CENTELSA N 12 BLANCO;Andrés Cardona;26/02/2026;10;2000;0;20000;8000;Transferencia
VEN02942;CLI253;11072;ACOPLE SANITARIO GRIVAL LARGO 55;Carlos Mario Hoyos;30/09/2025;2;2000;0;4000;1600;Transferencia
VEN02943;CLI085;10056;ALAMBRE CENTELSA N 14 NEGRO;Diana Tobón;17/08/2025;2;2000;0;4000;1600;Tarjeta
VEN02944;CLI011;10022;ACOPLE SANITARIO CARDENAS LARGO;Carlos Mario Hoyos;5/04/2025;1;2000;0;2000;800;Tarjeta
VEN02945;CLI225;10009;ABRAZADERA TITAN 11/8A17/8  40-24;Carlos Mario Hoyos;15/05/2025;10;2000;2000;18000;6000;Transferencia
VEN02946;CLI224;10021;ACOPLE LAVAMANOS GRIPLAS;Andrés Cardona;11/05/2025;1;2000;0;2000;800;Transferencia
VEN02947;CLI015;10063;ALICATE FOCCI 8,5 DSF-1684;Milena Restrepo;6/03/2025;10;2000;0;20000;8000;Efectivo
VEN02948;CLI222;10036;ALAMBRE CENTELSA N  8 AZUL;Diana Tobón;12/11/2025;1;2000;0;2000;800;Tarjeta
VEN02949;CLI078;10879;ADAPTADOR MACHO 1/2 X 16MM PE AL PE;Diana Tobón;27/05/2025;10;2000;0;20000;8000;Efectivo
VEN02950;CLI274;11071;ACOPLE LAVAMANOS GRIVAL LARGO 60;Diana Tobón;14/01/2026;3;2000;0;6000;2400;Transferencia
VEN02951;CLI005;10878;ADAPTADOR HEMBRA 1/2 X 16MM PE AL PE;Andrés Cardona;2/04/2026;5;10800;0;54000;48000;Transferencia
VEN02952;CLI143;10061;ALICATE 6 NARANJA DSF-6049;Milena Restrepo;22/03/2025;10;2000;0;20000;8000;Transferencia
VEN02953;CLI245;10051;ALAMBRE CENTELSA N 12 ROJO;Milena Restrepo;26/06/2025;5;2000;0;10000;4000;Efectivo
VEN02954;CLI239;10008;ABRAZADERA TITAN 1A19/16 40-20;Andrés Cardona;3/08/2025;1;2000;0;2000;800;Transferencia
VEN02955;CLI173;10064;ALICATE STANLEY N 8 84-023;Andrés Cardona;6/01/2025;5;2000;0;10000;4000;Efectivo
VEN02956;CLI043;10020;ACOPLE LAVAMANOS CARDENAS LARGO;Carlos Mario Hoyos;16/05/2025;1;2000;0;2000;800;Efectivo
VEN02957;CLI069;10084;AGUAMONIACO  FRASCO X 480;Milena Restrepo;9/10/2025;3;3800;0;11400;7800;Efectivo
VEN02958;CLI092;11685;ACOPLE CAUCHO SUELTO LICUADORA OSTER;Andrés Cardona;10/11/2025;5;2000;0;10000;4000;Efectivo
VEN02959;CLI208;10018;ACIDO CORRIENTE X 480;Andrés Cardona;7/12/2025;3;2000;0;6000;2400;Transferencia
VEN02960;CLI275;11704;"ADAPTADOR MACHO DE 2"" PVC LEO";Andrés Cardona;30/04/2026;3;2000;0;6000;2400;Tarjeta
VEN02961;CLI213;10020;ACOPLE LAVAMANOS CARDENAS LARGO;Carlos Mario Hoyos;15/09/2025;3;2000;0;6000;2400;Tarjeta
VEN02962;CLI024;10061;ALICATE 6 NARANJA DSF-6049;Carlos Mario Hoyos;5/03/2025;10;2000;0;20000;8000;Tarjeta
VEN02963;CLI033;10012;ABRAZADERA TITAN  2A2-3/8 40-36;Carlos Mario Hoyos;27/02/2026;1;2000;0;2000;800;Tarjeta
VEN02964;CLI116;10043;ALAMBRE CENTELSA N 10 BLANCO;Andrés Cardona;23/03/2025;1;2000;0;2000;800;Transferencia
VEN02965;CLI169;10060;ALICATE  BICOLOR N 8;Carlos Mario Hoyos;13/06/2025;3;2000;0;6000;2400;Efectivo
VEN02966;CLI036;12178;ACOPLE RAPIDO PISTOLA PINTAR JUEGO X 5;Milena Restrepo;3/05/2026;10;2000;0;20000;8000;Transferencia
VEN02967;CLI041;10007;ABRAZADERA TITAN 29/32A1-3/8 40-16;Andrés Cardona;17/06/2025;10;2000;0;20000;8000;Tarjeta
VEN02968;CLI004;10042;ALAMBRE CENTELSA N 10 AZUL;Carlos Mario Hoyos;27/01/2025;5;2000;0;10000;4000;Tarjeta
VEN02969;CLI082;10062;ALICATE 8 NARANJA DSF-6050;Andrés Cardona;12/06/2025;2;2000;200;3800;1400;Tarjeta
VEN02970;CLI299;10009;ABRAZADERA TITAN 11/8A17/8  40-24;Andrés Cardona;21/04/2025;3;2000;0;6000;2400;Efectivo
VEN02971;CLI053;11697;"ADAPTADOR HEMBRA DE 1"" PVC LEO";Carlos Mario Hoyos;15/07/2025;3;2000;0;6000;2400;Transferencia
VEN02972;CLI280;10038;ALAMBRE CENTELSA N  8 NEGRO;Carlos Mario Hoyos;20/02/2025;5;2000;0;10000;4000;Transferencia
VEN02973;CLI279;10735;ADAPTADOR DE ESPIGO A ROSCA DE 1/2;Andrés Cardona;23/03/2026;3;2000;600;5400;1800;Efectivo
VEN02974;CLI091;10052;ALAMBRE CENTELSA N 12 VERDE;Andrés Cardona;28/01/2025;3;2000;0;6000;2400;Tarjeta
VEN02975;CLI288;11060;AGUA STOP PASTA GRIVAL;Carlos Mario Hoyos;28/01/2025;1;2000;0;2000;800;Transferencia
VEN02976;CLI075;11696;ADAPTADOR PVC ALARGE 1/2 X 3/8;Andrés Cardona;12/05/2026;3;2000;300;5700;2100;Efectivo
VEN02977;CLI031;10057;ALAMBRE CENTELSA N 14 ROJO;Andrés Cardona;11/05/2025;3;2000;0;6000;2400;Efectivo
VEN02978;CLI124;11941;AGUA STOP AHORRADOR PLASTIG;Andrés Cardona;3/01/2026;10;2000;0;20000;8000;Efectivo
VEN02979;CLI229;11072;ACOPLE SANITARIO GRIVAL LARGO 55;Carlos Mario Hoyos;13/04/2026;2;2000;0;4000;1600;Transferencia
VEN02980;CLI086;10042;ALAMBRE CENTELSA N 10 AZUL;Milena Restrepo;11/02/2026;2;2000;0;4000;1600;Tarjeta
VEN02981;CLI181;10036;ALAMBRE CENTELSA N  8 AZUL;Diana Tobón;26/05/2025;1;2000;0;2000;800;Efectivo
VEN02982;CLI178;11702;"ADAPTADOR MACHO DE 1"" LEO";Milena Restrepo;4/07/2025;5;2000;0;10000;4000;Tarjeta
VEN02983;CLI212;11057;ACOPLE LAVAMANOS GRIVAL 40CMS;Diana Tobón;5/01/2025;3;2000;0;6000;2400;Efectivo
VEN02984;CLI155;11703;"ADAPTADOR MACHO DE 11/2"" PVC LEO";Andrés Cardona;12/04/2026;3;2000;0;6000;2400;Efectivo
VEN02985;CLI054;10043;ALAMBRE CENTELSA N 10 BLANCO;Milena Restrepo;9/12/2025;3;2000;600;5400;1800;Efectivo
VEN02986;CLI288;11701;"ADAPTADOR MACHO DE 3/4"" PVC LEO";Milena Restrepo;19/09/2025;10;2000;0;20000;8000;Tarjeta
VEN02987;CLI248;10046;ALAMBRE CENTELSA N 10 VERDE;Carlos Mario Hoyos;5/11/2025;10;2000;0;20000;8000;Efectivo
VEN02988;CLI198;11058;ACOPLE SANITARIO GRIVAL 40 CMS;Carlos Mario Hoyos;5/02/2026;2;2000;0;4000;1600;Tarjeta
VEN02989;CLI053;10051;ALAMBRE CENTELSA N 12 ROJO;Diana Tobón;20/10/2025;5;2000;0;10000;4000;Tarjeta
VEN02990;CLI065;11703;"ADAPTADOR MACHO DE 11/2"" PVC LEO";Diana Tobón;7/10/2025;1;2000;0;2000;800;Tarjeta
VEN02991;CLI276;11697;"ADAPTADOR HEMBRA DE 1"" PVC LEO";Milena Restrepo;14/04/2025;1;2000;0;2000;800;Transferencia
VEN02992;CLI029;11699;ADAPTADOR HEMBRA DE 3/4 PVC LEO;Diana Tobón;15/12/2025;3;2000;0;6000;2400;Transferencia
VEN02993;CLI159;11701;"ADAPTADOR MACHO DE 3/4"" PVC LEO";Carlos Mario Hoyos;7/05/2025;1;2000;200;1800;600;Efectivo
VEN02994;CLI260;11941;AGUA STOP AHORRADOR PLASTIG;Milena Restrepo;8/03/2025;3;2000;300;5700;2100;Efectivo
VEN02995;CLI215;10029;AEROGRAFO X 125 ML CHORRO DSF-1505 K3;Milena Restrepo;18/03/2026;3;2000;300;5700;2100;Tarjeta
VEN02996;CLI069;10044;ALAMBRE CENTELSA N 10 NEGRO;Carlos Mario Hoyos;15/05/2026;2;2000;0;4000;1600;Transferencia
VEN02997;CLI085;10039;ALAMBRE CENTELSA N  8 ROJO;Milena Restrepo;17/07/2025;5;2000;0;10000;4000;Tarjeta
VEN02998;CLI069;11942;AGUA STOP CAUCHO GRIPLAS;Carlos Mario Hoyos;20/07/2025;2;2000;0;4000;1600;Efectivo
VEN02999;CLI225;10016;ACEITE USA1 X 30 CC;Milena Restrepo;8/12/2025;2;2000;0;4000;1600;Efectivo
VEN03000;CLI010;11697;"ADAPTADOR HEMBRA DE 1"" PVC LEO";Carlos Mario Hoyos;30/06/2025;3;2000;0;6000;2400;Transferencia
VEN03001;CLI253;10023;ACOPLE SANITARIO CORTO CARDENAS;Carlos Mario Hoyos;14/01/2026;1;2000;0;2000;800;Tarjeta
VEN03002;CLI290;12188;ACOPLE RAPIDO PISTOLA X 2 DORADO DSF-6035;Diana Tobón;2/01/2026;2;2000;0;4000;1600;Tarjeta
VEN03003;CLI022;11057;ACOPLE LAVAMANOS GRIVAL 40CMS;Milena Restrepo;24/02/2026;2;2000;0;4000;1600;Efectivo
VEN03004;CLI252;10004;ABRAZADERA TITAN 7/16A25/32 - 1/2 10-06;Andrés Cardona;9/03/2026;2;2000;0;4000;1600;Transferencia
VEN03005;CLI296;10037;ALAMBRE CENTELSA N  8 BLANCO;Milena Restrepo;2/01/2026;10;2000;0;20000;8000;Efectivo
VEN03006;CLI297;10037;ALAMBRE CENTELSA N  8 BLANCO;Diana Tobón;6/08/2025;2;2000;0;4000;1600;Efectivo
VEN03007;CLI088;10039;ALAMBRE CENTELSA N  8 ROJO;Carlos Mario Hoyos;13/12/2025;5;2000;500;9500;3500;Tarjeta
VEN03008;CLI104;10057;ALAMBRE CENTELSA N 14 ROJO;Milena Restrepo;19/04/2026;2;2000;0;4000;1600;Tarjeta
VEN03009;CLI029;11942;AGUA STOP CAUCHO GRIPLAS;Diana Tobón;7/04/2026;1;2000;0;2000;800;Tarjeta
VEN03010;CLI150;10011;ABRAZADERA TITAN 13/4A21/2  40-32;Milena Restrepo;28/01/2025;1;2000;100;1900;700;Efectivo
VEN03011;CLI153;12596;ADAPTADOR DE 1/2 EMT;Milena Restrepo;27/12/2025;5;2000;500;9500;3500;Tarjeta
VEN03012;CLI299;11701;"ADAPTADOR MACHO DE 3/4"" PVC LEO";Carlos Mario Hoyos;8/10/2025;2;2000;400;3600;1200;Efectivo
VEN03013;CLI023;10063;ALICATE FOCCI 8,5 DSF-1684;Diana Tobón;18/02/2025;1;2000;0;2000;800;Transferencia
VEN03014;CLI280;12597;ADAPTADOR DE 3/4 EMT;Carlos Mario Hoyos;9/04/2026;5;2000;500;9500;3500;Transferencia
VEN03015;CLI055;10031;ALAMBRE PUA C 14 X 500MT;Diana Tobón;7/04/2026;3;2000;0;6000;2400;Efectivo
VEN03016;CLI239;10879;ADAPTADOR MACHO 1/2 X 16MM PE AL PE;Milena Restrepo;21/01/2025;1;2000;0;2000;800;Tarjeta
VEN03017;CLI064;10053;ALAMBRE CENTELSA N 14 AMARILLO;Andrés Cardona;8/03/2025;10;2000;0;20000;8000;Transferencia
VEN03018;CLI008;10007;ABRAZADERA TITAN 29/32A1-3/8 40-16;Carlos Mario Hoyos;2/04/2025;3;2000;0;6000;2400;Tarjeta
VEN03019;CLI059;10027;AEROGRAFO F75 400 ML DSF-1499;Diana Tobón;7/03/2026;1;2000;0;2000;800;Transferencia
VEN03020;CLI061;11696;ADAPTADOR PVC ALARGE 1/2 X 3/8;Carlos Mario Hoyos;26/04/2025;2;2000;0;4000;1600;Efectivo
VEN03021;CLI235;11698;"ADAPTADOR HEMBRA  1/2"" LEO PRECION";Carlos Mario Hoyos;27/04/2025;2;2000;0;4000;1600;Transferencia
VEN03022;CLI229;10029;AEROGRAFO X 125 ML CHORRO DSF-1505 K3;Andrés Cardona;23/03/2025;3;2000;0;6000;2400;Efectivo
VEN03023;CLI219;10043;ALAMBRE CENTELSA N 10 BLANCO;Milena Restrepo;29/10/2025;5;2000;0;10000;4000;Transferencia
VEN03024;CLI020;12188;ACOPLE RAPIDO PISTOLA X 2 DORADO DSF-6035;Milena Restrepo;3/01/2026;2;2000;400;3600;1200;Tarjeta
VEN03025;CLI057;10034;ALAMBRE PUA C16 X 400MT CORSAN;Carlos Mario Hoyos;21/01/2026;10;2000;0;20000;8000;Efectivo
VEN03026;CLI229;11702;"ADAPTADOR MACHO DE 1"" LEO";Milena Restrepo;7/11/2025;3;2000;0;6000;2400;Efectivo
VEN03027;CLI043;12177;AGUJAS PISTOLA PINTAR;Milena Restrepo;15/03/2026;3;2000;0;6000;2400;Transferencia
VEN03028;CLI102;10986;AGUA STOP ARGOLLA GERFOR 581140;Andrés Cardona;13/11/2025;10;2000;0;20000;8000;Efectivo
VEN03029;CLI196;10052;ALAMBRE CENTELSA N 12 VERDE;Diana Tobón;16/02/2026;10;2000;0;20000;8000;Transferencia
VEN03030;CLI119;10057;ALAMBRE CENTELSA N 14 ROJO;Carlos Mario Hoyos;3/05/2025;3;2000;0;6000;2400;Transferencia
VEN03031;CLI173;11941;AGUA STOP AHORRADOR PLASTIG;Milena Restrepo;9/02/2025;2;2000;0;4000;1600;Efectivo
VEN03032;CLI021;12188;ACOPLE RAPIDO PISTOLA X 2 DORADO DSF-6035;Carlos Mario Hoyos;22/09/2025;2;2000;0;4000;1600;Tarjeta
VEN03033;CLI124;12241;ACOPLE SAMURAY CAUCHO ECONOMICO;Diana Tobón;28/03/2026;5;2000;0;10000;4000;Transferencia
VEN03034;CLI296;12178;ACOPLE RAPIDO PISTOLA PINTAR JUEGO X 5;Carlos Mario Hoyos;18/10/2025;1;2000;0;2000;800;Transferencia
VEN03035;CLI089;10005;ABRAZADERA TITAN 1/2A3/4  40-06;Andrés Cardona;5/05/2025;5;2000;0;10000;4000;Transferencia
VEN03036;CLI114;10062;ALICATE 8 NARANJA DSF-6050;Diana Tobón;14/07/2025;1;2000;0;2000;800;Tarjeta
VEN03037;CLI247;11060;AGUA STOP PASTA GRIVAL;Carlos Mario Hoyos;26/05/2025;1;2000;0;2000;800;Efectivo
VEN03038;CLI234;10879;ADAPTADOR MACHO 1/2 X 16MM PE AL PE;Milena Restrepo;14/04/2025;1;2000;0;2000;800;Transferencia
VEN03039;CLI028;10878;ADAPTADOR HEMBRA 1/2 X 16MM PE AL PE;Andrés Cardona;13/03/2025;2;10800;0;21600;19200;Efectivo
VEN03040;CLI096;10986;AGUA STOP ARGOLLA GERFOR 581140;Diana Tobón;10/04/2026;3;2000;300;5700;2100;Tarjeta
VEN03041;CLI289;11830;ALQUITRAN POR KILO;Milena Restrepo;1/07/2025;5;2000;0;10000;4000;Transferencia
VEN03042;CLI257;11057;ACOPLE LAVAMANOS GRIVAL 40CMS;Milena Restrepo;8/05/2026;2;2000;200;3800;1400;Transferencia
VEN03043;CLI228;10061;ALICATE 6 NARANJA DSF-6049;Diana Tobón;2/09/2025;1;2000;0;2000;800;Efectivo
VEN03044;CLI087;10011;ABRAZADERA TITAN 13/4A21/2  40-32;Andrés Cardona;13/05/2025;5;2000;0;10000;4000;Efectivo
VEN03045;CLI101;11698;"ADAPTADOR HEMBRA  1/2"" LEO PRECION";Milena Restrepo;13/02/2026;5;2000;500;9500;3500;Efectivo
VEN03046;CLI130;10007;ABRAZADERA TITAN 29/32A1-3/8 40-16;Diana Tobón;27/09/2025;5;2000;0;10000;4000;Transferencia
VEN03047;CLI272;10014;ABRAZADERA TITAN 2-3/8A3-1/8  40-44;Milena Restrepo;19/03/2025;5;2000;500;9500;3500;Transferencia
VEN03048;CLI251;11057;ACOPLE LAVAMANOS GRIVAL 40CMS;Carlos Mario Hoyos;24/05/2025;3;2000;0;6000;2400;Transferencia
VEN03049;CLI143;10026;ACRONAL  DE GALON;Carlos Mario Hoyos;29/11/2025;1;2000;100;1900;700;Efectivo
VEN03050;CLI265;11058;ACOPLE SANITARIO GRIVAL 40 CMS;Andrés Cardona;17/06/2025;5;2000;0;10000;4000;Transferencia
VEN03051;CLI250;12178;ACOPLE RAPIDO PISTOLA PINTAR JUEGO X 5;Milena Restrepo;18/05/2025;2;2000;0;4000;1600;Efectivo
VEN03052;CLI066;11072;ACOPLE SANITARIO GRIVAL LARGO 55;Carlos Mario Hoyos;30/03/2025;1;2000;100;1900;700;Efectivo
VEN03053;CLI047;10063;ALICATE FOCCI 8,5 DSF-1684;Andrés Cardona;14/05/2026;2;2000;0;4000;1600;Tarjeta
VEN03054;CLI115;10041;ALAMBRE CENTELSA N 10 AMARILLO;Andrés Cardona;21/05/2025;1;2000;0;2000;800;Transferencia
VEN03055;CLI149;10084;AGUAMONIACO  FRASCO X 480;Diana Tobón;16/04/2026;5;3800;0;19000;13000;Transferencia
VEN03056;CLI009;11698;"ADAPTADOR HEMBRA  1/2"" LEO PRECION";Andrés Cardona;2/08/2025;3;2000;0;6000;2400;Transferencia
VEN03057;CLI014;10041;ALAMBRE CENTELSA N 10 AMARILLO;Carlos Mario Hoyos;21/12/2025;10;2000;0;20000;8000;Efectivo
VEN03058;CLI111;10063;ALICATE FOCCI 8,5 DSF-1684;Diana Tobón;9/02/2025;5;2000;0;10000;4000;Tarjeta
VEN03059;CLI193;11697;"ADAPTADOR HEMBRA DE 1"" PVC LEO";Milena Restrepo;29/06/2025;2;2000;0;4000;1600;Efectivo
VEN03060;CLI075;11697;"ADAPTADOR HEMBRA DE 1"" PVC LEO";Diana Tobón;3/12/2025;2;2000;0;4000;1600;Efectivo
VEN03061;CLI191;10033;ALAMBRE PUA C16 X 200MT CORSAN;Carlos Mario Hoyos;6/04/2025;2;2000;0;4000;1600;Transferencia
VEN03062;CLI184;11060;AGUA STOP PASTA GRIVAL;Andrés Cardona;7/11/2025;1;2000;0;2000;800;Transferencia
VEN03063;CLI265;10003;ABRAZADERA TITAN 5/16A5/8 - 3/8  10-04;Carlos Mario Hoyos;27/12/2025;3;2000;0;6000;2400;Efectivo
VEN03064;CLI154;11059;AGUA STOP CAUCHO GRIVAL;Andrés Cardona;5/01/2026;5;2000;0;10000;4000;Tarjeta
VEN03065;CLI208;10013;ABRAZADERA TITAN 23/8A31/8  40-40;Diana Tobón;24/01/2025;5;2000;0;10000;4000;Transferencia
VEN03066;CLI002;10055;ALAMBRE CENTELSA N 14 BLANCO;Milena Restrepo;2/09/2025;5;2000;0;10000;4000;Efectivo
VEN03067;CLI295;10059;ALCOHOL INDUSTRIAL X 500;Carlos Mario Hoyos;30/12/2025;5;2000;0;10000;4000;Transferencia
VEN03068;CLI007;10057;ALAMBRE CENTELSA N 14 ROJO;Carlos Mario Hoyos;16/09/2025;1;2000;0;2000;800;Transferencia
VEN03069;CLI069;10017;ACEITE USA1 X 70 CC;Andrés Cardona;6/11/2025;5;2000;0;10000;4000;Tarjeta
VEN03070;CLI046;10084;AGUAMONIACO  FRASCO X 480;Carlos Mario Hoyos;6/04/2026;3;3800;570;10830;7230;Tarjeta
VEN03071;CLI291;12596;ADAPTADOR DE 1/2 EMT;Diana Tobón;30/08/2025;3;2000;0;6000;2400;Efectivo
VEN03072;CLI192;10057;ALAMBRE CENTELSA N 14 ROJO;Milena Restrepo;25/10/2025;2;2000;0;4000;1600;Transferencia
VEN03073;CLI107;10011;ABRAZADERA TITAN 13/4A21/2  40-32;Carlos Mario Hoyos;6/04/2025;5;2000;0;10000;4000;Efectivo
VEN03074;CLI149;12177;AGUJAS PISTOLA PINTAR;Carlos Mario Hoyos;23/07/2025;5;2000;0;10000;4000;Efectivo
VEN03075;CLI138;11704;"ADAPTADOR MACHO DE 2"" PVC LEO";Diana Tobón;26/02/2025;2;2000;0;4000;1600;Transferencia
VEN03076;CLI293;10057;ALAMBRE CENTELSA N 14 ROJO;Diana Tobón;8/01/2026;2;2000;0;4000;1600;Tarjeta
VEN03077;CLI022;10024;ACOPLE SANITARIO GRIPLAS;Carlos Mario Hoyos;11/02/2025;3;2000;0;6000;2400;Tarjeta
VEN03078;CLI230;10059;ALCOHOL INDUSTRIAL X 500;Milena Restrepo;24/03/2026;3;2000;600;5400;1800;Tarjeta
VEN03079;CLI002;10040;ALAMBRE CENTELSA N  8 VERDE;Carlos Mario Hoyos;22/01/2025;10;2000;0;20000;8000;Transferencia
VEN03080;CLI270;12241;ACOPLE SAMURAY CAUCHO ECONOMICO;Milena Restrepo;10/01/2025;1;2000;0;2000;800;Efectivo
VEN03081;CLI030;10020;ACOPLE LAVAMANOS CARDENAS LARGO;Andrés Cardona;17/04/2025;1;2000;100;1900;700;Transferencia
VEN03082;CLI087;10035;ALAMBRE CENTELSA N  8 AMARILLO;Diana Tobón;6/05/2026;2;2000;0;4000;1600;Efectivo
VEN03083;CLI113;10062;ALICATE 8 NARANJA DSF-6050;Andrés Cardona;2/04/2026;1;2000;0;2000;800;Efectivo
VEN03084;CLI274;10878;ADAPTADOR HEMBRA 1/2 X 16MM PE AL PE;Milena Restrepo;23/10/2025;1;10800;0;10800;9600;Tarjeta
VEN03085;CLI259;10060;ALICATE  BICOLOR N 8;Andrés Cardona;30/08/2025;5;2000;0;10000;4000;Efectivo
VEN03086;CLI075;10004;ABRAZADERA TITAN 7/16A25/32 - 1/2 10-06;Diana Tobón;13/12/2025;5;2000;0;10000;4000;Efectivo
VEN03087;CLI079;11941;AGUA STOP AHORRADOR PLASTIG;Andrés Cardona;20/09/2025;1;2000;0;2000;800;Tarjeta
VEN03088;CLI211;10005;ABRAZADERA TITAN 1/2A3/4  40-06;Milena Restrepo;13/03/2026;3;2000;0;6000;2400;Efectivo
VEN03089;CLI246;10056;ALAMBRE CENTELSA N 14 NEGRO;Milena Restrepo;28/02/2025;10;2000;2000;18000;6000;Transferencia
VEN03090;CLI230;10047;ALAMBRE CENTELSA N 12 AMARILLO;Diana Tobón;21/07/2025;3;2000;0;6000;2400;Transferencia
VEN03091;CLI160;10027;AEROGRAFO F75 400 ML DSF-1499;Diana Tobón;29/11/2025;10;2000;0;20000;8000;Efectivo
VEN03092;CLI262;10049;ALAMBRE CENTELSA N 12 BLANCO;Milena Restrepo;19/02/2026;3;2000;0;6000;2400;Tarjeta
VEN03093;CLI206;11071;ACOPLE LAVAMANOS GRIVAL LARGO 60;Andrés Cardona;22/09/2025;3;2000;0;6000;2400;Transferencia
VEN03094;CLI179;10032;ALAMBRE PUA  C14 X 350MT CORSAN;Diana Tobón;20/08/2025;5;2000;0;10000;4000;Tarjeta
VEN03095;CLI289;10040;ALAMBRE CENTELSA N  8 VERDE;Milena Restrepo;23/12/2025;2;2000;0;4000;1600;Efectivo
VEN03096;CLI120;10043;ALAMBRE CENTELSA N 10 BLANCO;Milena Restrepo;13/07/2025;2;2000;0;4000;1600;Transferencia
VEN03097;CLI182;10011;ABRAZADERA TITAN 13/4A21/2  40-32;Milena Restrepo;24/07/2025;3;2000;0;6000;2400;Efectivo
VEN03098;CLI113;10025;ACRONAL  DE 1/4;Diana Tobón;17/01/2026;3;2000;0;6000;2400;Efectivo
VEN03099;CLI072;10006;ABRAZADERA TITAN 3/4A1 40-12;Diana Tobón;29/04/2026;5;2000;0;10000;4000;Transferencia
VEN03100;CLI221;10044;ALAMBRE CENTELSA N 10 NEGRO;Carlos Mario Hoyos;5/03/2025;2;2000;0;4000;1600;Tarjeta
VEN03101;CLI142;11704;"ADAPTADOR MACHO DE 2"" PVC LEO";Carlos Mario Hoyos;12/03/2026;2;2000;0;4000;1600;Efectivo
VEN03102;CLI193;10879;ADAPTADOR MACHO 1/2 X 16MM PE AL PE;Carlos Mario Hoyos;14/07/2025;10;2000;0;20000;8000;Efectivo
VEN03103;CLI144;11703;"ADAPTADOR MACHO DE 11/2"" PVC LEO";Carlos Mario Hoyos;25/02/2025;3;2000;0;6000;2400;Tarjeta
VEN03104;CLI261;10064;ALICATE STANLEY N 8 84-023;Milena Restrepo;4/03/2026;1;2000;0;2000;800;Transferencia
VEN03105;CLI158;10062;ALICATE 8 NARANJA DSF-6050;Milena Restrepo;18/09/2025;2;2000;400;3600;1200;Transferencia
VEN03106;CLI032;11942;AGUA STOP CAUCHO GRIPLAS;Milena Restrepo;23/03/2026;10;2000;0;20000;8000;Transferencia
VEN03107;CLI054;10052;ALAMBRE CENTELSA N 12 VERDE;Andrés Cardona;23/05/2025;10;2000;0;20000;8000;Efectivo
VEN03108;CLI029;10053;ALAMBRE CENTELSA N 14 AMARILLO;Diana Tobón;11/01/2026;1;2000;0;2000;800;Efectivo
VEN03109;CLI159;12597;ADAPTADOR DE 3/4 EMT;Diana Tobón;5/03/2026;1;2000;0;2000;800;Efectivo
VEN03110;CLI112;10003;ABRAZADERA TITAN 5/16A5/8 - 3/8  10-04;Diana Tobón;16/01/2026;10;2000;0;20000;8000;Tarjeta
VEN03111;CLI065;10017;ACEITE USA1 X 70 CC;Diana Tobón;26/07/2025;2;2000;200;3800;1400;Transferencia
VEN03112;CLI199;10018;ACIDO CORRIENTE X 480;Diana Tobón;11/12/2025;10;2000;0;20000;8000;Tarjeta
VEN03113;CLI261;10022;ACOPLE SANITARIO CARDENAS LARGO;Milena Restrepo;17/11/2025;2;2000;200;3800;1400;Transferencia
VEN03114;CLI253;10012;ABRAZADERA TITAN  2A2-3/8 40-36;Milena Restrepo;14/12/2025;2;2000;0;4000;1600;Tarjeta
VEN03115;CLI124;11942;AGUA STOP CAUCHO GRIPLAS;Andrés Cardona;8/08/2025;2;2000;0;4000;1600;Tarjeta
VEN03116;CLI011;11942;AGUA STOP CAUCHO GRIPLAS;Carlos Mario Hoyos;10/11/2025;3;2000;300;5700;2100;Transferencia
VEN03117;CLI063;11699;ADAPTADOR HEMBRA DE 3/4 PVC LEO;Carlos Mario Hoyos;28/10/2025;5;2000;0;10000;4000;Transferencia
VEN03118;CLI204;10049;ALAMBRE CENTELSA N 12 BLANCO;Andrés Cardona;18/07/2025;10;2000;0;20000;8000;Tarjeta
VEN03119;CLI196;10055;ALAMBRE CENTELSA N 14 BLANCO;Diana Tobón;24/05/2025;5;2000;0;10000;4000;Tarjeta
VEN03120;CLI294;12597;ADAPTADOR DE 3/4 EMT;Carlos Mario Hoyos;15/12/2025;3;2000;300;5700;2100;Efectivo
VEN03121;CLI295;10012;ABRAZADERA TITAN  2A2-3/8 40-36;Diana Tobón;10/02/2025;2;2000;0;4000;1600;Efectivo
VEN03122;CLI260;10038;ALAMBRE CENTELSA N  8 NEGRO;Carlos Mario Hoyos;9/02/2026;5;2000;0;10000;4000;Transferencia
VEN03123;CLI212;10029;AEROGRAFO X 125 ML CHORRO DSF-1505 K3;Carlos Mario Hoyos;12/03/2025;1;2000;0;2000;800;Tarjeta
VEN03124;CLI064;11696;ADAPTADOR PVC ALARGE 1/2 X 3/8;Milena Restrepo;13/05/2025;10;2000;2000;18000;6000;Efectivo
VEN03125;CLI243;12177;AGUJAS PISTOLA PINTAR;Milena Restrepo;5/05/2026;10;2000;0;20000;8000;Tarjeta
VEN03126;CLI227;10011;ABRAZADERA TITAN 13/4A21/2  40-32;Andrés Cardona;5/02/2025;10;2000;0;20000;8000;Tarjeta
VEN03127;CLI040;11942;AGUA STOP CAUCHO GRIPLAS;Carlos Mario Hoyos;21/04/2025;5;2000;500;9500;3500;Transferencia
VEN03128;CLI007;10045;ALAMBRE CENTELSA N 10 ROJO;Milena Restrepo;13/03/2026;10;2000;0;20000;8000;Transferencia
VEN03129;CLI095;10047;ALAMBRE CENTELSA N 12 AMARILLO;Carlos Mario Hoyos;13/04/2025;5;2000;500;9500;3500;Efectivo
VEN03130;CLI155;10879;ADAPTADOR MACHO 1/2 X 16MM PE AL PE;Milena Restrepo;7/07/2025;2;2000;0;4000;1600;Efectivo
VEN03131;CLI238;10063;ALICATE FOCCI 8,5 DSF-1684;Milena Restrepo;31/01/2025;1;2000;0;2000;800;Efectivo
VEN03132;CLI120;10084;AGUAMONIACO  FRASCO X 480;Milena Restrepo;30/10/2025;1;3800;0;3800;2600;Tarjeta
VEN03133;CLI272;12177;AGUJAS PISTOLA PINTAR;Carlos Mario Hoyos;11/11/2025;5;2000;0;10000;4000;Transferencia
VEN03134;CLI164;10053;ALAMBRE CENTELSA N 14 AMARILLO;Diana Tobón;16/12/2025;2;2000;0;4000;1600;Transferencia
VEN03135;CLI208;10032;ALAMBRE PUA  C14 X 350MT CORSAN;Carlos Mario Hoyos;1/01/2026;1;2000;100;1900;700;Transferencia
VEN03136;CLI043;11830;ALQUITRAN POR KILO;Milena Restrepo;1/04/2025;1;2000;0;2000;800;Transferencia
VEN03137;CLI095;10038;ALAMBRE CENTELSA N  8 NEGRO;Diana Tobón;30/03/2026;1;2000;0;2000;800;Efectivo
VEN03138;CLI071;10020;ACOPLE LAVAMANOS CARDENAS LARGO;Carlos Mario Hoyos;1/10/2025;5;2000;0;10000;4000;Transferencia
VEN03139;CLI203;10037;ALAMBRE CENTELSA N  8 BLANCO;Carlos Mario Hoyos;26/12/2025;3;2000;0;6000;2400;Efectivo
VEN03140;CLI027;10042;ALAMBRE CENTELSA N 10 AZUL;Diana Tobón;10/01/2026;5;2000;500;9500;3500;Transferencia
VEN03141;CLI181;10057;ALAMBRE CENTELSA N 14 ROJO;Diana Tobón;15/03/2025;10;2000;1000;19000;7000;Efectivo
VEN03142;CLI010;10054;ALAMBRE CENTELSA N 14 AZUL;Diana Tobón;28/02/2026;5;2000;1000;9000;3000;Efectivo
VEN03143;CLI231;10048;ALAMBRE CENTELSA N 12 AZUL;Andrés Cardona;4/11/2025;1;2000;0;2000;800;Tarjeta
VEN03144;CLI242;10021;ACOPLE LAVAMANOS GRIPLAS;Diana Tobón;14/09/2025;2;2000;0;4000;1600;Transferencia
VEN03145;CLI143;10879;ADAPTADOR MACHO 1/2 X 16MM PE AL PE;Carlos Mario Hoyos;27/08/2025;1;2000;200;1800;600;Tarjeta
VEN03146;CLI093;10064;ALICATE STANLEY N 8 84-023;Carlos Mario Hoyos;14/01/2026;2;2000;200;3800;1400;Transferencia
VEN03147;CLI226;12242;ACOPLE SAMURAY PREMIER AMARILLO;Andrés Cardona;16/09/2025;3;2000;0;6000;2400;Efectivo
VEN03148;CLI153;11702;"ADAPTADOR MACHO DE 1"" LEO";Diana Tobón;14/02/2025;2;2000;0;4000;1600;Efectivo
VEN03149;CLI266;10004;ABRAZADERA TITAN 7/16A25/32 - 1/2 10-06;Andrés Cardona;8/10/2025;10;2000;0;20000;8000;Tarjeta
VEN03150;CLI288;10061;ALICATE 6 NARANJA DSF-6049;Carlos Mario Hoyos;4/12/2025;2;2000;0;4000;1600;Tarjeta
VEN03151;CLI022;10030;AEROGRAFO X 150 ML ABANICO HOPEX F2;Andrés Cardona;3/08/2025;10;2000;0;20000;8000;Efectivo
VEN03152;CLI064;10019;ACOPLE LAVAMANO CORTO  CARDENAS;Milena Restrepo;17/09/2025;5;2000;0;10000;4000;Tarjeta
VEN03153;CLI228;10047;ALAMBRE CENTELSA N 12 AMARILLO;Diana Tobón;11/02/2025;2;2000;0;4000;1600;Efectivo
VEN03154;CLI015;10026;ACRONAL  DE GALON;Carlos Mario Hoyos;30/03/2026;2;2000;0;4000;1600;Efectivo
VEN03155;CLI086;10987;AGUA STOP PINES SAPITO GERFOR 580051;Milena Restrepo;12/07/2025;1;2000;0;2000;800;Efectivo
VEN03156;CLI083;12188;ACOPLE RAPIDO PISTOLA X 2 DORADO DSF-6035;Andrés Cardona;8/04/2025;3;2000;0;6000;2400;Efectivo
VEN03157;CLI213;10008;ABRAZADERA TITAN 1A19/16 40-20;Carlos Mario Hoyos;26/04/2026;3;2000;0;6000;2400;Efectivo
VEN03158;CLI130;10036;ALAMBRE CENTELSA N  8 AZUL;Milena Restrepo;17/01/2026;1;2000;0;2000;800;Transferencia
VEN03159;CLI220;10054;ALAMBRE CENTELSA N 14 AZUL;Andrés Cardona;10/04/2026;2;2000;0;4000;1600;Transferencia
VEN03160;CLI173;10052;ALAMBRE CENTELSA N 12 VERDE;Milena Restrepo;26/03/2026;3;2000;0;6000;2400;Efectivo
VEN03161;CLI104;10050;ALAMBRE CENTELSA N 12 NEGRO;Diana Tobón;30/11/2025;3;2000;0;6000;2400;Efectivo
VEN03162;CLI163;10034;ALAMBRE PUA C16 X 400MT CORSAN;Milena Restrepo;10/12/2025;2;2000;0;4000;1600;Efectivo
VEN03163;CLI139;10028;AEROGRAFO LAPICERO X 4 HOPEX PROFESI;Carlos Mario Hoyos;13/02/2025;10;2000;0;20000;8000;Transferencia
VEN03164;CLI255;12240;ACOPLE PASTA SAMURAY ECONOMICO;Andrés Cardona;26/03/2025;3;2000;0;6000;2400;Efectivo
VEN03165;CLI051;10735;ADAPTADOR DE ESPIGO A ROSCA DE 1/2;Diana Tobón;19/04/2026;10;2000;0;20000;8000;Transferencia
VEN03166;CLI005;10001;ABRAZADERA 1/2 ECONOMICA;Andrés Cardona;18/05/2025;3;2000;0;6000;2400;Efectivo
VEN03167;CLI300;10053;ALAMBRE CENTELSA N 14 AMARILLO;Diana Tobón;3/05/2026;1;2000;0;2000;800;Efectivo
VEN03168;CLI121;10040;ALAMBRE CENTELSA N  8 VERDE;Milena Restrepo;22/10/2025;1;2000;0;2000;800;Transferencia
VEN03169;CLI255;11058;ACOPLE SANITARIO GRIVAL 40 CMS;Andrés Cardona;13/03/2026;2;2000;0;4000;1600;Tarjeta
VEN03170;CLI087;11698;"ADAPTADOR HEMBRA  1/2"" LEO PRECION";Milena Restrepo;19/05/2025;3;2000;600;5400;1800;Tarjeta
VEN03171;CLI025;10037;ALAMBRE CENTELSA N  8 BLANCO;Diana Tobón;20/05/2025;3;2000;600;5400;1800;Tarjeta
VEN03172;CLI201;10027;AEROGRAFO F75 400 ML DSF-1499;Andrés Cardona;4/11/2025;10;2000;0;20000;8000;Efectivo
VEN03173;CLI112;12187;ACOPLE RAPIDO PISTOLA PINTAR;Carlos Mario Hoyos;1/03/2026;5;2000;0;10000;4000;Efectivo
VEN03174;CLI257;10032;ALAMBRE PUA  C14 X 350MT CORSAN;Andrés Cardona;22/01/2025;2;2000;0;4000;1600;Transferencia
VEN03175;CLI147;10028;AEROGRAFO LAPICERO X 4 HOPEX PROFESI;Andrés Cardona;7/02/2025;10;2000;0;20000;8000;Tarjeta
VEN03176;CLI187;10018;ACIDO CORRIENTE X 480;Carlos Mario Hoyos;3/05/2025;10;2000;2000;18000;6000;Transferencia
VEN03177;CLI011;10016;ACEITE USA1 X 30 CC;Andrés Cardona;31/05/2025;5;2000;0;10000;4000;Tarjeta
VEN03178;CLI242;10046;ALAMBRE CENTELSA N 10 VERDE;Diana Tobón;13/07/2025;5;2000;0;10000;4000;Efectivo
VEN03179;CLI261;10005;ABRAZADERA TITAN 1/2A3/4  40-06;Milena Restrepo;6/08/2025;10;2000;0;20000;8000;Tarjeta
VEN03180;CLI031;10879;ADAPTADOR MACHO 1/2 X 16MM PE AL PE;Diana Tobón;16/10/2025;10;2000;0;20000;8000;Transferencia
VEN03181;CLI120;10056;ALAMBRE CENTELSA N 14 NEGRO;Andrés Cardona;25/12/2025;2;2000;0;4000;1600;Transferencia
VEN03182;CLI057;10047;ALAMBRE CENTELSA N 12 AMARILLO;Carlos Mario Hoyos;8/05/2025;1;2000;0;2000;800;Transferencia
VEN03183;CLI283;11703;"ADAPTADOR MACHO DE 11/2"" PVC LEO";Carlos Mario Hoyos;20/03/2025;1;2000;0;2000;800;Tarjeta
VEN03184;CLI210;10011;ABRAZADERA TITAN 13/4A21/2  40-32;Diana Tobón;22/09/2025;2;2000;0;4000;1600;Transferencia
VEN03185;CLI148;11057;ACOPLE LAVAMANOS GRIVAL 40CMS;Andrés Cardona;14/12/2025;10;2000;0;20000;8000;Transferencia
VEN03186;CLI232;10987;AGUA STOP PINES SAPITO GERFOR 580051;Diana Tobón;10/10/2025;2;2000;0;4000;1600;Efectivo
VEN03187;CLI002;10008;ABRAZADERA TITAN 1A19/16 40-20;Carlos Mario Hoyos;8/10/2025;1;2000;0;2000;800;Transferencia
VEN03188;CLI282;10041;ALAMBRE CENTELSA N 10 AMARILLO;Diana Tobón;11/07/2025;1;2000;100;1900;700;Efectivo
VEN03189;CLI062;12187;ACOPLE RAPIDO PISTOLA PINTAR;Diana Tobón;24/07/2025;1;2000;0;2000;800;Tarjeta
VEN03190;CLI062;10004;ABRAZADERA TITAN 7/16A25/32 - 1/2 10-06;Carlos Mario Hoyos;22/05/2025;2;2000;0;4000;1600;Transferencia
VEN03191;CLI268;10033;ALAMBRE PUA C16 X 200MT CORSAN;Carlos Mario Hoyos;27/10/2025;3;2000;0;6000;2400;Transferencia
VEN03192;CLI144;10024;ACOPLE SANITARIO GRIPLAS;Carlos Mario Hoyos;6/04/2026;2;2000;0;4000;1600;Tarjeta
VEN03193;CLI068;10084;AGUAMONIACO  FRASCO X 480;Carlos Mario Hoyos;24/08/2025;10;3800;0;38000;26000;Efectivo
VEN03194;CLI181;10049;ALAMBRE CENTELSA N 12 BLANCO;Diana Tobón;28/02/2026;2;2000;0;4000;1600;Efectivo
VEN03195;CLI183;10061;ALICATE 6 NARANJA DSF-6049;Diana Tobón;5/06/2025;5;2000;0;10000;4000;Transferencia
VEN03196;CLI142;10056;ALAMBRE CENTELSA N 14 NEGRO;Carlos Mario Hoyos;9/12/2025;5;2000;0;10000;4000;Efectivo
VEN03197;CLI041;10060;ALICATE  BICOLOR N 8;Milena Restrepo;12/12/2025;10;2000;0;20000;8000;Efectivo
VEN03198;CLI202;10005;ABRAZADERA TITAN 1/2A3/4  40-06;Andrés Cardona;13/01/2025;5;2000;0;10000;4000;Transferencia
VEN03199;CLI126;10021;ACOPLE LAVAMANOS GRIPLAS;Diana Tobón;22/02/2025;2;2000;0;4000;1600;Transferencia
VEN03200;CLI217;10061;ALICATE 6 NARANJA DSF-6049;Andrés Cardona;10/04/2025;1;2000;0;2000;800;Transferencia
VEN03201;CLI103;10044;ALAMBRE CENTELSA N 10 NEGRO;Andrés Cardona;22/03/2026;3;2000;300;5700;2100;Efectivo
VEN03202;CLI291;10064;ALICATE STANLEY N 8 84-023;Diana Tobón;10/02/2025;10;2000;0;20000;8000;Efectivo
VEN03203;CLI069;12596;ADAPTADOR DE 1/2 EMT;Diana Tobón;7/04/2026;1;2000;0;2000;800;Efectivo
VEN03204;CLI093;11060;AGUA STOP PASTA GRIVAL;Diana Tobón;25/03/2026;1;2000;100;1900;700;Tarjeta
VEN03205;CLI111;10047;ALAMBRE CENTELSA N 12 AMARILLO;Milena Restrepo;27/10/2025;1;2000;0;2000;800;Transferencia
VEN03206;CLI066;10062;ALICATE 8 NARANJA DSF-6050;Diana Tobón;30/04/2026;10;2000;0;20000;8000;Transferencia
VEN03207;CLI145;12597;ADAPTADOR DE 3/4 EMT;Carlos Mario Hoyos;1/10/2025;10;2000;1000;19000;7000;Efectivo
VEN03208;CLI104;11057;ACOPLE LAVAMANOS GRIVAL 40CMS;Milena Restrepo;14/03/2025;1;2000;0;2000;800;Tarjeta
VEN03209;CLI180;10035;ALAMBRE CENTELSA N  8 AMARILLO;Andrés Cardona;27/04/2026;1;2000;0;2000;800;Efectivo
VEN03210;CLI161;11696;ADAPTADOR PVC ALARGE 1/2 X 3/8;Carlos Mario Hoyos;20/11/2025;2;2000;0;4000;1600;Tarjeta
VEN03211;CLI154;10003;ABRAZADERA TITAN 5/16A5/8 - 3/8  10-04;Carlos Mario Hoyos;3/03/2025;2;2000;0;4000;1600;Transferencia
VEN03212;CLI300;10061;ALICATE 6 NARANJA DSF-6049;Milena Restrepo;23/11/2025;1;2000;0;2000;800;Efectivo
VEN03213;CLI167;10055;ALAMBRE CENTELSA N 14 BLANCO;Milena Restrepo;17/06/2025;1;2000;0;2000;800;Efectivo
VEN03214;CLI283;10043;ALAMBRE CENTELSA N 10 BLANCO;Diana Tobón;10/03/2026;3;2000;0;6000;2400;Tarjeta
VEN03215;CLI208;10064;ALICATE STANLEY N 8 84-023;Milena Restrepo;24/01/2026;5;2000;0;10000;4000;Efectivo
VEN03216;CLI004;10005;ABRAZADERA TITAN 1/2A3/4  40-06;Andrés Cardona;27/09/2025;5;2000;500;9500;3500;Efectivo
VEN03217;CLI013;10013;ABRAZADERA TITAN 23/8A31/8  40-40;Milena Restrepo;10/02/2025;5;2000;0;10000;4000;Efectivo
VEN03218;CLI274;12187;ACOPLE RAPIDO PISTOLA PINTAR;Andrés Cardona;16/10/2025;3;2000;0;6000;2400;Tarjeta
VEN03219;CLI172;10878;ADAPTADOR HEMBRA 1/2 X 16MM PE AL PE;Carlos Mario Hoyos;14/08/2025;5;10800;0;54000;48000;Efectivo
VEN03220;CLI250;10060;ALICATE  BICOLOR N 8;Diana Tobón;15/04/2025;1;2000;0;2000;800;Transferencia
VEN03221;CLI149;10735;ADAPTADOR DE ESPIGO A ROSCA DE 1/2;Carlos Mario Hoyos;18/09/2025;2;2000;0;4000;1600;Efectivo
VEN03222;CLI228;12595;ADAPTADOR DE 1 EMT;Andrés Cardona;12/05/2026;1;2000;0;2000;800;Transferencia
VEN03223;CLI199;10061;ALICATE 6 NARANJA DSF-6049;Milena Restrepo;20/05/2025;10;2000;0;20000;8000;Tarjeta
VEN03224;CLI232;11830;ALQUITRAN POR KILO;Diana Tobón;24/04/2026;5;2000;0;10000;4000;Tarjeta
VEN03225;CLI074;11704;"ADAPTADOR MACHO DE 2"" PVC LEO";Milena Restrepo;28/03/2026;3;2000;300;5700;2100;Efectivo
VEN03226;CLI133;11701;"ADAPTADOR MACHO DE 3/4"" PVC LEO";Diana Tobón;13/01/2025;1;2000;0;2000;800;Tarjeta
VEN03227;CLI237;10055;ALAMBRE CENTELSA N 14 BLANCO;Milena Restrepo;21/01/2025;2;2000;0;4000;1600;Tarjeta
VEN03228;CLI020;10035;ALAMBRE CENTELSA N  8 AMARILLO;Diana Tobón;23/05/2025;3;2000;0;6000;2400;Efectivo
VEN03229;CLI244;10063;ALICATE FOCCI 8,5 DSF-1684;Milena Restrepo;17/06/2025;1;2000;0;2000;800;Efectivo
VEN03230;CLI255;10060;ALICATE  BICOLOR N 8;Carlos Mario Hoyos;16/01/2025;1;2000;0;2000;800;Transferencia
VEN03231;CLI092;10022;ACOPLE SANITARIO CARDENAS LARGO;Carlos Mario Hoyos;22/08/2025;10;2000;2000;18000;6000;Efectivo
VEN03232;CLI274;10012;ABRAZADERA TITAN  2A2-3/8 40-36;Andrés Cardona;28/02/2025;2;2000;0;4000;1600;Transferencia
VEN03233;CLI023;11072;ACOPLE SANITARIO GRIVAL LARGO 55;Carlos Mario Hoyos;3/01/2026;10;2000;0;20000;8000;Transferencia
VEN03234;CLI074;10084;AGUAMONIACO  FRASCO X 480;Milena Restrepo;2/04/2025;10;3800;1900;36100;24100;Transferencia
VEN03235;CLI297;11704;"ADAPTADOR MACHO DE 2"" PVC LEO";Carlos Mario Hoyos;23/03/2025;1;2000;0;2000;800;Transferencia
VEN03236;CLI099;10026;ACRONAL  DE GALON;Andrés Cardona;29/05/2025;10;2000;0;20000;8000;Transferencia
VEN03237;CLI144;11058;ACOPLE SANITARIO GRIVAL 40 CMS;Carlos Mario Hoyos;4/03/2026;1;2000;0;2000;800;Efectivo
VEN03238;CLI147;10055;ALAMBRE CENTELSA N 14 BLANCO;Andrés Cardona;20/02/2025;1;2000;0;2000;800;Transferencia
VEN03239;CLI263;11699;ADAPTADOR HEMBRA DE 3/4 PVC LEO;Milena Restrepo;21/02/2026;10;2000;2000;18000;6000;Transferencia
VEN03240;CLI211;12177;AGUJAS PISTOLA PINTAR;Carlos Mario Hoyos;14/04/2025;1;2000;0;2000;800;Efectivo
VEN03241;CLI005;10031;ALAMBRE PUA C 14 X 500MT;Diana Tobón;11/03/2025;3;2000;0;6000;2400;Tarjeta
VEN03242;CLI156;10013;ABRAZADERA TITAN 23/8A31/8  40-40;Diana Tobón;30/06/2025;3;2000;0;6000;2400;Transferencia
VEN03243;CLI233;10005;ABRAZADERA TITAN 1/2A3/4  40-06;Carlos Mario Hoyos;9/10/2025;5;2000;500;9500;3500;Efectivo
VEN03244;CLI128;11060;AGUA STOP PASTA GRIVAL;Carlos Mario Hoyos;27/02/2026;2;2000;0;4000;1600;Transferencia
VEN03245;CLI205;10031;ALAMBRE PUA C 14 X 500MT;Andrés Cardona;6/09/2025;2;2000;200;3800;1400;Transferencia
VEN03246;CLI157;10021;ACOPLE LAVAMANOS GRIPLAS;Milena Restrepo;2/02/2026;2;2000;0;4000;1600;Efectivo
VEN03247;CLI216;10024;ACOPLE SANITARIO GRIPLAS;Andrés Cardona;25/08/2025;1;2000;0;2000;800;Efectivo
VEN03248;CLI056;10049;ALAMBRE CENTELSA N 12 BLANCO;Milena Restrepo;7/05/2025;5;2000;0;10000;4000;Efectivo
VEN03249;CLI233;11704;"ADAPTADOR MACHO DE 2"" PVC LEO";Andrés Cardona;20/02/2026;1;2000;0;2000;800;Efectivo
VEN03250;CLI127;10021;ACOPLE LAVAMANOS GRIPLAS;Diana Tobón;14/08/2025;1;2000;0;2000;800;Tarjeta
VEN03251;CLI012;10057;ALAMBRE CENTELSA N 14 ROJO;Diana Tobón;23/04/2026;3;2000;300;5700;2100;Tarjeta
VEN03252;CLI174;10017;ACEITE USA1 X 70 CC;Carlos Mario Hoyos;27/02/2025;2;2000;0;4000;1600;Tarjeta
VEN03253;CLI023;11058;ACOPLE SANITARIO GRIVAL 40 CMS;Diana Tobón;12/05/2025;2;2000;0;4000;1600;Tarjeta
VEN03254;CLI275;10735;ADAPTADOR DE ESPIGO A ROSCA DE 1/2;Carlos Mario Hoyos;2/07/2025;3;2000;0;6000;2400;Transferencia
VEN03255;CLI210;10045;ALAMBRE CENTELSA N 10 ROJO;Diana Tobón;17/03/2026;1;2000;0;2000;800;Efectivo
VEN03256;CLI101;10084;AGUAMONIACO  FRASCO X 480;Carlos Mario Hoyos;27/05/2025;5;3800;0;19000;13000;Tarjeta
VEN03257;CLI116;10001;ABRAZADERA 1/2 ECONOMICA;Carlos Mario Hoyos;7/10/2025;10;2000;0;20000;8000;Tarjeta
VEN03258;CLI267;12596;ADAPTADOR DE 1/2 EMT;Milena Restrepo;16/05/2025;3;2000;0;6000;2400;Efectivo
VEN03259;CLI126;10029;AEROGRAFO X 125 ML CHORRO DSF-1505 K3;Milena Restrepo;9/11/2025;3;2000;0;6000;2400;Transferencia
VEN03260;CLI184;10036;ALAMBRE CENTELSA N  8 AZUL;Carlos Mario Hoyos;4/04/2025;5;2000;500;9500;3500;Transferencia
VEN03261;CLI209;10004;ABRAZADERA TITAN 7/16A25/32 - 1/2 10-06;Andrés Cardona;4/04/2025;10;2000;0;20000;8000;Transferencia
VEN03262;CLI258;10021;ACOPLE LAVAMANOS GRIPLAS;Andrés Cardona;12/02/2025;10;2000;0;20000;8000;Transferencia
VEN03263;CLI246;10046;ALAMBRE CENTELSA N 10 VERDE;Diana Tobón;5/08/2025;3;2000;0;6000;2400;Transferencia
VEN03264;CLI184;11700;"ADAPTADOR MACHO DE 1/2"" PVC LEO";Andrés Cardona;24/11/2025;2;2000;0;4000;1600;Efectivo
VEN03265;CLI256;10055;ALAMBRE CENTELSA N 14 BLANCO;Diana Tobón;6/08/2025;5;2000;0;10000;4000;Transferencia
VEN03266;CLI014;11701;"ADAPTADOR MACHO DE 3/4"" PVC LEO";Milena Restrepo;22/01/2025;2;2000;0;4000;1600;Tarjeta
VEN03267;CLI024;10032;ALAMBRE PUA  C14 X 350MT CORSAN;Andrés Cardona;7/09/2025;10;2000;2000;18000;6000;Tarjeta
VEN03268;CLI045;10878;ADAPTADOR HEMBRA 1/2 X 16MM PE AL PE;Diana Tobón;5/02/2025;3;10800;0;32400;28800;Tarjeta
VEN03269;CLI155;10028;AEROGRAFO LAPICERO X 4 HOPEX PROFESI;Milena Restrepo;24/01/2025;3;2000;0;6000;2400;Efectivo
VEN03270;CLI223;11685;ACOPLE CAUCHO SUELTO LICUADORA OSTER;Andrés Cardona;12/10/2025;1;2000;0;2000;800;Efectivo
VEN03271;CLI051;11703;"ADAPTADOR MACHO DE 11/2"" PVC LEO";Carlos Mario Hoyos;6/03/2026;3;2000;0;6000;2400;Tarjeta
VEN03272;CLI154;11941;AGUA STOP AHORRADOR PLASTIG;Andrés Cardona;15/07/2025;10;2000;0;20000;8000;Transferencia
VEN03273;CLI172;11059;AGUA STOP CAUCHO GRIVAL;Diana Tobón;24/01/2026;3;2000;300;5700;2100;Transferencia
VEN03274;CLI087;10021;ACOPLE LAVAMANOS GRIPLAS;Carlos Mario Hoyos;22/10/2025;1;2000;0;2000;800;Transferencia
VEN03275;CLI202;12187;ACOPLE RAPIDO PISTOLA PINTAR;Milena Restrepo;12/03/2026;2;2000;0;4000;1600;Transferencia
VEN03276;CLI136;10008;ABRAZADERA TITAN 1A19/16 40-20;Milena Restrepo;2/04/2026;10;2000;0;20000;8000;Tarjeta
VEN03277;CLI168;10057;ALAMBRE CENTELSA N 14 ROJO;Carlos Mario Hoyos;11/09/2025;1;2000;0;2000;800;Efectivo
VEN03278;CLI260;10025;ACRONAL  DE 1/4;Andrés Cardona;13/09/2025;1;2000;0;2000;800;Tarjeta
VEN03279;CLI055;10043;ALAMBRE CENTELSA N 10 BLANCO;Carlos Mario Hoyos;16/02/2026;1;2000;0;2000;800;Transferencia
VEN03280;CLI224;10064;ALICATE STANLEY N 8 84-023;Diana Tobón;15/10/2025;5;2000;0;10000;4000;Transferencia
VEN03281;CLI005;10062;ALICATE 8 NARANJA DSF-6050;Milena Restrepo;2/04/2025;1;2000;0;2000;800;Tarjeta
VEN03282;CLI136;10031;ALAMBRE PUA C 14 X 500MT;Milena Restrepo;14/02/2026;1;2000;0;2000;800;Tarjeta
VEN03283;CLI016;10031;ALAMBRE PUA C 14 X 500MT;Andrés Cardona;14/02/2026;3;2000;0;6000;2400;Transferencia
VEN03284;CLI144;11685;ACOPLE CAUCHO SUELTO LICUADORA OSTER;Carlos Mario Hoyos;3/02/2026;10;2000;0;20000;8000;Efectivo
VEN03285;CLI261;12187;ACOPLE RAPIDO PISTOLA PINTAR;Diana Tobón;13/05/2026;10;2000;0;20000;8000;Tarjeta
VEN03286;CLI135;10063;ALICATE FOCCI 8,5 DSF-1684;Diana Tobón;16/02/2026;1;2000;0;2000;800;Tarjeta
VEN03287;CLI274;11058;ACOPLE SANITARIO GRIVAL 40 CMS;Carlos Mario Hoyos;20/09/2025;10;2000;0;20000;8000;Transferencia
VEN03288;CLI254;10036;ALAMBRE CENTELSA N  8 AZUL;Andrés Cardona;16/08/2025;5;2000;0;10000;4000;Transferencia
VEN03289;CLI007;10052;ALAMBRE CENTELSA N 12 VERDE;Carlos Mario Hoyos;25/09/2025;2;2000;0;4000;1600;Tarjeta
VEN03290;CLI070;10061;ALICATE 6 NARANJA DSF-6049;Milena Restrepo;14/07/2025;5;2000;0;10000;4000;Transferencia
VEN03291;CLI105;11699;ADAPTADOR HEMBRA DE 3/4 PVC LEO;Diana Tobón;31/07/2025;2;2000;0;4000;1600;Transferencia
VEN03292;CLI152;12187;ACOPLE RAPIDO PISTOLA PINTAR;Milena Restrepo;1/11/2025;1;2000;100;1900;700;Transferencia
VEN03293;CLI107;11830;ALQUITRAN POR KILO;Milena Restrepo;25/11/2025;10;2000;0;20000;8000;Efectivo
VEN03294;CLI163;11059;AGUA STOP CAUCHO GRIVAL;Diana Tobón;24/05/2025;10;2000;0;20000;8000;Tarjeta
VEN03295;CLI077;10021;ACOPLE LAVAMANOS GRIPLAS;Andrés Cardona;25/04/2025;3;2000;0;6000;2400;Tarjeta
VEN03296;CLI119;10005;ABRAZADERA TITAN 1/2A3/4  40-06;Andrés Cardona;12/04/2025;3;2000;0;6000;2400;Tarjeta
VEN03297;CLI159;10029;AEROGRAFO X 125 ML CHORRO DSF-1505 K3;Andrés Cardona;23/11/2025;3;2000;0;6000;2400;Efectivo
VEN03298;CLI128;10735;ADAPTADOR DE ESPIGO A ROSCA DE 1/2;Diana Tobón;25/11/2025;2;2000;0;4000;1600;Tarjeta
VEN03299;CLI064;10022;ACOPLE SANITARIO CARDENAS LARGO;Diana Tobón;16/08/2025;5;2000;0;10000;4000;Tarjeta
VEN03300;CLI008;11071;ACOPLE LAVAMANOS GRIVAL LARGO 60;Carlos Mario Hoyos;15/11/2025;2;2000;0;4000;1600;Efectivo
VEN03301;CLI200;10084;AGUAMONIACO  FRASCO X 480;Carlos Mario Hoyos;12/02/2026;3;3800;0;11400;7800;Transferencia
VEN03302;CLI262;10028;AEROGRAFO LAPICERO X 4 HOPEX PROFESI;Carlos Mario Hoyos;24/08/2025;10;2000;0;20000;8000;Transferencia
VEN03303;CLI154;10042;ALAMBRE CENTELSA N 10 AZUL;Milena Restrepo;2/08/2025;5;2000;500;9500;3500;Efectivo
VEN03304;CLI039;10051;ALAMBRE CENTELSA N 12 ROJO;Milena Restrepo;18/05/2025;10;2000;0;20000;8000;Efectivo
VEN03305;CLI219;10029;AEROGRAFO X 125 ML CHORRO DSF-1505 K3;Milena Restrepo;12/12/2025;1;2000;0;2000;800;Efectivo
VEN03306;CLI266;12595;ADAPTADOR DE 1 EMT;Diana Tobón;31/07/2025;1;2000;0;2000;800;Transferencia
VEN03307;CLI150;10084;AGUAMONIACO  FRASCO X 480;Andrés Cardona;7/04/2025;10;3800;0;38000;26000;Transferencia
VEN03308;CLI224;10034;ALAMBRE PUA C16 X 400MT CORSAN;Andrés Cardona;28/04/2026;1;2000;0;2000;800;Efectivo
VEN03309;CLI297;11943;AGUA STOP PLASTGRIFOS;Diana Tobón;16/05/2025;5;2000;0;10000;4000;Tarjeta
VEN03310;CLI197;10056;ALAMBRE CENTELSA N 14 NEGRO;Andrés Cardona;7/03/2026;2;2000;0;4000;1600;Transferencia
VEN03311;CLI078;10003;ABRAZADERA TITAN 5/16A5/8 - 3/8  10-04;Carlos Mario Hoyos;19/10/2025;1;2000;0;2000;800;Tarjeta
VEN03312;CLI155;10061;ALICATE 6 NARANJA DSF-6049;Andrés Cardona;31/08/2025;1;2000;100;1900;700;Tarjeta
VEN03313;CLI299;11830;ALQUITRAN POR KILO;Carlos Mario Hoyos;19/02/2025;1;2000;0;2000;800;Tarjeta
VEN03314;CLI044;11942;AGUA STOP CAUCHO GRIPLAS;Andrés Cardona;5/02/2026;1;2000;0;2000;800;Efectivo
VEN03315;CLI075;12187;ACOPLE RAPIDO PISTOLA PINTAR;Diana Tobón;21/11/2025;1;2000;0;2000;800;Efectivo
VEN03316;CLI295;10048;ALAMBRE CENTELSA N 12 AZUL;Milena Restrepo;20/05/2025;10;2000;1000;19000;7000;Efectivo
VEN03317;CLI202;10020;ACOPLE LAVAMANOS CARDENAS LARGO;Andrés Cardona;11/11/2025;2;2000;200;3800;1400;Transferencia
VEN03318;CLI025;12596;ADAPTADOR DE 1/2 EMT;Andrés Cardona;12/01/2026;10;2000;0;20000;8000;Tarjeta
VEN03319;CLI033;11704;"ADAPTADOR MACHO DE 2"" PVC LEO";Diana Tobón;24/01/2026;1;2000;100;1900;700;Efectivo
VEN03320;CLI024;10042;ALAMBRE CENTELSA N 10 AZUL;Carlos Mario Hoyos;6/10/2025;3;2000;0;6000;2400;Transferencia
VEN03321;CLI261;10028;AEROGRAFO LAPICERO X 4 HOPEX PROFESI;Milena Restrepo;2/04/2026;2;2000;0;4000;1600;Tarjeta
VEN03322;CLI017;10042;ALAMBRE CENTELSA N 10 AZUL;Andrés Cardona;5/04/2026;3;2000;0;6000;2400;Transferencia
VEN03323;CLI210;10021;ACOPLE LAVAMANOS GRIPLAS;Diana Tobón;23/02/2026;1;2000;0;2000;800;Transferencia
VEN03324;CLI247;10006;ABRAZADERA TITAN 3/4A1 40-12;Milena Restrepo;15/04/2026;1;2000;100;1900;700;Transferencia
VEN03325;CLI294;10015;ABRAZADERA TITAN 31/2A45/16 40-56;Diana Tobón;11/10/2025;5;2000;500;9500;3500;Transferencia
VEN03326;CLI217;12240;ACOPLE PASTA SAMURAY ECONOMICO;Andrés Cardona;24/08/2025;5;2000;1000;9000;3000;Tarjeta
VEN03327;CLI224;12188;ACOPLE RAPIDO PISTOLA X 2 DORADO DSF-6035;Milena Restrepo;15/06/2025;10;2000;1000;19000;7000;Tarjeta
VEN03328;CLI159;11830;ALQUITRAN POR KILO;Milena Restrepo;22/01/2025;2;2000;200;3800;1400;Tarjeta
VEN03329;CLI277;11696;ADAPTADOR PVC ALARGE 1/2 X 3/8;Diana Tobón;30/10/2025;1;2000;0;2000;800;Efectivo
VEN03330;CLI133;10033;ALAMBRE PUA C16 X 200MT CORSAN;Carlos Mario Hoyos;2/01/2025;5;2000;0;10000;4000;Efectivo
VEN03331;CLI016;11830;ALQUITRAN POR KILO;Carlos Mario Hoyos;15/04/2026;5;2000;500;9500;3500;Efectivo
VEN03332;CLI299;10008;ABRAZADERA TITAN 1A19/16 40-20;Carlos Mario Hoyos;23/02/2026;3;2000;0;6000;2400;Efectivo
VEN03333;CLI205;11701;"ADAPTADOR MACHO DE 3/4"" PVC LEO";Carlos Mario Hoyos;5/04/2026;1;2000;0;2000;800;Tarjeta
VEN03334;CLI063;10037;ALAMBRE CENTELSA N  8 BLANCO;Milena Restrepo;2/02/2026;10;2000;0;20000;8000;Efectivo
VEN03335;CLI272;10084;AGUAMONIACO  FRASCO X 480;Diana Tobón;30/09/2025;5;3800;0;19000;13000;Tarjeta
VEN03336;CLI037;10009;ABRAZADERA TITAN 11/8A17/8  40-24;Carlos Mario Hoyos;12/03/2025;3;2000;300;5700;2100;Transferencia
VEN03337;CLI062;10044;ALAMBRE CENTELSA N 10 NEGRO;Carlos Mario Hoyos;4/03/2025;2;2000;200;3800;1400;Efectivo
VEN03338;CLI078;10005;ABRAZADERA TITAN 1/2A3/4  40-06;Carlos Mario Hoyos;8/12/2025;10;2000;0;20000;8000;Efectivo
VEN03339;CLI007;10023;ACOPLE SANITARIO CORTO CARDENAS;Milena Restrepo;22/12/2025;10;2000;0;20000;8000;Efectivo
VEN03340;CLI061;12597;ADAPTADOR DE 3/4 EMT;Carlos Mario Hoyos;6/04/2026;10;2000;0;20000;8000;Tarjeta
VEN03341;CLI103;10004;ABRAZADERA TITAN 7/16A25/32 - 1/2 10-06;Diana Tobón;3/03/2026;2;2000;0;4000;1600;Tarjeta
VEN03342;CLI136;10013;ABRAZADERA TITAN 23/8A31/8  40-40;Carlos Mario Hoyos;9/02/2025;10;2000;1000;19000;7000;Efectivo
VEN03343;CLI248;10002;ABRAZADERA TITAN 5/16-15/32 10-00;Milena Restrepo;19/03/2026;10;2000;0;20000;8000;Tarjeta
VEN03344;CLI234;11685;ACOPLE CAUCHO SUELTO LICUADORA OSTER;Carlos Mario Hoyos;19/07/2025;5;2000;0;10000;4000;Efectivo
VEN03345;CLI005;10060;ALICATE  BICOLOR N 8;Diana Tobón;18/10/2025;5;2000;0;10000;4000;Efectivo
VEN03346;CLI296;11696;ADAPTADOR PVC ALARGE 1/2 X 3/8;Diana Tobón;14/05/2025;10;2000;0;20000;8000;Transferencia
VEN03347;CLI292;10010;ABRAZADERA TITAN 11/4A2 40-28;Diana Tobón;11/02/2026;3;2000;0;6000;2400;Efectivo
VEN03348;CLI008;10062;ALICATE 8 NARANJA DSF-6050;Diana Tobón;3/02/2026;5;2000;0;10000;4000;Transferencia
VEN03349;CLI006;10015;ABRAZADERA TITAN 31/2A45/16 40-56;Carlos Mario Hoyos;4/10/2025;5;2000;0;10000;4000;Tarjeta
VEN03350;CLI168;11830;ALQUITRAN POR KILO;Carlos Mario Hoyos;18/01/2025;10;2000;1000;19000;7000;Efectivo
VEN03351;CLI111;10084;AGUAMONIACO  FRASCO X 480;Milena Restrepo;14/07/2025;3;3800;570;10830;7230;Tarjeta
VEN03352;CLI297;11685;ACOPLE CAUCHO SUELTO LICUADORA OSTER;Andrés Cardona;18/03/2026;5;2000;0;10000;4000;Efectivo
VEN03353;CLI204;12187;ACOPLE RAPIDO PISTOLA PINTAR;Diana Tobón;21/08/2025;10;2000;0;20000;8000;Tarjeta
VEN03354;CLI251;10024;ACOPLE SANITARIO GRIPLAS;Andrés Cardona;10/03/2025;2;2000;0;4000;1600;Tarjeta
VEN03355;CLI262;10044;ALAMBRE CENTELSA N 10 NEGRO;Carlos Mario Hoyos;17/10/2025;5;2000;0;10000;4000;Transferencia
VEN03356;CLI043;12242;ACOPLE SAMURAY PREMIER AMARILLO;Milena Restrepo;5/05/2025;3;2000;300;5700;2100;Efectivo
VEN03357;CLI264;10019;ACOPLE LAVAMANO CORTO  CARDENAS;Milena Restrepo;28/04/2026;3;2000;0;6000;2400;Tarjeta
VEN03358;CLI066;10040;ALAMBRE CENTELSA N  8 VERDE;Milena Restrepo;2/03/2026;5;2000;0;10000;4000;Transferencia
VEN03359;CLI243;12595;ADAPTADOR DE 1 EMT;Andrés Cardona;28/09/2025;5;2000;0;10000;4000;Tarjeta
VEN03360;CLI208;10058;ALAMBRE CENTELSA N 14 VERDE;Diana Tobón;19/10/2025;2;2000;0;4000;1600;Efectivo
VEN03361;CLI259;10035;ALAMBRE CENTELSA N  8 AMARILLO;Carlos Mario Hoyos;2/05/2025;1;2000;0;2000;800;Efectivo
VEN03362;CLI101;11058;ACOPLE SANITARIO GRIVAL 40 CMS;Carlos Mario Hoyos;4/05/2025;5;2000;0;10000;4000;Tarjeta
VEN03363;CLI284;10009;ABRAZADERA TITAN 11/8A17/8  40-24;Milena Restrepo;21/01/2026;1;2000;0;2000;800;Tarjeta
VEN03364;CLI199;10039;ALAMBRE CENTELSA N  8 ROJO;Carlos Mario Hoyos;25/01/2026;5;2000;0;10000;4000;Tarjeta
VEN03365;CLI088;10050;ALAMBRE CENTELSA N 12 NEGRO;Milena Restrepo;10/05/2025;2;2000;0;4000;1600;Efectivo
VEN03366;CLI110;10035;ALAMBRE CENTELSA N  8 AMARILLO;Milena Restrepo;29/03/2025;2;2000;0;4000;1600;Efectivo
VEN03367;CLI087;10051;ALAMBRE CENTELSA N 12 ROJO;Diana Tobón;23/08/2025;1;2000;0;2000;800;Transferencia
VEN03368;CLI285;10019;ACOPLE LAVAMANO CORTO  CARDENAS;Carlos Mario Hoyos;25/03/2026;10;2000;0;20000;8000;Transferencia
VEN03369;CLI238;10004;ABRAZADERA TITAN 7/16A25/32 - 1/2 10-06;Milena Restrepo;26/06/2025;5;2000;0;10000;4000;Transferencia
VEN03370;CLI063;11699;ADAPTADOR HEMBRA DE 3/4 PVC LEO;Andrés Cardona;14/04/2026;3;2000;0;6000;2400;Tarjeta
VEN03371;CLI056;10023;ACOPLE SANITARIO CORTO CARDENAS;Carlos Mario Hoyos;15/06/2025;1;2000;0;2000;800;Transferencia
VEN03372;CLI268;10879;ADAPTADOR MACHO 1/2 X 16MM PE AL PE;Milena Restrepo;25/08/2025;1;2000;0;2000;800;Efectivo
VEN03373;CLI221;10023;ACOPLE SANITARIO CORTO CARDENAS;Diana Tobón;22/08/2025;3;2000;0;6000;2400;Tarjeta
VEN03374;CLI240;10027;AEROGRAFO F75 400 ML DSF-1499;Andrés Cardona;25/04/2026;1;2000;0;2000;800;Transferencia
VEN03375;CLI037;12177;AGUJAS PISTOLA PINTAR;Diana Tobón;6/06/2025;3;2000;0;6000;2400;Transferencia
VEN03376;CLI211;10029;AEROGRAFO X 125 ML CHORRO DSF-1505 K3;Diana Tobón;24/01/2025;10;2000;0;20000;8000;Transferencia
VEN03377;CLI080;10033;ALAMBRE PUA C16 X 200MT CORSAN;Carlos Mario Hoyos;2/12/2025;1;2000;100;1900;700;Efectivo
VEN03378;CLI001;11696;ADAPTADOR PVC ALARGE 1/2 X 3/8;Carlos Mario Hoyos;17/01/2026;1;2000;100;1900;700;Efectivo
VEN03379;CLI284;10014;ABRAZADERA TITAN 2-3/8A3-1/8  40-44;Diana Tobón;30/01/2025;3;2000;0;6000;2400;Efectivo
VEN03380;CLI162;10028;AEROGRAFO LAPICERO X 4 HOPEX PROFESI;Andrés Cardona;24/01/2025;10;2000;0;20000;8000;Tarjeta
VEN03381;CLI300;10002;ABRAZADERA TITAN 5/16-15/32 10-00;Diana Tobón;6/07/2025;2;2000;0;4000;1600;Tarjeta
VEN03382;CLI227;10033;ALAMBRE PUA C16 X 200MT CORSAN;Andrés Cardona;19/03/2026;1;2000;0;2000;800;Efectivo
VEN03383;CLI099;10002;ABRAZADERA TITAN 5/16-15/32 10-00;Milena Restrepo;6/10/2025;2;2000;0;4000;1600;Transferencia
VEN03384;CLI215;10015;ABRAZADERA TITAN 31/2A45/16 40-56;Carlos Mario Hoyos;5/07/2025;1;2000;0;2000;800;Efectivo
VEN03385;CLI206;10036;ALAMBRE CENTELSA N  8 AZUL;Diana Tobón;13/04/2025;10;2000;0;20000;8000;Efectivo
VEN03386;CLI160;12177;AGUJAS PISTOLA PINTAR;Diana Tobón;14/09/2025;3;2000;0;6000;2400;Transferencia
VEN03387;CLI135;10006;ABRAZADERA TITAN 3/4A1 40-12;Diana Tobón;26/06/2025;10;2000;0;20000;8000;Efectivo
VEN03388;CLI103;12242;ACOPLE SAMURAY PREMIER AMARILLO;Andrés Cardona;22/12/2025;1;2000;0;2000;800;Efectivo
VEN03389;CLI137;10987;AGUA STOP PINES SAPITO GERFOR 580051;Carlos Mario Hoyos;12/12/2025;1;2000;100;1900;700;Tarjeta
VEN03390;CLI078;11699;ADAPTADOR HEMBRA DE 3/4 PVC LEO;Milena Restrepo;27/11/2025;3;2000;300;5700;2100;Tarjeta
VEN03391;CLI062;11685;ACOPLE CAUCHO SUELTO LICUADORA OSTER;Carlos Mario Hoyos;8/06/2025;3;2000;0;6000;2400;Efectivo
VEN03392;CLI113;12177;AGUJAS PISTOLA PINTAR;Carlos Mario Hoyos;14/08/2025;1;2000;0;2000;800;Transferencia
VEN03393;CLI038;10058;ALAMBRE CENTELSA N 14 VERDE;Milena Restrepo;10/01/2026;1;2000;0;2000;800;Tarjeta
VEN03394;CLI244;12595;ADAPTADOR DE 1 EMT;Andrés Cardona;4/05/2025;2;2000;200;3800;1400;Transferencia
VEN03395;CLI057;10033;ALAMBRE PUA C16 X 200MT CORSAN;Diana Tobón;3/04/2026;2;2000;0;4000;1600;Transferencia
VEN03396;CLI064;10878;ADAPTADOR HEMBRA 1/2 X 16MM PE AL PE;Andrés Cardona;1/09/2025;1;10800;1080;9720;8520;Tarjeta
VEN03397;CLI115;10001;ABRAZADERA 1/2 ECONOMICA;Milena Restrepo;8/11/2025;10;2000;0;20000;8000;Tarjeta
VEN03398;CLI009;11942;AGUA STOP CAUCHO GRIPLAS;Andrés Cardona;8/02/2026;3;2000;0;6000;2400;Tarjeta
VEN03399;CLI071;10001;ABRAZADERA 1/2 ECONOMICA;Andrés Cardona;19/11/2025;2;2000;200;3800;1400;Tarjeta
VEN03400;CLI182;11059;AGUA STOP CAUCHO GRIVAL;Carlos Mario Hoyos;20/07/2025;2;2000;0;4000;1600;Efectivo
VEN03401;CLI283;12596;ADAPTADOR DE 1/2 EMT;Diana Tobón;12/04/2025;2;2000;0;4000;1600;Tarjeta
VEN03402;CLI028;10015;ABRAZADERA TITAN 31/2A45/16 40-56;Andrés Cardona;22/08/2025;3;2000;0;6000;2400;Transferencia
VEN03403;CLI177;10030;AEROGRAFO X 150 ML ABANICO HOPEX F2;Andrés Cardona;18/08/2025;5;2000;0;10000;4000;Transferencia
VEN03404;CLI118;12242;ACOPLE SAMURAY PREMIER AMARILLO;Andrés Cardona;14/09/2025;3;2000;300;5700;2100;Transferencia
VEN03405;CLI108;10037;ALAMBRE CENTELSA N  8 BLANCO;Milena Restrepo;26/01/2026;10;2000;0;20000;8000;Efectivo
VEN03406;CLI275;12595;ADAPTADOR DE 1 EMT;Milena Restrepo;14/08/2025;10;2000;0;20000;8000;Efectivo
VEN03407;CLI141;10028;AEROGRAFO LAPICERO X 4 HOPEX PROFESI;Carlos Mario Hoyos;16/03/2026;10;2000;0;20000;8000;Transferencia
VEN03408;CLI265;10042;ALAMBRE CENTELSA N 10 AZUL;Andrés Cardona;29/09/2025;5;2000;0;10000;4000;Tarjeta
VEN03409;CLI055;10014;ABRAZADERA TITAN 2-3/8A3-1/8  40-44;Carlos Mario Hoyos;26/06/2025;2;2000;0;4000;1600;Tarjeta
VEN03410;CLI250;10987;AGUA STOP PINES SAPITO GERFOR 580051;Milena Restrepo;3/05/2025;1;2000;0;2000;800;Transferencia
VEN03411;CLI194;11685;ACOPLE CAUCHO SUELTO LICUADORA OSTER;Carlos Mario Hoyos;7/10/2025;1;2000;0;2000;800;Tarjeta
VEN03412;CLI047;10025;ACRONAL  DE 1/4;Andrés Cardona;30/07/2025;5;2000;0;10000;4000;Transferencia
VEN03413;CLI190;10031;ALAMBRE PUA C 14 X 500MT;Milena Restrepo;20/01/2026;1;2000;0;2000;800;Transferencia
VEN03414;CLI070;10035;ALAMBRE CENTELSA N  8 AMARILLO;Milena Restrepo;27/07/2025;5;2000;0;10000;4000;Transferencia
VEN03415;CLI298;11060;AGUA STOP PASTA GRIVAL;Andrés Cardona;7/12/2025;5;2000;0;10000;4000;Efectivo
VEN03416;CLI215;10987;AGUA STOP PINES SAPITO GERFOR 580051;Carlos Mario Hoyos;14/03/2025;3;2000;0;6000;2400;Efectivo
VEN03417;CLI128;10012;ABRAZADERA TITAN  2A2-3/8 40-36;Diana Tobón;3/04/2026;2;2000;0;4000;1600;Efectivo
VEN03418;CLI028;10019;ACOPLE LAVAMANO CORTO  CARDENAS;Andrés Cardona;4/04/2026;5;2000;0;10000;4000;Tarjeta
VEN03419;CLI011;10735;ADAPTADOR DE ESPIGO A ROSCA DE 1/2;Andrés Cardona;4/01/2025;3;2000;0;6000;2400;Transferencia
VEN03420;CLI096;10035;ALAMBRE CENTELSA N  8 AMARILLO;Diana Tobón;22/03/2026;5;2000;0;10000;4000;Transferencia
VEN03421;CLI023;12597;ADAPTADOR DE 3/4 EMT;Diana Tobón;12/03/2026;10;2000;1000;19000;7000;Transferencia
VEN03422;CLI118;10037;ALAMBRE CENTELSA N  8 BLANCO;Milena Restrepo;27/03/2025;1;2000;0;2000;800;Efectivo
VEN03423;CLI057;10015;ABRAZADERA TITAN 31/2A45/16 40-56;Andrés Cardona;19/06/2025;2;2000;0;4000;1600;Tarjeta
VEN03424;CLI255;10064;ALICATE STANLEY N 8 84-023;Andrés Cardona;21/08/2025;3;2000;300;5700;2100;Tarjeta
VEN03425;CLI167;11057;ACOPLE LAVAMANOS GRIVAL 40CMS;Andrés Cardona;21/01/2026;1;2000;0;2000;800;Transferencia
VEN03426;CLI047;10034;ALAMBRE PUA C16 X 400MT CORSAN;Diana Tobón;9/04/2025;1;2000;200;1800;600;Tarjeta
VEN03427;CLI099;10037;ALAMBRE CENTELSA N  8 BLANCO;Andrés Cardona;15/03/2025;1;2000;100;1900;700;Efectivo
VEN03428;CLI290;10060;ALICATE  BICOLOR N 8;Milena Restrepo;13/04/2026;10;2000;0;20000;8000;Efectivo
VEN03429;CLI128;10735;ADAPTADOR DE ESPIGO A ROSCA DE 1/2;Andrés Cardona;1/01/2026;2;2000;0;4000;1600;Tarjeta
VEN03430;CLI272;11702;"ADAPTADOR MACHO DE 1"" LEO";Andrés Cardona;5/01/2025;3;2000;300;5700;2100;Tarjeta
VEN03431;CLI263;11697;"ADAPTADOR HEMBRA DE 1"" PVC LEO";Andrés Cardona;24/09/2025;1;2000;100;1900;700;Efectivo
VEN03432;CLI175;10063;ALICATE FOCCI 8,5 DSF-1684;Diana Tobón;19/02/2025;5;2000;500;9500;3500;Tarjeta
VEN03433;CLI205;11057;ACOPLE LAVAMANOS GRIVAL 40CMS;Milena Restrepo;6/11/2025;1;2000;0;2000;800;Efectivo
VEN03434;CLI087;12178;ACOPLE RAPIDO PISTOLA PINTAR JUEGO X 5;Andrés Cardona;22/09/2025;2;2000;0;4000;1600;Efectivo
VEN03435;CLI025;10040;ALAMBRE CENTELSA N  8 VERDE;Milena Restrepo;4/03/2025;2;2000;200;3800;1400;Transferencia
VEN03436;CLI080;10021;ACOPLE LAVAMANOS GRIPLAS;Andrés Cardona;14/11/2025;10;2000;0;20000;8000;Tarjeta
VEN03437;CLI060;12177;AGUJAS PISTOLA PINTAR;Carlos Mario Hoyos;28/01/2025;10;2000;2000;18000;6000;Tarjeta
VEN03438;CLI150;10061;ALICATE 6 NARANJA DSF-6049;Milena Restrepo;6/04/2026;2;2000;0;4000;1600;Tarjeta
VEN03439;CLI091;10054;ALAMBRE CENTELSA N 14 AZUL;Andrés Cardona;1/03/2025;2;2000;0;4000;1600;Efectivo
VEN03440;CLI265;10735;ADAPTADOR DE ESPIGO A ROSCA DE 1/2;Andrés Cardona;4/05/2026;5;2000;0;10000;4000;Efectivo
VEN03441;CLI058;12187;ACOPLE RAPIDO PISTOLA PINTAR;Andrés Cardona;22/05/2025;10;2000;0;20000;8000;Tarjeta
VEN03442;CLI199;10036;ALAMBRE CENTELSA N  8 AZUL;Andrés Cardona;14/05/2026;5;2000;0;10000;4000;Efectivo
VEN03443;CLI059;10058;ALAMBRE CENTELSA N 14 VERDE;Milena Restrepo;26/02/2026;2;2000;0;4000;1600;Transferencia
VEN03444;CLI184;10054;ALAMBRE CENTELSA N 14 AZUL;Diana Tobón;12/01/2026;1;2000;100;1900;700;Efectivo
VEN03445;CLI199;10035;ALAMBRE CENTELSA N  8 AMARILLO;Andrés Cardona;4/12/2025;3;2000;0;6000;2400;Efectivo
VEN03446;CLI044;10020;ACOPLE LAVAMANOS CARDENAS LARGO;Diana Tobón;8/07/2025;3;2000;0;6000;2400;Efectivo
VEN03447;CLI017;10878;ADAPTADOR HEMBRA 1/2 X 16MM PE AL PE;Andrés Cardona;3/05/2025;1;10800;0;10800;9600;Transferencia
VEN03448;CLI043;10004;ABRAZADERA TITAN 7/16A25/32 - 1/2 10-06;Andrés Cardona;10/02/2026;10;2000;0;20000;8000;Transferencia
VEN03449;CLI073;11685;ACOPLE CAUCHO SUELTO LICUADORA OSTER;Milena Restrepo;2/05/2025;1;2000;0;2000;800;Efectivo
VEN03450;CLI253;11698;"ADAPTADOR HEMBRA  1/2"" LEO PRECION";Diana Tobón;19/09/2025;5;2000;0;10000;4000;Transferencia
VEN03451;CLI210;12241;ACOPLE SAMURAY CAUCHO ECONOMICO;Andrés Cardona;30/01/2025;2;2000;400;3600;1200;Tarjeta
VEN03452;CLI176;10029;AEROGRAFO X 125 ML CHORRO DSF-1505 K3;Milena Restrepo;13/09/2025;2;2000;0;4000;1600;Transferencia
VEN03453;CLI149;10006;ABRAZADERA TITAN 3/4A1 40-12;Milena Restrepo;3/06/2025;1;2000;0;2000;800;Tarjeta
VEN03454;CLI148;10044;ALAMBRE CENTELSA N 10 NEGRO;Andrés Cardona;23/04/2026;3;2000;0;6000;2400;Efectivo
VEN03455;CLI133;11942;AGUA STOP CAUCHO GRIPLAS;Carlos Mario Hoyos;12/03/2025;2;2000;0;4000;1600;Tarjeta
VEN03456;CLI032;10049;ALAMBRE CENTELSA N 12 BLANCO;Milena Restrepo;25/10/2025;3;2000;0;6000;2400;Tarjeta
VEN03457;CLI164;10017;ACEITE USA1 X 70 CC;Carlos Mario Hoyos;26/01/2026;2;2000;0;4000;1600;Tarjeta
VEN03458;CLI102;10036;ALAMBRE CENTELSA N  8 AZUL;Carlos Mario Hoyos;30/03/2026;2;2000;0;4000;1600;Tarjeta
VEN03459;CLI119;10986;AGUA STOP ARGOLLA GERFOR 581140;Carlos Mario Hoyos;14/11/2025;10;2000;0;20000;8000;Tarjeta
VEN03460;CLI145;10061;ALICATE 6 NARANJA DSF-6049;Diana Tobón;12/02/2025;1;2000;0;2000;800;Tarjeta
VEN03461;CLI237;12188;ACOPLE RAPIDO PISTOLA X 2 DORADO DSF-6035;Andrés Cardona;7/04/2025;10;2000;2000;18000;6000;Tarjeta
VEN03462;CLI118;10033;ALAMBRE PUA C16 X 200MT CORSAN;Diana Tobón;8/03/2026;5;2000;0;10000;4000;Transferencia
VEN03463;CLI259;10001;ABRAZADERA 1/2 ECONOMICA;Andrés Cardona;27/04/2026;1;2000;0;2000;800;Transferencia
VEN03464;CLI271;10017;ACEITE USA1 X 70 CC;Diana Tobón;29/01/2026;10;2000;0;20000;8000;Tarjeta
VEN03465;CLI189;10017;ACEITE USA1 X 70 CC;Diana Tobón;20/09/2025;10;2000;0;20000;8000;Transferencia
VEN03466;CLI184;10034;ALAMBRE PUA C16 X 400MT CORSAN;Milena Restrepo;24/08/2025;3;2000;300;5700;2100;Efectivo
VEN03467;CLI123;11943;AGUA STOP PLASTGRIFOS;Diana Tobón;4/10/2025;1;2000;0;2000;800;Transferencia
VEN03468;CLI048;12187;ACOPLE RAPIDO PISTOLA PINTAR;Diana Tobón;30/03/2026;1;2000;0;2000;800;Transferencia
VEN03469;CLI273;10033;ALAMBRE PUA C16 X 200MT CORSAN;Carlos Mario Hoyos;1/09/2025;2;2000;0;4000;1600;Tarjeta
VEN03470;CLI169;10024;ACOPLE SANITARIO GRIPLAS;Milena Restrepo;21/12/2025;1;2000;0;2000;800;Tarjeta
VEN03471;CLI276;10029;AEROGRAFO X 125 ML CHORRO DSF-1505 K3;Diana Tobón;10/07/2025;2;2000;0;4000;1600;Transferencia
VEN03472;CLI236;11701;"ADAPTADOR MACHO DE 3/4"" PVC LEO";Carlos Mario Hoyos;3/04/2026;5;2000;500;9500;3500;Tarjeta
VEN03473;CLI060;11696;ADAPTADOR PVC ALARGE 1/2 X 3/8;Diana Tobón;22/01/2025;2;2000;0;4000;1600;Efectivo
VEN03474;CLI134;10052;ALAMBRE CENTELSA N 12 VERDE;Diana Tobón;2/05/2025;3;2000;0;6000;2400;Efectivo
VEN03475;CLI198;10062;ALICATE 8 NARANJA DSF-6050;Milena Restrepo;22/12/2025;5;2000;0;10000;4000;Efectivo
VEN03476;CLI063;10021;ACOPLE LAVAMANOS GRIPLAS;Diana Tobón;20/08/2025;10;2000;2000;18000;6000;Transferencia
VEN03477;CLI050;10053;ALAMBRE CENTELSA N 14 AMARILLO;Carlos Mario Hoyos;20/07/2025;5;2000;0;10000;4000;Tarjeta
VEN03478;CLI096;10038;ALAMBRE CENTELSA N  8 NEGRO;Andrés Cardona;1/05/2025;10;2000;0;20000;8000;Efectivo
VEN03479;CLI049;10015;ABRAZADERA TITAN 31/2A45/16 40-56;Milena Restrepo;13/03/2026;2;2000;200;3800;1400;Transferencia
VEN03480;CLI096;10039;ALAMBRE CENTELSA N  8 ROJO;Diana Tobón;3/04/2025;5;2000;0;10000;4000;Tarjeta
VEN03481;CLI002;11072;ACOPLE SANITARIO GRIVAL LARGO 55;Andrés Cardona;18/04/2025;3;2000;0;6000;2400;Transferencia
VEN03482;CLI244;12597;ADAPTADOR DE 3/4 EMT;Diana Tobón;20/04/2025;3;2000;300;5700;2100;Transferencia
VEN03483;CLI089;11698;"ADAPTADOR HEMBRA  1/2"" LEO PRECION";Diana Tobón;11/05/2026;2;2000;0;4000;1600;Tarjeta
VEN03484;CLI262;10037;ALAMBRE CENTELSA N  8 BLANCO;Milena Restrepo;3/04/2026;5;2000;0;10000;4000;Efectivo
VEN03485;CLI106;10054;ALAMBRE CENTELSA N 14 AZUL;Diana Tobón;31/03/2026;10;2000;0;20000;8000;Transferencia
VEN03486;CLI003;11704;"ADAPTADOR MACHO DE 2"" PVC LEO";Diana Tobón;19/10/2025;5;2000;1000;9000;3000;Transferencia
VEN03487;CLI250;10036;ALAMBRE CENTELSA N  8 AZUL;Diana Tobón;15/03/2026;3;2000;600;5400;1800;Efectivo
VEN03488;CLI210;11703;"ADAPTADOR MACHO DE 11/2"" PVC LEO";Diana Tobón;11/04/2026;10;2000;0;20000;8000;Transferencia
VEN03489;CLI199;10031;ALAMBRE PUA C 14 X 500MT;Diana Tobón;1/04/2026;1;2000;0;2000;800;Transferencia
VEN03490;CLI249;12187;ACOPLE RAPIDO PISTOLA PINTAR;Milena Restrepo;19/12/2025;3;2000;0;6000;2400;Transferencia
VEN03491;CLI108;10009;ABRAZADERA TITAN 11/8A17/8  40-24;Diana Tobón;7/11/2025;5;2000;0;10000;4000;Efectivo
VEN03492;CLI183;10878;ADAPTADOR HEMBRA 1/2 X 16MM PE AL PE;Milena Restrepo;4/04/2026;5;10800;0;54000;48000;Tarjeta
VEN03493;CLI268;10034;ALAMBRE PUA C16 X 400MT CORSAN;Milena Restrepo;2/11/2025;2;2000;200;3800;1400;Efectivo
VEN03494;CLI200;10051;ALAMBRE CENTELSA N 12 ROJO;Diana Tobón;13/05/2026;5;2000;0;10000;4000;Tarjeta
VEN03495;CLI104;10024;ACOPLE SANITARIO GRIPLAS;Carlos Mario Hoyos;6/03/2026;3;2000;0;6000;2400;Efectivo
VEN03496;CLI048;10039;ALAMBRE CENTELSA N  8 ROJO;Milena Restrepo;30/05/2025;10;2000;1000;19000;7000;Transferencia
VEN03497;CLI298;11941;AGUA STOP AHORRADOR PLASTIG;Milena Restrepo;28/10/2025;5;2000;0;10000;4000;Tarjeta
VEN03498;CLI250;10047;ALAMBRE CENTELSA N 12 AMARILLO;Carlos Mario Hoyos;25/02/2025;10;2000;0;20000;8000;Tarjeta
VEN03499;CLI290;10028;AEROGRAFO LAPICERO X 4 HOPEX PROFESI;Andrés Cardona;17/07/2025;3;2000;0;6000;2400;Tarjeta
VEN03500;CLI237;10987;AGUA STOP PINES SAPITO GERFOR 580051;Andrés Cardona;30/12/2025;3;2000;300;5700;2100;Tarjeta
VEN03501;CLI018;10026;ACRONAL  DE GALON;Carlos Mario Hoyos;4/11/2025;10;2000;1000;19000;7000;Tarjeta
VEN03502;CLI224;12177;AGUJAS PISTOLA PINTAR;Andrés Cardona;10/05/2025;3;2000;0;6000;2400;Tarjeta
VEN03503;CLI183;10021;ACOPLE LAVAMANOS GRIPLAS;Diana Tobón;28/02/2026;3;2000;0;6000;2400;Transferencia
VEN03504;CLI081;12188;ACOPLE RAPIDO PISTOLA X 2 DORADO DSF-6035;Milena Restrepo;26/12/2025;2;2000;0;4000;1600;Efectivo
VEN03505;CLI248;10019;ACOPLE LAVAMANO CORTO  CARDENAS;Diana Tobón;8/06/2025;10;2000;0;20000;8000;Tarjeta
VEN03506;CLI063;10012;ABRAZADERA TITAN  2A2-3/8 40-36;Carlos Mario Hoyos;12/02/2025;1;2000;0;2000;800;Transferencia
VEN03507;CLI108;11685;ACOPLE CAUCHO SUELTO LICUADORA OSTER;Diana Tobón;14/05/2025;10;2000;1000;19000;7000;Tarjeta
VEN03508;CLI247;10040;ALAMBRE CENTELSA N  8 VERDE;Milena Restrepo;16/07/2025;10;2000;1000;19000;7000;Transferencia
VEN03509;CLI251;11701;"ADAPTADOR MACHO DE 3/4"" PVC LEO";Diana Tobón;24/03/2025;3;2000;0;6000;2400;Efectivo
VEN03510;CLI228;10048;ALAMBRE CENTELSA N 12 AZUL;Diana Tobón;14/02/2026;2;2000;0;4000;1600;Tarjeta
VEN03511;CLI108;10017;ACEITE USA1 X 70 CC;Andrés Cardona;12/04/2025;10;2000;1000;19000;7000;Transferencia
VEN03512;CLI166;10028;AEROGRAFO LAPICERO X 4 HOPEX PROFESI;Milena Restrepo;3/12/2025;5;2000;500;9500;3500;Tarjeta
VEN03513;CLI169;10021;ACOPLE LAVAMANOS GRIPLAS;Andrés Cardona;27/02/2026;5;2000;500;9500;3500;Tarjeta
VEN03514;CLI259;10059;ALCOHOL INDUSTRIAL X 500;Andrés Cardona;19/04/2026;3;2000;300;5700;2100;Transferencia
VEN03515;CLI183;10035;ALAMBRE CENTELSA N  8 AMARILLO;Carlos Mario Hoyos;1/09/2025;1;2000;0;2000;800;Transferencia
VEN03516;CLI279;10012;ABRAZADERA TITAN  2A2-3/8 40-36;Milena Restrepo;22/04/2026;5;2000;0;10000;4000;Transferencia
VEN03517;CLI132;10735;ADAPTADOR DE ESPIGO A ROSCA DE 1/2;Milena Restrepo;3/08/2025;10;2000;0;20000;8000;Tarjeta
VEN03518;CLI083;11704;"ADAPTADOR MACHO DE 2"" PVC LEO";Diana Tobón;20/03/2026;1;2000;200;1800;600;Transferencia
VEN03519;CLI052;10019;ACOPLE LAVAMANO CORTO  CARDENAS;Andrés Cardona;20/04/2025;10;2000;0;20000;8000;Transferencia
VEN03520;CLI211;10031;ALAMBRE PUA C 14 X 500MT;Diana Tobón;18/11/2025;2;2000;0;4000;1600;Efectivo
VEN03521;CLI126;10011;ABRAZADERA TITAN 13/4A21/2  40-32;Andrés Cardona;30/12/2025;10;2000;0;20000;8000;Efectivo
VEN03522;CLI256;10986;AGUA STOP ARGOLLA GERFOR 581140;Diana Tobón;25/02/2026;10;2000;0;20000;8000;Transferencia
VEN03523;CLI258;10879;ADAPTADOR MACHO 1/2 X 16MM PE AL PE;Diana Tobón;4/05/2025;2;2000;0;4000;1600;Tarjeta
VEN03524;CLI221;11697;"ADAPTADOR HEMBRA DE 1"" PVC LEO";Carlos Mario Hoyos;22/10/2025;5;2000;500;9500;3500;Efectivo
VEN03525;CLI154;11057;ACOPLE LAVAMANOS GRIVAL 40CMS;Diana Tobón;28/10/2025;5;2000;500;9500;3500;Transferencia
VEN03526;CLI278;11058;ACOPLE SANITARIO GRIVAL 40 CMS;Andrés Cardona;3/07/2025;2;2000;0;4000;1600;Efectivo
VEN03527;CLI183;10044;ALAMBRE CENTELSA N 10 NEGRO;Carlos Mario Hoyos;13/08/2025;5;2000;0;10000;4000;Transferencia
VEN03528;CLI164;10049;ALAMBRE CENTELSA N 12 BLANCO;Diana Tobón;8/04/2026;10;2000;0;20000;8000;Transferencia
VEN03529;CLI078;10043;ALAMBRE CENTELSA N 10 BLANCO;Milena Restrepo;27/12/2025;3;2000;0;6000;2400;Transferencia
VEN03530;CLI041;10061;ALICATE 6 NARANJA DSF-6049;Milena Restrepo;29/01/2025;2;2000;0;4000;1600;Tarjeta
VEN03531;CLI072;10041;ALAMBRE CENTELSA N 10 AMARILLO;Milena Restrepo;2/12/2025;10;2000;0;20000;8000;Transferencia
VEN03532;CLI197;11704;"ADAPTADOR MACHO DE 2"" PVC LEO";Andrés Cardona;6/06/2025;5;2000;0;10000;4000;Efectivo
VEN03533;CLI243;10015;ABRAZADERA TITAN 31/2A45/16 40-56;Andrés Cardona;15/02/2025;2;2000;0;4000;1600;Transferencia
VEN03534;CLI087;11072;ACOPLE SANITARIO GRIVAL LARGO 55;Milena Restrepo;30/05/2025;2;2000;200;3800;1400;Tarjeta
VEN03535;CLI204;10021;ACOPLE LAVAMANOS GRIPLAS;Diana Tobón;12/02/2026;1;2000;0;2000;800;Efectivo
VEN03536;CLI107;10024;ACOPLE SANITARIO GRIPLAS;Carlos Mario Hoyos;1/10/2025;1;2000;0;2000;800;Transferencia
VEN03537;CLI205;10039;ALAMBRE CENTELSA N  8 ROJO;Diana Tobón;11/07/2025;1;2000;0;2000;800;Transferencia
VEN03538;CLI055;10011;ABRAZADERA TITAN 13/4A21/2  40-32;Milena Restrepo;23/12/2025;10;2000;1000;19000;7000;Efectivo
VEN03539;CLI276;10735;ADAPTADOR DE ESPIGO A ROSCA DE 1/2;Carlos Mario Hoyos;10/11/2025;5;2000;1000;9000;3000;Tarjeta
VEN03540;CLI248;10040;ALAMBRE CENTELSA N  8 VERDE;Milena Restrepo;6/11/2025;3;2000;300;5700;2100;Transferencia
VEN03541;CLI234;11072;ACOPLE SANITARIO GRIVAL LARGO 55;Andrés Cardona;25/12/2025;10;2000;0;20000;8000;Efectivo
VEN03542;CLI283;10062;ALICATE 8 NARANJA DSF-6050;Carlos Mario Hoyos;16/04/2025;1;2000;0;2000;800;Tarjeta
VEN03543;CLI191;11703;"ADAPTADOR MACHO DE 11/2"" PVC LEO";Andrés Cardona;28/01/2025;3;2000;0;6000;2400;Efectivo
VEN03544;CLI092;10007;ABRAZADERA TITAN 29/32A1-3/8 40-16;Diana Tobón;8/10/2025;10;2000;0;20000;8000;Efectivo
VEN03545;CLI230;11696;ADAPTADOR PVC ALARGE 1/2 X 3/8;Diana Tobón;26/10/2025;2;2000;0;4000;1600;Tarjeta
VEN03546;CLI102;11699;ADAPTADOR HEMBRA DE 3/4 PVC LEO;Milena Restrepo;14/04/2025;3;2000;300;5700;2100;Efectivo
VEN03547;CLI130;10054;ALAMBRE CENTELSA N 14 AZUL;Diana Tobón;19/10/2025;3;2000;0;6000;2400;Transferencia
VEN03548;CLI165;10987;AGUA STOP PINES SAPITO GERFOR 580051;Carlos Mario Hoyos;4/02/2025;1;2000;0;2000;800;Transferencia
VEN03549;CLI091;10058;ALAMBRE CENTELSA N 14 VERDE;Andrés Cardona;9/09/2025;5;2000;0;10000;4000;Transferencia
VEN03550;CLI214;11699;ADAPTADOR HEMBRA DE 3/4 PVC LEO;Milena Restrepo;10/10/2025;2;2000;0;4000;1600;Tarjeta
VEN03551;CLI163;10064;ALICATE STANLEY N 8 84-023;Carlos Mario Hoyos;10/01/2025;3;2000;0;6000;2400;Transferencia
VEN03552;CLI104;10033;ALAMBRE PUA C16 X 200MT CORSAN;Milena Restrepo;3/10/2025;10;2000;0;20000;8000;Tarjeta
VEN03553;CLI056;10038;ALAMBRE CENTELSA N  8 NEGRO;Milena Restrepo;10/10/2025;5;2000;0;10000;4000;Tarjeta
VEN03554;CLI126;10022;ACOPLE SANITARIO CARDENAS LARGO;Diana Tobón;19/12/2025;1;2000;0;2000;800;Transferencia
VEN03555;CLI294;11685;ACOPLE CAUCHO SUELTO LICUADORA OSTER;Carlos Mario Hoyos;22/03/2025;1;2000;100;1900;700;Transferencia
VEN03556;CLI055;10002;ABRAZADERA TITAN 5/16-15/32 10-00;Diana Tobón;30/03/2025;10;2000;1000;19000;7000;Transferencia
VEN03557;CLI089;10041;ALAMBRE CENTELSA N 10 AMARILLO;Milena Restrepo;25/02/2026;3;2000;0;6000;2400;Efectivo
VEN03558;CLI200;12241;ACOPLE SAMURAY CAUCHO ECONOMICO;Carlos Mario Hoyos;12/01/2026;3;2000;0;6000;2400;Tarjeta
VEN03559;CLI039;10034;ALAMBRE PUA C16 X 400MT CORSAN;Milena Restrepo;29/04/2025;1;2000;0;2000;800;Transferencia
VEN03560;CLI047;10005;ABRAZADERA TITAN 1/2A3/4  40-06;Andrés Cardona;10/08/2025;3;2000;0;6000;2400;Transferencia
VEN03561;CLI300;10004;ABRAZADERA TITAN 7/16A25/32 - 1/2 10-06;Milena Restrepo;4/09/2025;3;2000;0;6000;2400;Efectivo
VEN03562;CLI245;10878;ADAPTADOR HEMBRA 1/2 X 16MM PE AL PE;Carlos Mario Hoyos;10/05/2026;1;10800;0;10800;9600;Efectivo
VEN03563;CLI057;10021;ACOPLE LAVAMANOS GRIPLAS;Milena Restrepo;9/03/2026;1;2000;100;1900;700;Tarjeta
VEN03564;CLI039;10023;ACOPLE SANITARIO CORTO CARDENAS;Carlos Mario Hoyos;15/04/2025;5;2000;1000;9000;3000;Transferencia
VEN03565;CLI121;10015;ABRAZADERA TITAN 31/2A45/16 40-56;Andrés Cardona;10/01/2025;3;2000;600;5400;1800;Tarjeta
VEN03566;CLI093;10001;ABRAZADERA 1/2 ECONOMICA;Milena Restrepo;10/05/2025;5;2000;0;10000;4000;Efectivo
VEN03567;CLI050;12242;ACOPLE SAMURAY PREMIER AMARILLO;Andrés Cardona;5/10/2025;2;2000;0;4000;1600;Transferencia
VEN03568;CLI181;10049;ALAMBRE CENTELSA N 12 BLANCO;Carlos Mario Hoyos;24/02/2025;1;2000;0;2000;800;Transferencia
VEN03569;CLI189;10987;AGUA STOP PINES SAPITO GERFOR 580051;Carlos Mario Hoyos;9/03/2026;1;2000;0;2000;800;Tarjeta
VEN03570;CLI245;11701;"ADAPTADOR MACHO DE 3/4"" PVC LEO";Carlos Mario Hoyos;29/03/2025;5;2000;0;10000;4000;Transferencia
VEN03571;CLI252;10012;ABRAZADERA TITAN  2A2-3/8 40-36;Milena Restrepo;18/03/2025;3;2000;300;5700;2100;Efectivo
VEN03572;CLI297;10034;ALAMBRE PUA C16 X 400MT CORSAN;Andrés Cardona;4/10/2025;10;2000;0;20000;8000;Transferencia
VEN03573;CLI116;10048;ALAMBRE CENTELSA N 12 AZUL;Carlos Mario Hoyos;28/02/2026;5;2000;0;10000;4000;Tarjeta
VEN03574;CLI289;10052;ALAMBRE CENTELSA N 12 VERDE;Milena Restrepo;26/09/2025;2;2000;400;3600;1200;Efectivo
VEN03575;CLI186;10059;ALCOHOL INDUSTRIAL X 500;Milena Restrepo;22/06/2025;3;2000;0;6000;2400;Transferencia
VEN03576;CLI258;12187;ACOPLE RAPIDO PISTOLA PINTAR;Carlos Mario Hoyos;21/05/2025;5;2000;0;10000;4000;Transferencia
VEN03577;CLI142;10084;AGUAMONIACO  FRASCO X 480;Carlos Mario Hoyos;4/10/2025;10;3800;0;38000;26000;Efectivo
VEN03578;CLI222;11697;"ADAPTADOR HEMBRA DE 1"" PVC LEO";Andrés Cardona;24/06/2025;2;2000;200;3800;1400;Efectivo
VEN03579;CLI130;10010;ABRAZADERA TITAN 11/4A2 40-28;Milena Restrepo;3/02/2026;10;2000;0;20000;8000;Efectivo
VEN03580;CLI137;10026;ACRONAL  DE GALON;Milena Restrepo;22/03/2025;10;2000;0;20000;8000;Efectivo
VEN03581;CLI026;10013;ABRAZADERA TITAN 23/8A31/8  40-40;Diana Tobón;7/09/2025;2;2000;0;4000;1600;Tarjeta
VEN03582;CLI228;10024;ACOPLE SANITARIO GRIPLAS;Andrés Cardona;6/09/2025;2;2000;0;4000;1600;Transferencia
VEN03583;CLI277;10987;AGUA STOP PINES SAPITO GERFOR 580051;Milena Restrepo;14/09/2025;1;2000;0;2000;800;Transferencia
VEN03584;CLI097;10037;ALAMBRE CENTELSA N  8 BLANCO;Milena Restrepo;24/04/2025;2;2000;0;4000;1600;Tarjeta
VEN03585;CLI191;10029;AEROGRAFO X 125 ML CHORRO DSF-1505 K3;Diana Tobón;20/04/2025;3;2000;0;6000;2400;Transferencia
VEN03586;CLI250;11685;ACOPLE CAUCHO SUELTO LICUADORA OSTER;Andrés Cardona;10/04/2025;1;2000;0;2000;800;Transferencia
VEN03587;CLI025;10040;ALAMBRE CENTELSA N  8 VERDE;Andrés Cardona;27/03/2026;10;2000;0;20000;8000;Transferencia
VEN03588;CLI003;10026;ACRONAL  DE GALON;Milena Restrepo;21/04/2025;5;2000;0;10000;4000;Tarjeta
VEN03589;CLI157;12240;ACOPLE PASTA SAMURAY ECONOMICO;Carlos Mario Hoyos;11/09/2025;10;2000;0;20000;8000;Tarjeta
VEN03590;CLI219;10026;ACRONAL  DE GALON;Andrés Cardona;7/03/2025;5;2000;0;10000;4000;Efectivo
VEN03591;CLI052;11072;ACOPLE SANITARIO GRIVAL LARGO 55;Carlos Mario Hoyos;30/09/2025;10;2000;1000;19000;7000;Transferencia
VEN03592;CLI182;10021;ACOPLE LAVAMANOS GRIPLAS;Andrés Cardona;14/03/2026;5;2000;500;9500;3500;Transferencia
VEN03593;CLI228;10028;AEROGRAFO LAPICERO X 4 HOPEX PROFESI;Milena Restrepo;9/05/2025;2;2000;0;4000;1600;Tarjeta
VEN03594;CLI165;11057;ACOPLE LAVAMANOS GRIVAL 40CMS;Andrés Cardona;17/10/2025;5;2000;500;9500;3500;Tarjeta
VEN03595;CLI144;11703;"ADAPTADOR MACHO DE 11/2"" PVC LEO";Diana Tobón;13/02/2026;1;2000;0;2000;800;Efectivo
VEN03596;CLI267;10007;ABRAZADERA TITAN 29/32A1-3/8 40-16;Diana Tobón;14/02/2026;2;2000;0;4000;1600;Tarjeta
VEN03597;CLI157;10037;ALAMBRE CENTELSA N  8 BLANCO;Carlos Mario Hoyos;20/06/2025;1;2000;100;1900;700;Efectivo
VEN03598;CLI023;10053;ALAMBRE CENTELSA N 14 AMARILLO;Diana Tobón;1/04/2025;5;2000;0;10000;4000;Tarjeta
VEN03599;CLI289;11697;"ADAPTADOR HEMBRA DE 1"" PVC LEO";Andrés Cardona;19/03/2025;3;2000;0;6000;2400;Transferencia
VEN03600;CLI213;10045;ALAMBRE CENTELSA N 10 ROJO;Milena Restrepo;12/03/2026;5;2000;0;10000;4000;Tarjeta
VEN03601;CLI204;10006;ABRAZADERA TITAN 3/4A1 40-12;Andrés Cardona;19/09/2025;10;2000;0;20000;8000;Efectivo
VEN03602;CLI276;10039;ALAMBRE CENTELSA N  8 ROJO;Carlos Mario Hoyos;20/01/2026;5;2000;500;9500;3500;Transferencia
VEN03603;CLI022;10045;ALAMBRE CENTELSA N 10 ROJO;Carlos Mario Hoyos;27/09/2025;10;2000;0;20000;8000;Transferencia
VEN03604;CLI272;12596;ADAPTADOR DE 1/2 EMT;Milena Restrepo;6/04/2026;5;2000;0;10000;4000;Transferencia
VEN03605;CLI250;11072;ACOPLE SANITARIO GRIVAL LARGO 55;Milena Restrepo;10/03/2025;5;2000;0;10000;4000;Efectivo
VEN03606;CLI143;10986;AGUA STOP ARGOLLA GERFOR 581140;Carlos Mario Hoyos;3/01/2026;3;2000;0;6000;2400;Efectivo
VEN03607;CLI258;12187;ACOPLE RAPIDO PISTOLA PINTAR;Andrés Cardona;20/02/2025;2;2000;200;3800;1400;Transferencia
VEN03608;CLI175;11942;AGUA STOP CAUCHO GRIPLAS;Diana Tobón;25/02/2026;3;2000;0;6000;2400;Efectivo
VEN03609;CLI159;10054;ALAMBRE CENTELSA N 14 AZUL;Carlos Mario Hoyos;29/03/2026;5;2000;0;10000;4000;Efectivo
VEN03610;CLI065;10043;ALAMBRE CENTELSA N 10 BLANCO;Andrés Cardona;13/04/2026;3;2000;0;6000;2400;Efectivo
VEN03611;CLI287;11060;AGUA STOP PASTA GRIVAL;Andrés Cardona;23/01/2025;1;2000;0;2000;800;Tarjeta
VEN03612;CLI182;10052;ALAMBRE CENTELSA N 12 VERDE;Andrés Cardona;30/01/2026;3;2000;0;6000;2400;Tarjeta
VEN03613;CLI277;10006;ABRAZADERA TITAN 3/4A1 40-12;Carlos Mario Hoyos;2/05/2026;10;2000;0;20000;8000;Efectivo
VEN03614;CLI087;11057;ACOPLE LAVAMANOS GRIVAL 40CMS;Carlos Mario Hoyos;14/03/2025;5;2000;0;10000;4000;Transferencia
VEN03615;CLI135;10084;AGUAMONIACO  FRASCO X 480;Milena Restrepo;28/10/2025;2;3800;0;7600;5200;Efectivo
VEN03616;CLI214;11942;AGUA STOP CAUCHO GRIPLAS;Andrés Cardona;15/12/2025;3;2000;300;5700;2100;Efectivo
VEN03617;CLI139;10084;AGUAMONIACO  FRASCO X 480;Andrés Cardona;16/07/2025;5;3800;950;18050;12050;Tarjeta
VEN03618;CLI170;10022;ACOPLE SANITARIO CARDENAS LARGO;Carlos Mario Hoyos;6/05/2025;10;2000;0;20000;8000;Tarjeta
VEN03619;CLI013;10084;AGUAMONIACO  FRASCO X 480;Milena Restrepo;23/01/2026;1;3800;190;3610;2410;Efectivo
VEN03620;CLI161;11072;ACOPLE SANITARIO GRIVAL LARGO 55;Andrés Cardona;4/04/2025;10;2000;0;20000;8000;Efectivo
VEN03621;CLI166;10017;ACEITE USA1 X 70 CC;Diana Tobón;12/03/2026;3;2000;600;5400;1800;Tarjeta
VEN03622;CLI095;10040;ALAMBRE CENTELSA N  8 VERDE;Andrés Cardona;25/12/2025;2;2000;0;4000;1600;Tarjeta
VEN03623;CLI131;11702;"ADAPTADOR MACHO DE 1"" LEO";Carlos Mario Hoyos;24/04/2026;3;2000;0;6000;2400;Efectivo
VEN03624;CLI272;10049;ALAMBRE CENTELSA N 12 BLANCO;Diana Tobón;24/10/2025;10;2000;0;20000;8000;Transferencia
VEN03625;CLI152;10047;ALAMBRE CENTELSA N 12 AMARILLO;Diana Tobón;17/08/2025;1;2000;0;2000;800;Efectivo
VEN03626;CLI203;10038;ALAMBRE CENTELSA N  8 NEGRO;Milena Restrepo;23/04/2025;5;2000;0;10000;4000;Tarjeta
VEN03627;CLI172;10053;ALAMBRE CENTELSA N 14 AMARILLO;Carlos Mario Hoyos;10/10/2025;5;2000;0;10000;4000;Efectivo
VEN03628;CLI170;10879;ADAPTADOR MACHO 1/2 X 16MM PE AL PE;Milena Restrepo;9/10/2025;2;2000;0;4000;1600;Tarjeta
VEN03629;CLI193;11699;ADAPTADOR HEMBRA DE 3/4 PVC LEO;Diana Tobón;7/09/2025;10;2000;0;20000;8000;Efectivo
VEN03630;CLI195;10044;ALAMBRE CENTELSA N 10 NEGRO;Milena Restrepo;26/10/2025;10;2000;0;20000;8000;Tarjeta
VEN03631;CLI080;11072;ACOPLE SANITARIO GRIVAL LARGO 55;Milena Restrepo;14/12/2025;10;2000;2000;18000;6000;Efectivo
VEN03632;CLI092;11702;"ADAPTADOR MACHO DE 1"" LEO";Carlos Mario Hoyos;29/01/2026;1;2000;0;2000;800;Tarjeta
VEN03633;CLI277;10987;AGUA STOP PINES SAPITO GERFOR 580051;Andrés Cardona;15/03/2026;3;2000;0;6000;2400;Efectivo
VEN03634;CLI022;10052;ALAMBRE CENTELSA N 12 VERDE;Milena Restrepo;19/08/2025;3;2000;0;6000;2400;Transferencia
VEN03635;CLI056;10058;ALAMBRE CENTELSA N 14 VERDE;Milena Restrepo;16/02/2026;3;2000;0;6000;2400;Efectivo
VEN03636;CLI181;10055;ALAMBRE CENTELSA N 14 BLANCO;Diana Tobón;18/08/2025;2;2000;0;4000;1600;Tarjeta
VEN03637;CLI256;10053;ALAMBRE CENTELSA N 14 AMARILLO;Carlos Mario Hoyos;29/01/2025;1;2000;0;2000;800;Tarjeta
VEN03638;CLI002;11696;ADAPTADOR PVC ALARGE 1/2 X 3/8;Milena Restrepo;3/05/2026;5;2000;0;10000;4000;Efectivo
VEN03639;CLI293;10056;ALAMBRE CENTELSA N 14 NEGRO;Andrés Cardona;3/04/2026;3;2000;0;6000;2400;Efectivo
VEN03640;CLI285;10084;AGUAMONIACO  FRASCO X 480;Andrés Cardona;10/12/2025;10;3800;0;38000;26000;Efectivo
VEN03641;CLI233;10986;AGUA STOP ARGOLLA GERFOR 581140;Andrés Cardona;26/12/2025;1;2000;0;2000;800;Transferencia
VEN03642;CLI298;10013;ABRAZADERA TITAN 23/8A31/8  40-40;Milena Restrepo;28/04/2025;10;2000;0;20000;8000;Efectivo
VEN03643;CLI180;10046;ALAMBRE CENTELSA N 10 VERDE;Andrés Cardona;14/11/2025;5;2000;500;9500;3500;Tarjeta
VEN03644;CLI263;10003;ABRAZADERA TITAN 5/16A5/8 - 3/8  10-04;Carlos Mario Hoyos;9/04/2026;1;2000;0;2000;800;Tarjeta
VEN03645;CLI135;11703;"ADAPTADOR MACHO DE 11/2"" PVC LEO";Diana Tobón;21/02/2026;10;2000;2000;18000;6000;Efectivo
VEN03646;CLI295;10031;ALAMBRE PUA C 14 X 500MT;Andrés Cardona;12/02/2025;5;2000;0;10000;4000;Efectivo
VEN03647;CLI244;10009;ABRAZADERA TITAN 11/8A17/8  40-24;Carlos Mario Hoyos;21/01/2026;1;2000;100;1900;700;Tarjeta
VEN03648;CLI254;11699;ADAPTADOR HEMBRA DE 3/4 PVC LEO;Diana Tobón;17/02/2025;3;2000;0;6000;2400;Efectivo
VEN03649;CLI290;10032;ALAMBRE PUA  C14 X 350MT CORSAN;Milena Restrepo;15/10/2025;5;2000;500;9500;3500;Tarjeta
VEN03650;CLI083;10048;ALAMBRE CENTELSA N 12 AZUL;Carlos Mario Hoyos;13/04/2026;5;2000;0;10000;4000;Transferencia
VEN03651;CLI096;10047;ALAMBRE CENTELSA N 12 AMARILLO;Milena Restrepo;16/04/2025;2;2000;0;4000;1600;Tarjeta
VEN03652;CLI270;10986;AGUA STOP ARGOLLA GERFOR 581140;Andrés Cardona;20/02/2025;5;2000;0;10000;4000;Efectivo
VEN03653;CLI001;11941;AGUA STOP AHORRADOR PLASTIG;Carlos Mario Hoyos;6/09/2025;10;2000;1000;19000;7000;Tarjeta
VEN03654;CLI011;10008;ABRAZADERA TITAN 1A19/16 40-20;Milena Restrepo;14/10/2025;3;2000;0;6000;2400;Efectivo
VEN03655;CLI123;10052;ALAMBRE CENTELSA N 12 VERDE;Milena Restrepo;6/07/2025;2;2000;0;4000;1600;Tarjeta
VEN03656;CLI016;12242;ACOPLE SAMURAY PREMIER AMARILLO;Carlos Mario Hoyos;22/07/2025;2;2000;0;4000;1600;Efectivo
VEN03657;CLI089;12596;ADAPTADOR DE 1/2 EMT;Andrés Cardona;3/02/2025;5;2000;0;10000;4000;Transferencia
VEN03658;CLI295;10987;AGUA STOP PINES SAPITO GERFOR 580051;Carlos Mario Hoyos;27/08/2025;5;2000;0;10000;4000;Transferencia
VEN03659;CLI022;10046;ALAMBRE CENTELSA N 10 VERDE;Andrés Cardona;6/03/2025;10;2000;0;20000;8000;Tarjeta
VEN03660;CLI202;10039;ALAMBRE CENTELSA N  8 ROJO;Milena Restrepo;5/05/2026;1;2000;0;2000;800;Transferencia
VEN03661;CLI145;12596;ADAPTADOR DE 1/2 EMT;Milena Restrepo;30/11/2025;3;2000;300;5700;2100;Efectivo
VEN03662;CLI231;10012;ABRAZADERA TITAN  2A2-3/8 40-36;Diana Tobón;29/09/2025;10;2000;0;20000;8000;Efectivo
VEN03663;CLI048;11703;"ADAPTADOR MACHO DE 11/2"" PVC LEO";Carlos Mario Hoyos;12/03/2026;2;2000;0;4000;1600;Transferencia
VEN03664;CLI169;10045;ALAMBRE CENTELSA N 10 ROJO;Andrés Cardona;19/04/2026;2;2000;0;4000;1600;Tarjeta
VEN03665;CLI126;11698;"ADAPTADOR HEMBRA  1/2"" LEO PRECION";Andrés Cardona;10/12/2025;1;2000;0;2000;800;Efectivo
VEN03666;CLI230;10006;ABRAZADERA TITAN 3/4A1 40-12;Carlos Mario Hoyos;16/04/2025;2;2000;0;4000;1600;Transferencia
VEN03667;CLI193;10035;ALAMBRE CENTELSA N  8 AMARILLO;Andrés Cardona;6/01/2025;5;2000;500;9500;3500;Efectivo
VEN03668;CLI204;11072;ACOPLE SANITARIO GRIVAL LARGO 55;Milena Restrepo;30/09/2025;1;2000;0;2000;800;Efectivo
VEN03669;CLI031;11942;AGUA STOP CAUCHO GRIPLAS;Diana Tobón;26/02/2026;3;2000;0;6000;2400;Tarjeta
VEN03670;CLI232;12595;ADAPTADOR DE 1 EMT;Diana Tobón;13/03/2025;10;2000;1000;19000;7000;Transferencia
VEN03671;CLI198;10059;ALCOHOL INDUSTRIAL X 500;Carlos Mario Hoyos;18/12/2025;2;2000;0;4000;1600;Tarjeta
VEN03672;CLI234;10031;ALAMBRE PUA C 14 X 500MT;Carlos Mario Hoyos;9/11/2025;5;2000;0;10000;4000;Tarjeta
VEN03673;CLI273;10035;ALAMBRE CENTELSA N  8 AMARILLO;Carlos Mario Hoyos;10/04/2026;3;2000;0;6000;2400;Transferencia
VEN03674;CLI111;11057;ACOPLE LAVAMANOS GRIVAL 40CMS;Diana Tobón;6/04/2025;2;2000;0;4000;1600;Transferencia
VEN03675;CLI111;12188;ACOPLE RAPIDO PISTOLA X 2 DORADO DSF-6035;Carlos Mario Hoyos;14/03/2025;1;2000;0;2000;800;Tarjeta
VEN03676;CLI136;10029;AEROGRAFO X 125 ML CHORRO DSF-1505 K3;Andrés Cardona;14/12/2025;3;2000;0;6000;2400;Efectivo
VEN03677;CLI231;10879;ADAPTADOR MACHO 1/2 X 16MM PE AL PE;Carlos Mario Hoyos;10/05/2025;10;2000;0;20000;8000;Efectivo
VEN03678;CLI224;10017;ACEITE USA1 X 70 CC;Milena Restrepo;4/01/2025;3;2000;600;5400;1800;Efectivo
VEN03679;CLI092;11058;ACOPLE SANITARIO GRIVAL 40 CMS;Diana Tobón;1/05/2025;10;2000;0;20000;8000;Tarjeta
VEN03680;CLI239;12240;ACOPLE PASTA SAMURAY ECONOMICO;Andrés Cardona;11/10/2025;2;2000;0;4000;1600;Efectivo
VEN03681;CLI109;10017;ACEITE USA1 X 70 CC;Carlos Mario Hoyos;15/03/2025;10;2000;0;20000;8000;Tarjeta
VEN03682;CLI073;10987;AGUA STOP PINES SAPITO GERFOR 580051;Carlos Mario Hoyos;6/08/2025;1;2000;0;2000;800;Tarjeta
VEN03683;CLI160;11830;ALQUITRAN POR KILO;Milena Restrepo;10/11/2025;5;2000;0;10000;4000;Efectivo
VEN03684;CLI280;10049;ALAMBRE CENTELSA N 12 BLANCO;Carlos Mario Hoyos;5/03/2026;3;2000;0;6000;2400;Efectivo
VEN03685;CLI042;11943;AGUA STOP PLASTGRIFOS;Andrés Cardona;21/09/2025;10;2000;0;20000;8000;Tarjeta
VEN03686;CLI014;10048;ALAMBRE CENTELSA N 12 AZUL;Andrés Cardona;10/09/2025;2;2000;200;3800;1400;Tarjeta
VEN03687;CLI154;12241;ACOPLE SAMURAY CAUCHO ECONOMICO;Diana Tobón;2/08/2025;10;2000;0;20000;8000;Transferencia
VEN03688;CLI125;10020;ACOPLE LAVAMANOS CARDENAS LARGO;Andrés Cardona;4/09/2025;2;2000;200;3800;1400;Efectivo
VEN03689;CLI258;11058;ACOPLE SANITARIO GRIVAL 40 CMS;Milena Restrepo;19/02/2025;5;2000;0;10000;4000;Efectivo
VEN03690;CLI003;10002;ABRAZADERA TITAN 5/16-15/32 10-00;Diana Tobón;29/06/2025;3;2000;0;6000;2400;Efectivo
VEN03691;CLI092;10047;ALAMBRE CENTELSA N 12 AMARILLO;Milena Restrepo;5/05/2026;2;2000;0;4000;1600;Efectivo
VEN03692;CLI160;10029;AEROGRAFO X 125 ML CHORRO DSF-1505 K3;Andrés Cardona;28/01/2026;1;2000;0;2000;800;Efectivo
VEN03693;CLI082;10037;ALAMBRE CENTELSA N  8 BLANCO;Milena Restrepo;16/04/2026;3;2000;0;6000;2400;Transferencia
VEN03694;CLI079;12178;ACOPLE RAPIDO PISTOLA PINTAR JUEGO X 5;Diana Tobón;12/06/2025;10;2000;0;20000;8000;Tarjeta
VEN03695;CLI273;10986;AGUA STOP ARGOLLA GERFOR 581140;Carlos Mario Hoyos;10/04/2026;10;2000;0;20000;8000;Efectivo
VEN03696;CLI036;10012;ABRAZADERA TITAN  2A2-3/8 40-36;Carlos Mario Hoyos;4/12/2025;2;2000;0;4000;1600;Transferencia
VEN03697;CLI076;10047;ALAMBRE CENTELSA N 12 AMARILLO;Milena Restrepo;1/01/2025;3;2000;0;6000;2400;Transferencia
VEN03698;CLI078;10003;ABRAZADERA TITAN 5/16A5/8 - 3/8  10-04;Andrés Cardona;27/01/2026;3;2000;300;5700;2100;Tarjeta
VEN03699;CLI240;10057;ALAMBRE CENTELSA N 14 ROJO;Diana Tobón;1/04/2025;5;2000;0;10000;4000;Efectivo
VEN03700;CLI143;10003;ABRAZADERA TITAN 5/16A5/8 - 3/8  10-04;Carlos Mario Hoyos;20/01/2026;2;2000;0;4000;1600;Tarjeta
VEN03701;CLI148;11058;ACOPLE SANITARIO GRIVAL 40 CMS;Andrés Cardona;16/03/2026;2;2000;0;4000;1600;Transferencia
VEN03702;CLI006;10045;ALAMBRE CENTELSA N 10 ROJO;Diana Tobón;12/08/2025;10;2000;0;20000;8000;Transferencia
VEN03703;CLI132;10007;ABRAZADERA TITAN 29/32A1-3/8 40-16;Andrés Cardona;10/05/2026;5;2000;0;10000;4000;Tarjeta
VEN03704;CLI173;11057;ACOPLE LAVAMANOS GRIVAL 40CMS;Diana Tobón;28/01/2026;3;2000;0;6000;2400;Efectivo
VEN03705;CLI053;10062;ALICATE 8 NARANJA DSF-6050;Carlos Mario Hoyos;7/02/2025;3;2000;0;6000;2400;Efectivo
VEN03706;CLI092;10024;ACOPLE SANITARIO GRIPLAS;Diana Tobón;28/12/2025;2;2000;0;4000;1600;Transferencia
VEN03707;CLI159;10014;ABRAZADERA TITAN 2-3/8A3-1/8  40-44;Milena Restrepo;18/02/2026;5;2000;0;10000;4000;Transferencia
VEN03708;CLI067;11072;ACOPLE SANITARIO GRIVAL LARGO 55;Diana Tobón;8/04/2026;1;2000;200;1800;600;Transferencia
VEN03709;CLI293;10011;ABRAZADERA TITAN 13/4A21/2  40-32;Milena Restrepo;22/10/2025;1;2000;0;2000;800;Tarjeta
VEN03710;CLI214;10043;ALAMBRE CENTELSA N 10 BLANCO;Andrés Cardona;17/09/2025;3;2000;0;6000;2400;Transferencia
VEN03711;CLI240;10735;ADAPTADOR DE ESPIGO A ROSCA DE 1/2;Diana Tobón;3/03/2026;3;2000;0;6000;2400;Transferencia
VEN03712;CLI194;10012;ABRAZADERA TITAN  2A2-3/8 40-36;Carlos Mario Hoyos;2/02/2025;5;2000;0;10000;4000;Tarjeta
VEN03713;CLI119;12595;ADAPTADOR DE 1 EMT;Carlos Mario Hoyos;20/01/2025;2;2000;0;4000;1600;Tarjeta
VEN03714;CLI282;10027;AEROGRAFO F75 400 ML DSF-1499;Andrés Cardona;15/07/2025;10;2000;0;20000;8000;Efectivo
VEN03715;CLI114;10062;ALICATE 8 NARANJA DSF-6050;Andrés Cardona;22/04/2026;3;2000;0;6000;2400;Efectivo
VEN03716;CLI072;10029;AEROGRAFO X 125 ML CHORRO DSF-1505 K3;Diana Tobón;4/08/2025;1;2000;0;2000;800;Tarjeta
VEN03717;CLI143;10045;ALAMBRE CENTELSA N 10 ROJO;Andrés Cardona;4/01/2026;3;2000;0;6000;2400;Tarjeta
VEN03718;CLI234;11057;ACOPLE LAVAMANOS GRIVAL 40CMS;Carlos Mario Hoyos;1/08/2025;10;2000;1000;19000;7000;Efectivo
VEN03719;CLI145;11685;ACOPLE CAUCHO SUELTO LICUADORA OSTER;Andrés Cardona;22/02/2025;2;2000;0;4000;1600;Transferencia
VEN03720;CLI106;10008;ABRAZADERA TITAN 1A19/16 40-20;Andrés Cardona;22/02/2026;3;2000;0;6000;2400;Transferencia
VEN03721;CLI102;10061;ALICATE 6 NARANJA DSF-6049;Diana Tobón;14/01/2025;5;2000;0;10000;4000;Transferencia
VEN03722;CLI059;10060;ALICATE  BICOLOR N 8;Diana Tobón;11/06/2025;5;2000;0;10000;4000;Tarjeta
VEN03723;CLI143;10016;ACEITE USA1 X 30 CC;Carlos Mario Hoyos;27/08/2025;10;2000;0;20000;8000;Tarjeta
VEN03724;CLI194;10019;ACOPLE LAVAMANO CORTO  CARDENAS;Milena Restrepo;20/04/2025;5;2000;0;10000;4000;Efectivo
VEN03725;CLI199;10061;ALICATE 6 NARANJA DSF-6049;Diana Tobón;22/12/2025;5;2000;0;10000;4000;Efectivo
VEN03726;CLI207;11057;ACOPLE LAVAMANOS GRIVAL 40CMS;Milena Restrepo;1/02/2025;5;2000;0;10000;4000;Efectivo
VEN03727;CLI195;10015;ABRAZADERA TITAN 31/2A45/16 40-56;Carlos Mario Hoyos;8/03/2026;3;2000;300;5700;2100;Tarjeta
VEN03728;CLI081;10040;ALAMBRE CENTELSA N  8 VERDE;Milena Restrepo;4/02/2025;1;2000;0;2000;800;Efectivo
VEN03729;CLI234;10026;ACRONAL  DE GALON;Milena Restrepo;16/10/2025;10;2000;1000;19000;7000;Tarjeta
VEN03730;CLI091;10044;ALAMBRE CENTELSA N 10 NEGRO;Milena Restrepo;23/04/2025;10;2000;1000;19000;7000;Tarjeta
VEN03731;CLI212;10047;ALAMBRE CENTELSA N 12 AMARILLO;Andrés Cardona;7/10/2025;1;2000;0;2000;800;Efectivo
VEN03732;CLI138;10986;AGUA STOP ARGOLLA GERFOR 581140;Andrés Cardona;17/12/2025;2;2000;0;4000;1600;Efectivo
VEN03733;CLI194;10063;ALICATE FOCCI 8,5 DSF-1684;Andrés Cardona;20/01/2026;1;2000;0;2000;800;Transferencia
VEN03734;CLI217;12178;ACOPLE RAPIDO PISTOLA PINTAR JUEGO X 5;Milena Restrepo;28/01/2025;1;2000;100;1900;700;Transferencia
VEN03735;CLI224;10059;ALCOHOL INDUSTRIAL X 500;Diana Tobón;10/04/2025;10;2000;0;20000;8000;Efectivo
VEN03736;CLI118;10026;ACRONAL  DE GALON;Andrés Cardona;22/11/2025;1;2000;0;2000;800;Tarjeta
VEN03737;CLI114;10011;ABRAZADERA TITAN 13/4A21/2  40-32;Diana Tobón;30/12/2025;10;2000;0;20000;8000;Tarjeta
VEN03738;CLI022;10037;ALAMBRE CENTELSA N  8 BLANCO;Andrés Cardona;16/06/2025;10;2000;0;20000;8000;Efectivo
VEN03739;CLI220;10027;AEROGRAFO F75 400 ML DSF-1499;Milena Restrepo;29/04/2026;1;2000;0;2000;800;Tarjeta
VEN03740;CLI240;10034;ALAMBRE PUA C16 X 400MT CORSAN;Andrés Cardona;1/05/2026;3;2000;300;5700;2100;Efectivo
VEN03741;CLI219;10048;ALAMBRE CENTELSA N 12 AZUL;Diana Tobón;22/12/2025;1;2000;0;2000;800;Tarjeta
VEN03742;CLI265;11700;"ADAPTADOR MACHO DE 1/2"" PVC LEO";Milena Restrepo;13/01/2025;10;2000;0;20000;8000;Tarjeta
VEN03743;CLI275;11697;"ADAPTADOR HEMBRA DE 1"" PVC LEO";Carlos Mario Hoyos;7/12/2025;5;2000;0;10000;4000;Efectivo
VEN03744;CLI049;11943;AGUA STOP PLASTGRIFOS;Diana Tobón;7/03/2025;1;2000;0;2000;800;Tarjeta
VEN03745;CLI125;10007;ABRAZADERA TITAN 29/32A1-3/8 40-16;Carlos Mario Hoyos;17/12/2025;5;2000;0;10000;4000;Tarjeta
VEN03746;CLI272;10057;ALAMBRE CENTELSA N 14 ROJO;Milena Restrepo;25/02/2026;5;2000;0;10000;4000;Transferencia
VEN03747;CLI096;10060;ALICATE  BICOLOR N 8;Carlos Mario Hoyos;6/06/2025;2;2000;0;4000;1600;Transferencia
VEN03748;CLI036;10037;ALAMBRE CENTELSA N  8 BLANCO;Andrés Cardona;9/10/2025;10;2000;0;20000;8000;Efectivo
VEN03749;CLI141;12597;ADAPTADOR DE 3/4 EMT;Carlos Mario Hoyos;9/11/2025;10;2000;0;20000;8000;Efectivo
VEN03750;CLI212;11696;ADAPTADOR PVC ALARGE 1/2 X 3/8;Milena Restrepo;14/02/2025;3;2000;0;6000;2400;Tarjeta
VEN03751;CLI054;10060;ALICATE  BICOLOR N 8;Milena Restrepo;20/01/2026;2;2000;0;4000;1600;Transferencia
VEN03752;CLI103;10040;ALAMBRE CENTELSA N  8 VERDE;Andrés Cardona;27/01/2026;2;2000;0;4000;1600;Transferencia
VEN03753;CLI292;10019;ACOPLE LAVAMANO CORTO  CARDENAS;Carlos Mario Hoyos;17/05/2025;5;2000;0;10000;4000;Tarjeta
VEN03754;CLI285;11072;ACOPLE SANITARIO GRIVAL LARGO 55;Milena Restrepo;3/02/2025;5;2000;500;9500;3500;Tarjeta
VEN03755;CLI192;11941;AGUA STOP AHORRADOR PLASTIG;Andrés Cardona;2/06/2025;5;2000;0;10000;4000;Transferencia
VEN03756;CLI022;10014;ABRAZADERA TITAN 2-3/8A3-1/8  40-44;Andrés Cardona;1/08/2025;2;2000;400;3600;1200;Tarjeta
VEN03757;CLI029;10017;ACEITE USA1 X 70 CC;Milena Restrepo;8/04/2026;1;2000;0;2000;800;Tarjeta
VEN03758;CLI177;10036;ALAMBRE CENTELSA N  8 AZUL;Carlos Mario Hoyos;19/03/2025;3;2000;0;6000;2400;Transferencia
VEN03759;CLI106;10735;ADAPTADOR DE ESPIGO A ROSCA DE 1/2;Milena Restrepo;4/01/2025;1;2000;0;2000;800;Transferencia
VEN03760;CLI119;10042;ALAMBRE CENTELSA N 10 AZUL;Carlos Mario Hoyos;7/06/2025;3;2000;0;6000;2400;Tarjeta
VEN03761;CLI080;11060;AGUA STOP PASTA GRIVAL;Andrés Cardona;10/05/2025;3;2000;0;6000;2400;Transferencia
VEN03762;CLI093;11943;AGUA STOP PLASTGRIFOS;Andrés Cardona;6/04/2026;2;2000;0;4000;1600;Efectivo
VEN03763;CLI077;10031;ALAMBRE PUA C 14 X 500MT;Milena Restrepo;16/04/2026;2;2000;0;4000;1600;Efectivo
VEN03764;CLI088;10053;ALAMBRE CENTELSA N 14 AMARILLO;Milena Restrepo;14/05/2025;3;2000;0;6000;2400;Transferencia
VEN03765;CLI032;12178;ACOPLE RAPIDO PISTOLA PINTAR JUEGO X 5;Milena Restrepo;9/10/2025;1;2000;0;2000;800;Tarjeta
VEN03766;CLI049;11072;ACOPLE SANITARIO GRIVAL LARGO 55;Carlos Mario Hoyos;19/11/2025;3;2000;0;6000;2400;Transferencia
VEN03767;CLI058;10035;ALAMBRE CENTELSA N  8 AMARILLO;Andrés Cardona;11/05/2025;2;2000;0;4000;1600;Transferencia
VEN03768;CLI121;11704;"ADAPTADOR MACHO DE 2"" PVC LEO";Diana Tobón;15/01/2026;1;2000;0;2000;800;Tarjeta
VEN03769;CLI040;10031;ALAMBRE PUA C 14 X 500MT;Andrés Cardona;16/10/2025;5;2000;0;10000;4000;Transferencia
VEN03770;CLI144;10054;ALAMBRE CENTELSA N 14 AZUL;Milena Restrepo;26/06/2025;5;2000;1000;9000;3000;Tarjeta
VEN03771;CLI224;10003;ABRAZADERA TITAN 5/16A5/8 - 3/8  10-04;Andrés Cardona;7/03/2025;1;2000;0;2000;800;Tarjeta
VEN03772;CLI093;11701;"ADAPTADOR MACHO DE 3/4"" PVC LEO";Carlos Mario Hoyos;24/05/2025;5;2000;0;10000;4000;Tarjeta
VEN03773;CLI225;10061;ALICATE 6 NARANJA DSF-6049;Diana Tobón;5/04/2025;3;2000;0;6000;2400;Efectivo
VEN03774;CLI199;10010;ABRAZADERA TITAN 11/4A2 40-28;Carlos Mario Hoyos;7/05/2026;3;2000;300;5700;2100;Transferencia
VEN03775;CLI184;10060;ALICATE  BICOLOR N 8;Andrés Cardona;12/06/2025;1;2000;0;2000;800;Tarjeta
VEN03776;CLI138;10735;ADAPTADOR DE ESPIGO A ROSCA DE 1/2;Andrés Cardona;27/01/2025;5;2000;0;10000;4000;Efectivo
VEN03777;CLI029;10056;ALAMBRE CENTELSA N 14 NEGRO;Carlos Mario Hoyos;13/09/2025;2;2000;0;4000;1600;Efectivo
VEN03778;CLI143;10033;ALAMBRE PUA C16 X 200MT CORSAN;Diana Tobón;17/03/2025;3;2000;0;6000;2400;Transferencia
VEN03779;CLI276;10018;ACIDO CORRIENTE X 480;Diana Tobón;6/06/2025;2;2000;200;3800;1400;Transferencia
VEN03780;CLI267;11702;"ADAPTADOR MACHO DE 1"" LEO";Diana Tobón;19/02/2025;10;2000;0;20000;8000;Tarjeta
VEN03781;CLI106;11696;ADAPTADOR PVC ALARGE 1/2 X 3/8;Carlos Mario Hoyos;9/04/2025;10;2000;0;20000;8000;Efectivo
VEN03782;CLI197;10052;ALAMBRE CENTELSA N 12 VERDE;Andrés Cardona;24/03/2026;1;2000;0;2000;800;Transferencia
VEN03783;CLI206;10010;ABRAZADERA TITAN 11/4A2 40-28;Milena Restrepo;8/01/2026;1;2000;0;2000;800;Tarjeta
VEN03784;CLI091;10049;ALAMBRE CENTELSA N 12 BLANCO;Carlos Mario Hoyos;9/05/2025;5;2000;500;9500;3500;Efectivo
VEN03785;CLI175;10058;ALAMBRE CENTELSA N 14 VERDE;Andrés Cardona;6/03/2026;1;2000;100;1900;700;Tarjeta
VEN03786;CLI126;11060;AGUA STOP PASTA GRIVAL;Andrés Cardona;26/07/2025;1;2000;0;2000;800;Tarjeta
VEN03787;CLI038;11702;"ADAPTADOR MACHO DE 1"" LEO";Milena Restrepo;10/03/2025;5;2000;0;10000;4000;Transferencia
VEN03788;CLI246;12188;ACOPLE RAPIDO PISTOLA X 2 DORADO DSF-6035;Diana Tobón;6/10/2025;5;2000;0;10000;4000;Transferencia
VEN03789;CLI275;10020;ACOPLE LAVAMANOS CARDENAS LARGO;Milena Restrepo;6/03/2025;2;2000;200;3800;1400;Efectivo
VEN03790;CLI071;10051;ALAMBRE CENTELSA N 12 ROJO;Milena Restrepo;30/04/2026;2;2000;0;4000;1600;Efectivo
VEN03791;CLI033;10047;ALAMBRE CENTELSA N 12 AMARILLO;Milena Restrepo;19/11/2025;3;2000;300;5700;2100;Transferencia
VEN03792;CLI184;10036;ALAMBRE CENTELSA N  8 AZUL;Diana Tobón;20/06/2025;10;2000;0;20000;8000;Efectivo
VEN03793;CLI233;11057;ACOPLE LAVAMANOS GRIVAL 40CMS;Milena Restrepo;25/07/2025;3;2000;0;6000;2400;Efectivo
VEN03794;CLI228;10026;ACRONAL  DE GALON;Carlos Mario Hoyos;26/04/2026;10;2000;0;20000;8000;Efectivo
VEN03795;CLI124;10043;ALAMBRE CENTELSA N 10 BLANCO;Andrés Cardona;24/03/2026;5;2000;0;10000;4000;Tarjeta
VEN03796;CLI291;10036;ALAMBRE CENTELSA N  8 AZUL;Diana Tobón;30/11/2025;2;2000;200;3800;1400;Efectivo
VEN03797;CLI263;10050;ALAMBRE CENTELSA N 12 NEGRO;Carlos Mario Hoyos;31/01/2025;2;2000;0;4000;1600;Efectivo
VEN03798;CLI098;11057;ACOPLE LAVAMANOS GRIVAL 40CMS;Carlos Mario Hoyos;22/02/2026;1;2000;0;2000;800;Tarjeta
VEN03799;CLI285;10060;ALICATE  BICOLOR N 8;Diana Tobón;3/03/2025;3;2000;0;6000;2400;Efectivo
VEN03800;CLI209;10042;ALAMBRE CENTELSA N 10 AZUL;Carlos Mario Hoyos;10/11/2025;1;2000;0;2000;800;Efectivo
VEN03801;CLI259;10879;ADAPTADOR MACHO 1/2 X 16MM PE AL PE;Milena Restrepo;25/01/2026;1;2000;0;2000;800;Transferencia
VEN03802;CLI265;11698;"ADAPTADOR HEMBRA  1/2"" LEO PRECION";Carlos Mario Hoyos;23/05/2025;10;2000;0;20000;8000;Efectivo
VEN03803;CLI108;10028;AEROGRAFO LAPICERO X 4 HOPEX PROFESI;Milena Restrepo;23/10/2025;3;2000;0;6000;2400;Efectivo
VEN03804;CLI174;10009;ABRAZADERA TITAN 11/8A17/8  40-24;Diana Tobón;21/04/2025;1;2000;100;1900;700;Efectivo
VEN03805;CLI278;10033;ALAMBRE PUA C16 X 200MT CORSAN;Andrés Cardona;25/03/2025;10;2000;0;20000;8000;Efectivo
VEN03806;CLI224;10045;ALAMBRE CENTELSA N 10 ROJO;Milena Restrepo;8/07/2025;10;2000;0;20000;8000;Tarjeta
VEN03807;CLI127;10025;ACRONAL  DE 1/4;Carlos Mario Hoyos;30/08/2025;1;2000;100;1900;700;Tarjeta
VEN03808;CLI219;10062;ALICATE 8 NARANJA DSF-6050;Milena Restrepo;26/04/2026;5;2000;1000;9000;3000;Transferencia
VEN03809;CLI139;10011;ABRAZADERA TITAN 13/4A21/2  40-32;Andrés Cardona;3/02/2025;2;2000;200;3800;1400;Tarjeta
VEN03810;CLI227;10027;AEROGRAFO F75 400 ML DSF-1499;Andrés Cardona;13/04/2025;1;2000;0;2000;800;Efectivo
VEN03811;CLI047;10060;ALICATE  BICOLOR N 8;Carlos Mario Hoyos;29/04/2025;5;2000;0;10000;4000;Tarjeta
VEN03812;CLI119;11698;"ADAPTADOR HEMBRA  1/2"" LEO PRECION";Carlos Mario Hoyos;1/12/2025;10;2000;0;20000;8000;Tarjeta
VEN03813;CLI217;10029;AEROGRAFO X 125 ML CHORRO DSF-1505 K3;Milena Restrepo;27/08/2025;3;2000;0;6000;2400;Efectivo
VEN03814;CLI132;10735;ADAPTADOR DE ESPIGO A ROSCA DE 1/2;Diana Tobón;18/08/2025;1;2000;0;2000;800;Tarjeta
VEN03815;CLI067;10029;AEROGRAFO X 125 ML CHORRO DSF-1505 K3;Andrés Cardona;8/08/2025;5;2000;0;10000;4000;Efectivo
VEN03816;CLI209;11696;ADAPTADOR PVC ALARGE 1/2 X 3/8;Milena Restrepo;5/01/2025;1;2000;0;2000;800;Efectivo
VEN03817;CLI231;10044;ALAMBRE CENTELSA N 10 NEGRO;Carlos Mario Hoyos;3/05/2025;1;2000;0;2000;800;Efectivo
VEN03818;CLI177;10735;ADAPTADOR DE ESPIGO A ROSCA DE 1/2;Milena Restrepo;29/04/2025;1;2000;0;2000;800;Efectivo
VEN03819;CLI002;10986;AGUA STOP ARGOLLA GERFOR 581140;Andrés Cardona;23/01/2026;10;2000;0;20000;8000;Tarjeta
VEN03820;CLI111;11830;ALQUITRAN POR KILO;Diana Tobón;18/01/2026;5;2000;500;9500;3500;Tarjeta
VEN03821;CLI265;10019;ACOPLE LAVAMANO CORTO  CARDENAS;Milena Restrepo;27/03/2025;3;2000;0;6000;2400;Transferencia
VEN03822;CLI282;10044;ALAMBRE CENTELSA N 10 NEGRO;Carlos Mario Hoyos;3/01/2026;3;2000;0;6000;2400;Efectivo
VEN03823;CLI191;10036;ALAMBRE CENTELSA N  8 AZUL;Milena Restrepo;30/08/2025;1;2000;0;2000;800;Tarjeta
VEN03824;CLI037;10027;AEROGRAFO F75 400 ML DSF-1499;Diana Tobón;10/02/2026;10;2000;0;20000;8000;Tarjeta
VEN03825;CLI087;10049;ALAMBRE CENTELSA N 12 BLANCO;Milena Restrepo;17/02/2026;3;2000;0;6000;2400;Transferencia
VEN03826;CLI229;12188;ACOPLE RAPIDO PISTOLA X 2 DORADO DSF-6035;Andrés Cardona;10/11/2025;1;2000;0;2000;800;Transferencia
VEN03827;CLI289;10879;ADAPTADOR MACHO 1/2 X 16MM PE AL PE;Carlos Mario Hoyos;10/01/2026;3;2000;0;6000;2400;Efectivo
VEN03828;CLI066;11702;"ADAPTADOR MACHO DE 1"" LEO";Andrés Cardona;30/10/2025;1;2000;100;1900;700;Transferencia
VEN03829;CLI061;12595;ADAPTADOR DE 1 EMT;Milena Restrepo;17/02/2026;5;2000;500;9500;3500;Efectivo
VEN03830;CLI241;10039;ALAMBRE CENTELSA N  8 ROJO;Andrés Cardona;10/07/2025;10;2000;0;20000;8000;Transferencia
VEN03831;CLI275;11699;ADAPTADOR HEMBRA DE 3/4 PVC LEO;Diana Tobón;17/06/2025;2;2000;0;4000;1600;Efectivo
VEN03832;CLI232;11685;ACOPLE CAUCHO SUELTO LICUADORA OSTER;Carlos Mario Hoyos;30/01/2026;3;2000;0;6000;2400;Efectivo
VEN03833;CLI132;12241;ACOPLE SAMURAY CAUCHO ECONOMICO;Andrés Cardona;17/03/2026;10;2000;0;20000;8000;Tarjeta
VEN03834;CLI048;10057;ALAMBRE CENTELSA N 14 ROJO;Milena Restrepo;30/04/2025;3;2000;300;5700;2100;Tarjeta
VEN03835;CLI008;10057;ALAMBRE CENTELSA N 14 ROJO;Carlos Mario Hoyos;18/02/2026;3;2000;0;6000;2400;Transferencia
VEN03836;CLI191;10064;ALICATE STANLEY N 8 84-023;Diana Tobón;10/08/2025;2;2000;0;4000;1600;Tarjeta
VEN03837;CLI295;10028;AEROGRAFO LAPICERO X 4 HOPEX PROFESI;Milena Restrepo;1/01/2025;5;2000;0;10000;4000;Transferencia
VEN03838;CLI058;11071;ACOPLE LAVAMANOS GRIVAL LARGO 60;Diana Tobón;2/01/2025;10;2000;0;20000;8000;Efectivo
VEN03839;CLI040;12242;ACOPLE SAMURAY PREMIER AMARILLO;Andrés Cardona;20/08/2025;3;2000;0;6000;2400;Transferencia
VEN03840;CLI165;10019;ACOPLE LAVAMANO CORTO  CARDENAS;Diana Tobón;13/03/2026;3;2000;0;6000;2400;Tarjeta
VEN03841;CLI280;11071;ACOPLE LAVAMANOS GRIVAL LARGO 60;Milena Restrepo;12/08/2025;5;2000;0;10000;4000;Tarjeta
VEN03842;CLI273;12240;ACOPLE PASTA SAMURAY ECONOMICO;Carlos Mario Hoyos;24/03/2026;1;2000;100;1900;700;Tarjeta
VEN03843;CLI116;10020;ACOPLE LAVAMANOS CARDENAS LARGO;Milena Restrepo;15/01/2025;3;2000;0;6000;2400;Transferencia
VEN03844;CLI029;10033;ALAMBRE PUA C16 X 200MT CORSAN;Milena Restrepo;16/02/2026;2;2000;0;4000;1600;Tarjeta
VEN03845;CLI160;11071;ACOPLE LAVAMANOS GRIVAL LARGO 60;Andrés Cardona;11/03/2025;10;2000;0;20000;8000;Tarjeta
VEN03846;CLI268;10021;ACOPLE LAVAMANOS GRIPLAS;Carlos Mario Hoyos;17/10/2025;5;2000;0;10000;4000;Tarjeta
VEN03847;CLI110;10057;ALAMBRE CENTELSA N 14 ROJO;Diana Tobón;29/11/2025;1;2000;0;2000;800;Efectivo
VEN03848;CLI006;12596;ADAPTADOR DE 1/2 EMT;Milena Restrepo;26/08/2025;5;2000;1000;9000;3000;Tarjeta
VEN03849;CLI024;12597;ADAPTADOR DE 3/4 EMT;Andrés Cardona;27/04/2025;10;2000;0;20000;8000;Efectivo
VEN03850;CLI095;10056;ALAMBRE CENTELSA N 14 NEGRO;Milena Restrepo;20/06/2025;3;2000;600;5400;1800;Tarjeta
VEN03851;CLI125;11702;"ADAPTADOR MACHO DE 1"" LEO";Milena Restrepo;18/10/2025;1;2000;100;1900;700;Transferencia
VEN03852;CLI058;12188;ACOPLE RAPIDO PISTOLA X 2 DORADO DSF-6035;Milena Restrepo;21/09/2025;3;2000;0;6000;2400;Tarjeta
VEN03853;CLI214;11703;"ADAPTADOR MACHO DE 11/2"" PVC LEO";Andrés Cardona;4/10/2025;5;2000;0;10000;4000;Transferencia
VEN03854;CLI145;10010;ABRAZADERA TITAN 11/4A2 40-28;Milena Restrepo;1/12/2025;1;2000;0;2000;800;Tarjeta
VEN03855;CLI027;10055;ALAMBRE CENTELSA N 14 BLANCO;Carlos Mario Hoyos;3/10/2025;5;2000;0;10000;4000;Efectivo
VEN03856;CLI174;11701;"ADAPTADOR MACHO DE 3/4"" PVC LEO";Diana Tobón;28/11/2025;10;2000;1000;19000;7000;Efectivo
VEN03857;CLI177;10005;ABRAZADERA TITAN 1/2A3/4  40-06;Carlos Mario Hoyos;9/11/2025;1;2000;0;2000;800;Tarjeta
VEN03858;CLI045;10027;AEROGRAFO F75 400 ML DSF-1499;Diana Tobón;28/03/2025;5;2000;0;10000;4000;Tarjeta
VEN03859;CLI046;10063;ALICATE FOCCI 8,5 DSF-1684;Diana Tobón;29/04/2026;1;2000;0;2000;800;Efectivo
VEN03860;CLI142;10022;ACOPLE SANITARIO CARDENAS LARGO;Milena Restrepo;27/02/2025;5;2000;0;10000;4000;Efectivo
VEN03861;CLI045;10043;ALAMBRE CENTELSA N 10 BLANCO;Carlos Mario Hoyos;16/01/2025;5;2000;0;10000;4000;Transferencia
VEN03862;CLI298;11704;"ADAPTADOR MACHO DE 2"" PVC LEO";Carlos Mario Hoyos;25/03/2025;5;2000;500;9500;3500;Efectivo
VEN03863;CLI218;10051;ALAMBRE CENTELSA N 12 ROJO;Carlos Mario Hoyos;2/05/2026;3;2000;0;6000;2400;Tarjeta
VEN03864;CLI050;10001;ABRAZADERA 1/2 ECONOMICA;Diana Tobón;5/09/2025;3;2000;300;5700;2100;Transferencia
VEN03865;CLI064;10002;ABRAZADERA TITAN 5/16-15/32 10-00;Diana Tobón;16/01/2026;10;2000;1000;19000;7000;Tarjeta
VEN03866;CLI059;11704;"ADAPTADOR MACHO DE 2"" PVC LEO";Diana Tobón;18/07/2025;10;2000;0;20000;8000;Tarjeta
VEN03867;CLI012;10026;ACRONAL  DE GALON;Carlos Mario Hoyos;3/04/2025;2;2000;200;3800;1400;Tarjeta
VEN03868;CLI294;10041;ALAMBRE CENTELSA N 10 AMARILLO;Carlos Mario Hoyos;13/10/2025;1;2000;0;2000;800;Transferencia
VEN03869;CLI020;10007;ABRAZADERA TITAN 29/32A1-3/8 40-16;Diana Tobón;24/02/2025;5;2000;0;10000;4000;Transferencia
VEN03870;CLI260;11698;"ADAPTADOR HEMBRA  1/2"" LEO PRECION";Andrés Cardona;18/04/2025;3;2000;0;6000;2400;Transferencia
VEN03871;CLI130;11059;AGUA STOP CAUCHO GRIVAL;Diana Tobón;20/10/2025;10;2000;0;20000;8000;Transferencia
VEN03872;CLI127;10057;ALAMBRE CENTELSA N 14 ROJO;Carlos Mario Hoyos;19/01/2025;5;2000;0;10000;4000;Efectivo
VEN03873;CLI191;10050;ALAMBRE CENTELSA N 12 NEGRO;Milena Restrepo;22/02/2026;1;2000;0;2000;800;Tarjeta
VEN03874;CLI120;10010;ABRAZADERA TITAN 11/4A2 40-28;Milena Restrepo;14/05/2025;3;2000;0;6000;2400;Transferencia
VEN03875;CLI117;10879;ADAPTADOR MACHO 1/2 X 16MM PE AL PE;Milena Restrepo;15/03/2026;2;2000;0;4000;1600;Transferencia
VEN03876;CLI149;10050;ALAMBRE CENTELSA N 12 NEGRO;Carlos Mario Hoyos;7/02/2026;10;2000;0;20000;8000;Transferencia
VEN03877;CLI106;11058;ACOPLE SANITARIO GRIVAL 40 CMS;Milena Restrepo;18/09/2025;5;2000;0;10000;4000;Tarjeta
VEN03878;CLI237;11703;"ADAPTADOR MACHO DE 11/2"" PVC LEO";Carlos Mario Hoyos;9/10/2025;1;2000;100;1900;700;Tarjeta
VEN03879;CLI161;10043;ALAMBRE CENTELSA N 10 BLANCO;Carlos Mario Hoyos;11/04/2026;3;2000;0;6000;2400;Transferencia
VEN03880;CLI223;10059;ALCOHOL INDUSTRIAL X 500;Andrés Cardona;30/04/2025;10;2000;0;20000;8000;Tarjeta
VEN03881;CLI121;10018;ACIDO CORRIENTE X 480;Carlos Mario Hoyos;17/11/2025;2;2000;0;4000;1600;Tarjeta
VEN03882;CLI240;12596;ADAPTADOR DE 1/2 EMT;Milena Restrepo;21/02/2026;1;2000;0;2000;800;Efectivo
VEN03883;CLI242;12241;ACOPLE SAMURAY CAUCHO ECONOMICO;Milena Restrepo;14/04/2026;10;2000;0;20000;8000;Transferencia
VEN03884;CLI175;10986;AGUA STOP ARGOLLA GERFOR 581140;Andrés Cardona;10/03/2026;1;2000;0;2000;800;Tarjeta
VEN03885;CLI114;10040;ALAMBRE CENTELSA N  8 VERDE;Carlos Mario Hoyos;9/04/2026;10;2000;1000;19000;7000;Tarjeta
VEN03886;CLI016;10038;ALAMBRE CENTELSA N  8 NEGRO;Andrés Cardona;11/04/2025;2;2000;0;4000;1600;Tarjeta
VEN03887;CLI073;10006;ABRAZADERA TITAN 3/4A1 40-12;Milena Restrepo;1/05/2025;5;2000;0;10000;4000;Tarjeta
VEN03888;CLI208;11701;"ADAPTADOR MACHO DE 3/4"" PVC LEO";Carlos Mario Hoyos;5/02/2025;1;2000;0;2000;800;Efectivo
VEN03889;CLI192;11059;AGUA STOP CAUCHO GRIVAL;Carlos Mario Hoyos;2/11/2025;2;2000;0;4000;1600;Efectivo
VEN03890;CLI130;10011;ABRAZADERA TITAN 13/4A21/2  40-32;Diana Tobón;30/10/2025;1;2000;0;2000;800;Transferencia
VEN03891;CLI268;10735;ADAPTADOR DE ESPIGO A ROSCA DE 1/2;Milena Restrepo;30/04/2025;2;2000;0;4000;1600;Tarjeta
VEN03892;CLI234;10034;ALAMBRE PUA C16 X 400MT CORSAN;Carlos Mario Hoyos;27/02/2025;2;2000;0;4000;1600;Transferencia
VEN03893;CLI016;11059;AGUA STOP CAUCHO GRIVAL;Diana Tobón;20/09/2025;2;2000;0;4000;1600;Efectivo
VEN03894;CLI096;11060;AGUA STOP PASTA GRIVAL;Andrés Cardona;31/01/2025;10;2000;0;20000;8000;Tarjeta
VEN03895;CLI238;10007;ABRAZADERA TITAN 29/32A1-3/8 40-16;Andrés Cardona;17/08/2025;1;2000;0;2000;800;Efectivo
VEN03896;CLI070;10003;ABRAZADERA TITAN 5/16A5/8 - 3/8  10-04;Andrés Cardona;7/04/2026;3;2000;300;5700;2100;Efectivo
VEN03897;CLI134;11830;ALQUITRAN POR KILO;Carlos Mario Hoyos;26/09/2025;10;2000;0;20000;8000;Efectivo
VEN03898;CLI295;10044;ALAMBRE CENTELSA N 10 NEGRO;Diana Tobón;10/03/2025;5;2000;0;10000;4000;Transferencia
VEN03899;CLI134;10062;ALICATE 8 NARANJA DSF-6050;Carlos Mario Hoyos;6/03/2025;5;2000;0;10000;4000;Tarjeta
VEN03900;CLI030;10016;ACEITE USA1 X 30 CC;Carlos Mario Hoyos;2/12/2025;10;2000;0;20000;8000;Tarjeta
VEN03901;CLI175;10033;ALAMBRE PUA C16 X 200MT CORSAN;Andrés Cardona;27/03/2026;5;2000;1000;9000;3000;Transferencia
VEN03902;CLI174;11059;AGUA STOP CAUCHO GRIVAL;Milena Restrepo;26/04/2025;5;2000;0;10000;4000;Tarjeta
VEN03903;CLI225;10057;ALAMBRE CENTELSA N 14 ROJO;Milena Restrepo;9/07/2025;10;2000;0;20000;8000;Transferencia
VEN03904;CLI072;10042;ALAMBRE CENTELSA N 10 AZUL;Carlos Mario Hoyos;8/01/2025;10;2000;0;20000;8000;Efectivo
VEN03905;CLI060;10058;ALAMBRE CENTELSA N 14 VERDE;Andrés Cardona;30/05/2025;2;2000;0;4000;1600;Transferencia
VEN03906;CLI018;10878;ADAPTADOR HEMBRA 1/2 X 16MM PE AL PE;Andrés Cardona;13/09/2025;2;10800;0;21600;19200;Transferencia
VEN03907;CLI107;10037;ALAMBRE CENTELSA N  8 BLANCO;Milena Restrepo;11/07/2025;10;2000;1000;19000;7000;Tarjeta
VEN03908;CLI072;10048;ALAMBRE CENTELSA N 12 AZUL;Milena Restrepo;16/01/2025;1;2000;0;2000;800;Transferencia
VEN03909;CLI138;12177;AGUJAS PISTOLA PINTAR;Milena Restrepo;11/05/2026;1;2000;0;2000;800;Transferencia
VEN03910;CLI099;10016;ACEITE USA1 X 30 CC;Milena Restrepo;30/04/2026;1;2000;0;2000;800;Tarjeta
VEN03911;CLI231;10878;ADAPTADOR HEMBRA 1/2 X 16MM PE AL PE;Andrés Cardona;30/09/2025;10;10800;5400;102600;90600;Tarjeta
VEN03912;CLI032;10035;ALAMBRE CENTELSA N  8 AMARILLO;Milena Restrepo;26/08/2025;2;2000;0;4000;1600;Transferencia
VEN03913;CLI003;10018;ACIDO CORRIENTE X 480;Milena Restrepo;27/01/2026;3;2000;0;6000;2400;Transferencia
VEN03914;CLI236;10035;ALAMBRE CENTELSA N  8 AMARILLO;Diana Tobón;1/07/2025;5;2000;0;10000;4000;Efectivo
VEN03915;CLI190;11071;ACOPLE LAVAMANOS GRIVAL LARGO 60;Diana Tobón;19/03/2026;2;2000;0;4000;1600;Efectivo
VEN03916;CLI147;10036;ALAMBRE CENTELSA N  8 AZUL;Carlos Mario Hoyos;18/08/2025;2;2000;0;4000;1600;Tarjeta
VEN03917;CLI231;11060;AGUA STOP PASTA GRIVAL;Carlos Mario Hoyos;2/12/2025;3;2000;0;6000;2400;Tarjeta
VEN03918;CLI011;10022;ACOPLE SANITARIO CARDENAS LARGO;Andrés Cardona;14/01/2025;3;2000;0;6000;2400;Tarjeta
VEN03919;CLI034;12596;ADAPTADOR DE 1/2 EMT;Andrés Cardona;9/11/2025;3;2000;0;6000;2400;Transferencia
VEN03920;CLI096;10015;ABRAZADERA TITAN 31/2A45/16 40-56;Carlos Mario Hoyos;5/05/2025;3;2000;300;5700;2100;Transferencia
VEN03921;CLI242;10879;ADAPTADOR MACHO 1/2 X 16MM PE AL PE;Milena Restrepo;25/05/2025;5;2000;0;10000;4000;Efectivo
VEN03922;CLI124;12177;AGUJAS PISTOLA PINTAR;Andrés Cardona;21/12/2025;3;2000;0;6000;2400;Transferencia
VEN03923;CLI167;10009;ABRAZADERA TITAN 11/8A17/8  40-24;Carlos Mario Hoyos;30/11/2025;5;2000;500;9500;3500;Efectivo
VEN03924;CLI031;10019;ACOPLE LAVAMANO CORTO  CARDENAS;Diana Tobón;16/06/2025;10;2000;0;20000;8000;Efectivo
VEN03925;CLI213;10058;ALAMBRE CENTELSA N 14 VERDE;Carlos Mario Hoyos;4/05/2026;1;2000;0;2000;800;Transferencia
VEN03926;CLI023;11942;AGUA STOP CAUCHO GRIPLAS;Diana Tobón;22/11/2025;5;2000;0;10000;4000;Transferencia
VEN03927;CLI242;10055;ALAMBRE CENTELSA N 14 BLANCO;Andrés Cardona;10/10/2025;10;2000;0;20000;8000;Tarjeta
VEN03928;CLI156;11830;ALQUITRAN POR KILO;Andrés Cardona;2/02/2026;5;2000;0;10000;4000;Efectivo
VEN03929;CLI193;10039;ALAMBRE CENTELSA N  8 ROJO;Milena Restrepo;1/04/2025;2;2000;0;4000;1600;Tarjeta
VEN03930;CLI075;10063;ALICATE FOCCI 8,5 DSF-1684;Andrés Cardona;13/06/2025;3;2000;0;6000;2400;Efectivo
VEN03931;CLI044;10057;ALAMBRE CENTELSA N 14 ROJO;Carlos Mario Hoyos;23/02/2026;1;2000;0;2000;800;Transferencia
VEN03932;CLI241;11059;AGUA STOP CAUCHO GRIVAL;Diana Tobón;28/02/2026;10;2000;0;20000;8000;Tarjeta
VEN03933;CLI011;10037;ALAMBRE CENTELSA N  8 BLANCO;Diana Tobón;4/10/2025;2;2000;0;4000;1600;Efectivo
VEN03934;CLI183;10031;ALAMBRE PUA C 14 X 500MT;Milena Restrepo;14/10/2025;1;2000;100;1900;700;Tarjeta
VEN03935;CLI275;12178;ACOPLE RAPIDO PISTOLA PINTAR JUEGO X 5;Carlos Mario Hoyos;11/02/2025;2;2000;0;4000;1600;Tarjeta
VEN03936;CLI114;12240;ACOPLE PASTA SAMURAY ECONOMICO;Milena Restrepo;27/11/2025;2;2000;0;4000;1600;Tarjeta
VEN03937;CLI049;10048;ALAMBRE CENTELSA N 12 AZUL;Andrés Cardona;3/11/2025;10;2000;0;20000;8000;Transferencia
VEN03938;CLI237;11058;ACOPLE SANITARIO GRIVAL 40 CMS;Milena Restrepo;14/07/2025;5;2000;0;10000;4000;Tarjeta
VEN03939;CLI008;11060;AGUA STOP PASTA GRIVAL;Diana Tobón;3/01/2026;1;2000;100;1900;700;Transferencia
VEN03940;CLI281;11943;AGUA STOP PLASTGRIFOS;Carlos Mario Hoyos;8/04/2026;3;2000;0;6000;2400;Tarjeta
VEN03941;CLI044;10032;ALAMBRE PUA  C14 X 350MT CORSAN;Diana Tobón;16/05/2025;3;2000;0;6000;2400;Tarjeta
VEN03942;CLI291;10040;ALAMBRE CENTELSA N  8 VERDE;Andrés Cardona;23/01/2026;3;2000;600;5400;1800;Tarjeta
VEN03943;CLI023;10013;ABRAZADERA TITAN 23/8A31/8  40-40;Milena Restrepo;9/08/2025;5;2000;1000;9000;3000;Transferencia
VEN03944;CLI237;11943;AGUA STOP PLASTGRIFOS;Milena Restrepo;1/01/2026;1;2000;100;1900;700;Tarjeta
VEN03945;CLI077;10018;ACIDO CORRIENTE X 480;Milena Restrepo;4/05/2026;5;2000;0;10000;4000;Tarjeta
VEN03946;CLI295;12242;ACOPLE SAMURAY PREMIER AMARILLO;Milena Restrepo;13/04/2025;3;2000;0;6000;2400;Tarjeta
VEN03947;CLI100;10011;ABRAZADERA TITAN 13/4A21/2  40-32;Milena Restrepo;12/08/2025;10;2000;0;20000;8000;Tarjeta
VEN03948;CLI277;10060;ALICATE  BICOLOR N 8;Diana Tobón;18/12/2025;2;2000;0;4000;1600;Efectivo
VEN03949;CLI274;10019;ACOPLE LAVAMANO CORTO  CARDENAS;Andrés Cardona;14/12/2025;1;2000;0;2000;800;Efectivo
VEN03950;CLI083;11685;ACOPLE CAUCHO SUELTO LICUADORA OSTER;Andrés Cardona;17/05/2025;3;2000;0;6000;2400;Transferencia
VEN03951;CLI044;11071;ACOPLE LAVAMANOS GRIVAL LARGO 60;Milena Restrepo;14/12/2025;5;2000;0;10000;4000;Tarjeta
VEN03952;CLI296;12595;ADAPTADOR DE 1 EMT;Andrés Cardona;23/06/2025;3;2000;0;6000;2400;Efectivo
VEN03953;CLI115;10041;ALAMBRE CENTELSA N 10 AMARILLO;Diana Tobón;24/02/2026;1;2000;0;2000;800;Efectivo
VEN03954;CLI215;10004;ABRAZADERA TITAN 7/16A25/32 - 1/2 10-06;Carlos Mario Hoyos;1/03/2025;5;2000;0;10000;4000;Transferencia
VEN03955;CLI160;10035;ALAMBRE CENTELSA N  8 AMARILLO;Milena Restrepo;11/08/2025;3;2000;300;5700;2100;Tarjeta
VEN03956;CLI196;10030;AEROGRAFO X 150 ML ABANICO HOPEX F2;Carlos Mario Hoyos;3/05/2025;10;2000;0;20000;8000;Transferencia
VEN03957;CLI228;10015;ABRAZADERA TITAN 31/2A45/16 40-56;Milena Restrepo;25/03/2026;5;2000;0;10000;4000;Transferencia
VEN03958;CLI207;10026;ACRONAL  DE GALON;Andrés Cardona;13/02/2026;3;2000;300;5700;2100;Efectivo
VEN03959;CLI037;10051;ALAMBRE CENTELSA N 12 ROJO;Diana Tobón;20/09/2025;3;2000;300;5700;2100;Transferencia
VEN03960;CLI213;10019;ACOPLE LAVAMANO CORTO  CARDENAS;Carlos Mario Hoyos;25/04/2026;3;2000;0;6000;2400;Transferencia
VEN03961;CLI161;12178;ACOPLE RAPIDO PISTOLA PINTAR JUEGO X 5;Milena Restrepo;9/03/2026;3;2000;0;6000;2400;Efectivo
VEN03962;CLI272;10063;ALICATE FOCCI 8,5 DSF-1684;Diana Tobón;7/03/2025;2;2000;0;4000;1600;Tarjeta
VEN03963;CLI158;10008;ABRAZADERA TITAN 1A19/16 40-20;Andrés Cardona;1/04/2025;5;2000;0;10000;4000;Tarjeta
VEN03964;CLI198;10061;ALICATE 6 NARANJA DSF-6049;Diana Tobón;27/12/2025;10;2000;0;20000;8000;Efectivo
VEN03965;CLI193;10735;ADAPTADOR DE ESPIGO A ROSCA DE 1/2;Carlos Mario Hoyos;18/01/2025;10;2000;0;20000;8000;Tarjeta
VEN03966;CLI133;11942;AGUA STOP CAUCHO GRIPLAS;Carlos Mario Hoyos;29/03/2025;2;2000;0;4000;1600;Tarjeta
VEN03967;CLI067;12187;ACOPLE RAPIDO PISTOLA PINTAR;Diana Tobón;12/11/2025;1;2000;200;1800;600;Transferencia
VEN03968;CLI299;10005;ABRAZADERA TITAN 1/2A3/4  40-06;Carlos Mario Hoyos;13/03/2025;3;2000;0;6000;2400;Transferencia
VEN03969;CLI026;10012;ABRAZADERA TITAN  2A2-3/8 40-36;Diana Tobón;8/10/2025;10;2000;1000;19000;7000;Efectivo
VEN03970;CLI285;11060;AGUA STOP PASTA GRIVAL;Andrés Cardona;23/03/2025;5;2000;0;10000;4000;Transferencia
VEN03971;CLI060;11830;ALQUITRAN POR KILO;Diana Tobón;8/03/2025;5;2000;0;10000;4000;Transferencia
VEN03972;CLI039;10010;ABRAZADERA TITAN 11/4A2 40-28;Milena Restrepo;27/05/2025;5;2000;0;10000;4000;Tarjeta
VEN03973;CLI156;10025;ACRONAL  DE 1/4;Carlos Mario Hoyos;7/08/2025;1;2000;0;2000;800;Tarjeta
VEN03974;CLI275;10006;ABRAZADERA TITAN 3/4A1 40-12;Diana Tobón;2/01/2026;1;2000;0;2000;800;Transferencia
VEN03975;CLI229;11701;"ADAPTADOR MACHO DE 3/4"" PVC LEO";Milena Restrepo;18/01/2025;10;2000;0;20000;8000;Tarjeta
VEN03976;CLI098;11703;"ADAPTADOR MACHO DE 11/2"" PVC LEO";Carlos Mario Hoyos;18/04/2025;2;2000;0;4000;1600;Tarjeta
VEN03977;CLI155;11700;"ADAPTADOR MACHO DE 1/2"" PVC LEO";Carlos Mario Hoyos;31/05/2025;2;2000;0;4000;1600;Efectivo
VEN03978;CLI121;12242;ACOPLE SAMURAY PREMIER AMARILLO;Milena Restrepo;24/08/2025;10;2000;0;20000;8000;Efectivo
VEN03979;CLI249;10064;ALICATE STANLEY N 8 84-023;Carlos Mario Hoyos;7/11/2025;1;2000;100;1900;700;Tarjeta
VEN03980;CLI012;12178;ACOPLE RAPIDO PISTOLA PINTAR JUEGO X 5;Milena Restrepo;1/03/2025;3;2000;300;5700;2100;Tarjeta
VEN03981;CLI270;10014;ABRAZADERA TITAN 2-3/8A3-1/8  40-44;Diana Tobón;8/01/2025;3;2000;0;6000;2400;Efectivo
VEN03982;CLI091;12188;ACOPLE RAPIDO PISTOLA X 2 DORADO DSF-6035;Carlos Mario Hoyos;3/02/2025;5;2000;500;9500;3500;Efectivo
VEN03983;CLI144;10033;ALAMBRE PUA C16 X 200MT CORSAN;Diana Tobón;8/04/2026;1;2000;0;2000;800;Efectivo
VEN03984;CLI297;12597;ADAPTADOR DE 3/4 EMT;Carlos Mario Hoyos;7/08/2025;2;2000;200;3800;1400;Tarjeta
VEN03985;CLI117;10009;ABRAZADERA TITAN 11/8A17/8  40-24;Milena Restrepo;10/05/2026;3;2000;0;6000;2400;Transferencia
VEN03986;CLI187;10012;ABRAZADERA TITAN  2A2-3/8 40-36;Andrés Cardona;19/06/2025;10;2000;0;20000;8000;Transferencia
VEN03987;CLI276;10026;ACRONAL  DE GALON;Andrés Cardona;19/08/2025;2;2000;0;4000;1600;Efectivo
VEN03988;CLI188;10047;ALAMBRE CENTELSA N 12 AMARILLO;Diana Tobón;10/06/2025;1;2000;0;2000;800;Transferencia
VEN03989;CLI155;10004;ABRAZADERA TITAN 7/16A25/32 - 1/2 10-06;Diana Tobón;19/04/2025;2;2000;0;4000;1600;Tarjeta
VEN03990;CLI124;10042;ALAMBRE CENTELSA N 10 AZUL;Carlos Mario Hoyos;19/03/2025;10;2000;0;20000;8000;Tarjeta
VEN03991;CLI258;10051;ALAMBRE CENTELSA N 12 ROJO;Milena Restrepo;19/03/2025;10;2000;0;20000;8000;Tarjeta
VEN03992;CLI296;10005;ABRAZADERA TITAN 1/2A3/4  40-06;Carlos Mario Hoyos;15/05/2025;5;2000;0;10000;4000;Transferencia
VEN03993;CLI141;12178;ACOPLE RAPIDO PISTOLA PINTAR JUEGO X 5;Diana Tobón;31/03/2025;5;2000;0;10000;4000;Tarjeta
VEN03994;CLI222;10018;ACIDO CORRIENTE X 480;Andrés Cardona;3/05/2026;1;2000;0;2000;800;Tarjeta
VEN03995;CLI107;10063;ALICATE FOCCI 8,5 DSF-1684;Carlos Mario Hoyos;18/05/2025;10;2000;1000;19000;7000;Efectivo
VEN03996;CLI137;10735;ADAPTADOR DE ESPIGO A ROSCA DE 1/2;Diana Tobón;10/01/2025;2;2000;0;4000;1600;Transferencia
VEN03997;CLI095;10006;ABRAZADERA TITAN 3/4A1 40-12;Andrés Cardona;22/10/2025;1;2000;0;2000;800;Tarjeta
VEN03998;CLI125;10001;ABRAZADERA 1/2 ECONOMICA;Milena Restrepo;13/05/2026;5;2000;0;10000;4000;Tarjeta
VEN03999;CLI223;10052;ALAMBRE CENTELSA N 12 VERDE;Carlos Mario Hoyos;1/04/2026;1;2000;0;2000;800;Transferencia
VEN04000;CLI288;10004;ABRAZADERA TITAN 7/16A25/32 - 1/2 10-06;Carlos Mario Hoyos;2/01/2026;2;2000;0;4000;1600;Efectivo
VEN04001;CLI235;10003;ABRAZADERA TITAN 5/16A5/8 - 3/8  10-04;Milena Restrepo;19/04/2025;10;2000;0;20000;8000;Efectivo
VEN04002;CLI078;10032;ALAMBRE PUA  C14 X 350MT CORSAN;Diana Tobón;12/12/2025;2;2000;0;4000;1600;Efectivo
VEN04003;CLI177;10056;ALAMBRE CENTELSA N 14 NEGRO;Diana Tobón;27/01/2025;1;2000;0;2000;800;Transferencia
VEN04004;CLI161;10006;ABRAZADERA TITAN 3/4A1 40-12;Andrés Cardona;15/01/2026;3;2000;300;5700;2100;Transferencia
VEN04005;CLI110;11830;ALQUITRAN POR KILO;Andrés Cardona;18/03/2025;10;2000;1000;19000;7000;Efectivo
VEN04006;CLI034;10055;ALAMBRE CENTELSA N 14 BLANCO;Carlos Mario Hoyos;23/11/2025;5;2000;0;10000;4000;Transferencia
VEN04007;CLI179;10019;ACOPLE LAVAMANO CORTO  CARDENAS;Carlos Mario Hoyos;24/07/2025;10;2000;0;20000;8000;Efectivo
VEN04008;CLI169;11701;"ADAPTADOR MACHO DE 3/4"" PVC LEO";Diana Tobón;16/02/2025;3;2000;0;6000;2400;Transferencia
VEN04009;CLI286;10040;ALAMBRE CENTELSA N  8 VERDE;Carlos Mario Hoyos;24/11/2025;1;2000;100;1900;700;Transferencia
VEN04010;CLI049;12241;ACOPLE SAMURAY CAUCHO ECONOMICO;Milena Restrepo;4/04/2026;2;2000;0;4000;1600;Tarjeta
VEN04011;CLI238;10042;ALAMBRE CENTELSA N 10 AZUL;Carlos Mario Hoyos;31/10/2025;3;2000;300;5700;2100;Transferencia
VEN04012;CLI217;10031;ALAMBRE PUA C 14 X 500MT;Milena Restrepo;24/12/2025;10;2000;0;20000;8000;Tarjeta
VEN04013;CLI171;11700;"ADAPTADOR MACHO DE 1/2"" PVC LEO";Carlos Mario Hoyos;13/07/2025;2;2000;0;4000;1600;Tarjeta
VEN04014;CLI040;10051;ALAMBRE CENTELSA N 12 ROJO;Carlos Mario Hoyos;12/12/2025;2;2000;0;4000;1600;Tarjeta
VEN04015;CLI173;11057;ACOPLE LAVAMANOS GRIVAL 40CMS;Milena Restrepo;12/02/2026;2;2000;0;4000;1600;Efectivo
VEN04016;CLI206;10039;ALAMBRE CENTELSA N  8 ROJO;Andrés Cardona;20/03/2025;10;2000;0;20000;8000;Efectivo
VEN04017;CLI258;10009;ABRAZADERA TITAN 11/8A17/8  40-24;Andrés Cardona;13/02/2025;3;2000;0;6000;2400;Tarjeta
VEN04018;CLI078;10043;ALAMBRE CENTELSA N 10 BLANCO;Milena Restrepo;2/02/2025;1;2000;0;2000;800;Efectivo
VEN04019;CLI213;10055;ALAMBRE CENTELSA N 14 BLANCO;Carlos Mario Hoyos;16/09/2025;10;2000;0;20000;8000;Transferencia
VEN04020;CLI110;10048;ALAMBRE CENTELSA N 12 AZUL;Milena Restrepo;26/03/2025;1;2000;200;1800;600;Tarjeta
VEN04021;CLI099;10059;ALCOHOL INDUSTRIAL X 500;Carlos Mario Hoyos;24/12/2025;5;2000;0;10000;4000;Efectivo
VEN04022;CLI001;11702;"ADAPTADOR MACHO DE 1"" LEO";Diana Tobón;23/06/2025;1;2000;0;2000;800;Efectivo
VEN04023;CLI117;11703;"ADAPTADOR MACHO DE 11/2"" PVC LEO";Diana Tobón;19/02/2026;2;2000;200;3800;1400;Transferencia
VEN04024;CLI137;10879;ADAPTADOR MACHO 1/2 X 16MM PE AL PE;Andrés Cardona;11/04/2025;5;2000;0;10000;4000;Efectivo
VEN04025;CLI229;10055;ALAMBRE CENTELSA N 14 BLANCO;Diana Tobón;8/10/2025;5;2000;0;10000;4000;Tarjeta
VEN04026;CLI153;10030;AEROGRAFO X 150 ML ABANICO HOPEX F2;Carlos Mario Hoyos;14/05/2025;1;2000;0;2000;800;Tarjeta
VEN04027;CLI129;10008;ABRAZADERA TITAN 1A19/16 40-20;Carlos Mario Hoyos;7/02/2026;10;2000;0;20000;8000;Efectivo
VEN04028;CLI038;10043;ALAMBRE CENTELSA N 10 BLANCO;Milena Restrepo;30/05/2025;1;2000;100;1900;700;Efectivo
VEN04029;CLI155;10041;ALAMBRE CENTELSA N 10 AMARILLO;Milena Restrepo;26/11/2025;5;2000;0;10000;4000;Transferencia
VEN04030;CLI179;10010;ABRAZADERA TITAN 11/4A2 40-28;Andrés Cardona;24/03/2025;5;2000;500;9500;3500;Efectivo
VEN04031;CLI163;10014;ABRAZADERA TITAN 2-3/8A3-1/8  40-44;Carlos Mario Hoyos;16/04/2026;1;2000;0;2000;800;Efectivo
VEN04032;CLI158;10007;ABRAZADERA TITAN 29/32A1-3/8 40-16;Andrés Cardona;31/07/2025;5;2000;0;10000;4000;Tarjeta
VEN04033;CLI072;11702;"ADAPTADOR MACHO DE 1"" LEO";Andrés Cardona;11/07/2025;10;2000;0;20000;8000;Transferencia
VEN04034;CLI268;10014;ABRAZADERA TITAN 2-3/8A3-1/8  40-44;Carlos Mario Hoyos;15/01/2026;5;2000;0;10000;4000;Tarjeta
VEN04035;CLI044;10022;ACOPLE SANITARIO CARDENAS LARGO;Diana Tobón;12/03/2026;2;2000;0;4000;1600;Tarjeta
VEN04036;CLI193;12597;ADAPTADOR DE 3/4 EMT;Diana Tobón;24/04/2026;5;2000;1000;9000;3000;Efectivo
VEN04037;CLI003;10060;ALICATE  BICOLOR N 8;Milena Restrepo;11/04/2025;5;2000;0;10000;4000;Tarjeta
VEN04038;CLI190;10042;ALAMBRE CENTELSA N 10 AZUL;Diana Tobón;28/03/2026;1;2000;0;2000;800;Transferencia
VEN04039;CLI056;10022;ACOPLE SANITARIO CARDENAS LARGO;Diana Tobón;20/07/2025;10;2000;0;20000;8000;Tarjeta
VEN04040;CLI232;10042;ALAMBRE CENTELSA N 10 AZUL;Andrés Cardona;18/12/2025;10;2000;0;20000;8000;Efectivo
VEN04041;CLI169;11057;ACOPLE LAVAMANOS GRIVAL 40CMS;Diana Tobón;30/08/2025;10;2000;0;20000;8000;Efectivo
VEN04042;CLI109;10021;ACOPLE LAVAMANOS GRIPLAS;Carlos Mario Hoyos;12/12/2025;1;2000;0;2000;800;Tarjeta
VEN04043;CLI264;10010;ABRAZADERA TITAN 11/4A2 40-28;Milena Restrepo;18/02/2025;1;2000;0;2000;800;Transferencia
VEN04044;CLI217;10034;ALAMBRE PUA C16 X 400MT CORSAN;Diana Tobón;8/02/2025;1;2000;0;2000;800;Efectivo
VEN04045;CLI280;11942;AGUA STOP CAUCHO GRIPLAS;Milena Restrepo;22/01/2026;2;2000;0;4000;1600;Efectivo
VEN04046;CLI164;12187;ACOPLE RAPIDO PISTOLA PINTAR;Carlos Mario Hoyos;26/02/2025;5;2000;0;10000;4000;Efectivo
VEN04047;CLI133;11941;AGUA STOP AHORRADOR PLASTIG;Carlos Mario Hoyos;27/05/2025;1;2000;0;2000;800;Efectivo
VEN04048;CLI049;10735;ADAPTADOR DE ESPIGO A ROSCA DE 1/2;Diana Tobón;24/10/2025;5;2000;500;9500;3500;Efectivo
VEN04049;CLI241;12187;ACOPLE RAPIDO PISTOLA PINTAR;Carlos Mario Hoyos;15/07/2025;3;2000;0;6000;2400;Efectivo
VEN04050;CLI046;10036;ALAMBRE CENTELSA N  8 AZUL;Andrés Cardona;16/03/2025;1;2000;100;1900;700;Transferencia
VEN04051;CLI139;10027;AEROGRAFO F75 400 ML DSF-1499;Andrés Cardona;21/02/2026;2;2000;0;4000;1600;Efectivo
VEN04052;CLI073;10001;ABRAZADERA 1/2 ECONOMICA;Milena Restrepo;17/11/2025;3;2000;0;6000;2400;Tarjeta
VEN04053;CLI059;10054;ALAMBRE CENTELSA N 14 AZUL;Diana Tobón;23/09/2025;1;2000;100;1900;700;Transferencia
VEN04054;CLI274;11700;"ADAPTADOR MACHO DE 1/2"" PVC LEO";Andrés Cardona;8/06/2025;2;2000;0;4000;1600;Efectivo
VEN04055;CLI158;12177;AGUJAS PISTOLA PINTAR;Diana Tobón;22/03/2026;2;2000;200;3800;1400;Transferencia
VEN04056;CLI156;10025;ACRONAL  DE 1/4;Diana Tobón;20/05/2025;1;2000;0;2000;800;Transferencia
VEN04057;CLI266;10029;AEROGRAFO X 125 ML CHORRO DSF-1505 K3;Diana Tobón;21/03/2025;5;2000;0;10000;4000;Transferencia
VEN04058;CLI136;12597;ADAPTADOR DE 3/4 EMT;Milena Restrepo;13/07/2025;10;2000;0;20000;8000;Transferencia
VEN04059;CLI055;10039;ALAMBRE CENTELSA N  8 ROJO;Carlos Mario Hoyos;15/05/2026;3;2000;300;5700;2100;Efectivo
VEN04060;CLI167;10056;ALAMBRE CENTELSA N 14 NEGRO;Milena Restrepo;15/06/2025;1;2000;0;2000;800;Tarjeta
VEN04061;CLI262;11071;ACOPLE LAVAMANOS GRIVAL LARGO 60;Andrés Cardona;1/06/2025;2;2000;200;3800;1400;Transferencia
VEN04062;CLI283;10046;ALAMBRE CENTELSA N 10 VERDE;Diana Tobón;20/03/2025;10;2000;0;20000;8000;Tarjeta
VEN04063;CLI066;11057;ACOPLE LAVAMANOS GRIVAL 40CMS;Milena Restrepo;22/11/2025;1;2000;0;2000;800;Efectivo
VEN04064;CLI265;11072;ACOPLE SANITARIO GRIVAL LARGO 55;Andrés Cardona;31/07/2025;5;2000;0;10000;4000;Transferencia
VEN04065;CLI037;11830;ALQUITRAN POR KILO;Andrés Cardona;25/10/2025;2;2000;200;3800;1400;Transferencia
VEN04066;CLI105;10038;ALAMBRE CENTELSA N  8 NEGRO;Diana Tobón;3/11/2025;5;2000;0;10000;4000;Tarjeta
VEN04067;CLI103;10052;ALAMBRE CENTELSA N 12 VERDE;Andrés Cardona;17/06/2025;2;2000;0;4000;1600;Transferencia
VEN04068;CLI064;11700;"ADAPTADOR MACHO DE 1/2"" PVC LEO";Carlos Mario Hoyos;4/06/2025;5;2000;0;10000;4000;Tarjeta
VEN04069;CLI094;12177;AGUJAS PISTOLA PINTAR;Andrés Cardona;8/04/2025;3;2000;0;6000;2400;Transferencia
VEN04070;CLI040;10024;ACOPLE SANITARIO GRIPLAS;Milena Restrepo;1/11/2025;3;2000;0;6000;2400;Transferencia
VEN04071;CLI121;10035;ALAMBRE CENTELSA N  8 AMARILLO;Diana Tobón;15/04/2025;1;2000;0;2000;800;Tarjeta
VEN04072;CLI206;10038;ALAMBRE CENTELSA N  8 NEGRO;Andrés Cardona;22/05/2025;1;2000;0;2000;800;Transferencia
VEN04073;CLI058;10060;ALICATE  BICOLOR N 8;Andrés Cardona;15/12/2025;3;2000;0;6000;2400;Transferencia
VEN04074;CLI124;10014;ABRAZADERA TITAN 2-3/8A3-1/8  40-44;Diana Tobón;22/12/2025;1;2000;0;2000;800;Tarjeta
VEN04075;CLI020;10064;ALICATE STANLEY N 8 84-023;Andrés Cardona;28/07/2025;3;2000;0;6000;2400;Efectivo
VEN04076;CLI091;10023;ACOPLE SANITARIO CORTO CARDENAS;Milena Restrepo;13/12/2025;1;2000;0;2000;800;Efectivo
VEN04077;CLI042;10062;ALICATE 8 NARANJA DSF-6050;Carlos Mario Hoyos;12/08/2025;2;2000;0;4000;1600;Transferencia
VEN04078;CLI073;10018;ACIDO CORRIENTE X 480;Andrés Cardona;18/07/2025;3;2000;0;6000;2400;Efectivo
VEN04079;CLI159;10028;AEROGRAFO LAPICERO X 4 HOPEX PROFESI;Diana Tobón;2/04/2026;10;2000;0;20000;8000;Efectivo
VEN04080;CLI134;10046;ALAMBRE CENTELSA N 10 VERDE;Carlos Mario Hoyos;1/09/2025;3;2000;0;6000;2400;Efectivo
VEN04081;CLI272;10060;ALICATE  BICOLOR N 8;Carlos Mario Hoyos;20/08/2025;5;2000;0;10000;4000;Efectivo
VEN04082;CLI186;10049;ALAMBRE CENTELSA N 12 BLANCO;Milena Restrepo;2/07/2025;10;2000;0;20000;8000;Transferencia
VEN04083;CLI203;11942;AGUA STOP CAUCHO GRIPLAS;Carlos Mario Hoyos;28/02/2026;1;2000;0;2000;800;Tarjeta
VEN04084;CLI006;10019;ACOPLE LAVAMANO CORTO  CARDENAS;Carlos Mario Hoyos;14/04/2026;1;2000;0;2000;800;Transferencia
VEN04085;CLI183;10051;ALAMBRE CENTELSA N 12 ROJO;Milena Restrepo;27/01/2025;5;2000;0;10000;4000;Tarjeta
VEN04086;CLI185;10057;ALAMBRE CENTELSA N 14 ROJO;Diana Tobón;6/03/2026;2;2000;0;4000;1600;Efectivo
VEN04087;CLI007;10005;ABRAZADERA TITAN 1/2A3/4  40-06;Diana Tobón;16/05/2025;10;2000;0;20000;8000;Transferencia
VEN04088;CLI019;10043;ALAMBRE CENTELSA N 10 BLANCO;Carlos Mario Hoyos;26/04/2025;10;2000;0;20000;8000;Efectivo
VEN04089;CLI153;12188;ACOPLE RAPIDO PISTOLA X 2 DORADO DSF-6035;Andrés Cardona;21/03/2026;10;2000;0;20000;8000;Tarjeta
VEN04090;CLI117;10008;ABRAZADERA TITAN 1A19/16 40-20;Andrés Cardona;22/03/2025;5;2000;0;10000;4000;Tarjeta
VEN04091;CLI259;10042;ALAMBRE CENTELSA N 10 AZUL;Milena Restrepo;23/02/2025;3;2000;0;6000;2400;Efectivo
VEN04092;CLI123;10037;ALAMBRE CENTELSA N  8 BLANCO;Carlos Mario Hoyos;7/09/2025;10;2000;0;20000;8000;Transferencia
VEN04093;CLI255;10050;ALAMBRE CENTELSA N 12 NEGRO;Milena Restrepo;23/08/2025;3;2000;0;6000;2400;Efectivo
VEN04094;CLI055;10004;ABRAZADERA TITAN 7/16A25/32 - 1/2 10-06;Diana Tobón;4/12/2025;1;2000;0;2000;800;Transferencia
VEN04095;CLI103;11703;"ADAPTADOR MACHO DE 11/2"" PVC LEO";Milena Restrepo;17/01/2025;10;2000;0;20000;8000;Tarjeta
VEN04096;CLI277;10015;ABRAZADERA TITAN 31/2A45/16 40-56;Diana Tobón;25/09/2025;5;2000;0;10000;4000;Tarjeta
VEN04097;CLI140;10036;ALAMBRE CENTELSA N  8 AZUL;Diana Tobón;10/12/2025;3;2000;0;6000;2400;Transferencia
VEN04098;CLI051;10022;ACOPLE SANITARIO CARDENAS LARGO;Carlos Mario Hoyos;26/06/2025;10;2000;1000;19000;7000;Transferencia
VEN04099;CLI176;12597;ADAPTADOR DE 3/4 EMT;Milena Restrepo;28/01/2026;10;2000;0;20000;8000;Efectivo
VEN04100;CLI134;10036;ALAMBRE CENTELSA N  8 AZUL;Diana Tobón;22/07/2025;3;2000;0;6000;2400;Efectivo
VEN04101;CLI222;10011;ABRAZADERA TITAN 13/4A21/2  40-32;Milena Restrepo;1/12/2025;1;2000;0;2000;800;Transferencia
VEN04102;CLI019;10016;ACEITE USA1 X 30 CC;Carlos Mario Hoyos;25/02/2025;2;2000;400;3600;1200;Transferencia
VEN04103;CLI020;10023;ACOPLE SANITARIO CORTO CARDENAS;Diana Tobón;9/10/2025;5;2000;0;10000;4000;Efectivo
VEN04104;CLI068;12241;ACOPLE SAMURAY CAUCHO ECONOMICO;Milena Restrepo;2/03/2025;2;2000;0;4000;1600;Transferencia
VEN04105;CLI108;10021;ACOPLE LAVAMANOS GRIPLAS;Milena Restrepo;16/01/2025;2;2000;0;4000;1600;Transferencia
VEN04106;CLI238;10015;ABRAZADERA TITAN 31/2A45/16 40-56;Andrés Cardona;1/11/2025;3;2000;0;6000;2400;Tarjeta
VEN04107;CLI119;10031;ALAMBRE PUA C 14 X 500MT;Carlos Mario Hoyos;16/03/2025;5;2000;500;9500;3500;Efectivo
VEN04108;CLI104;12188;ACOPLE RAPIDO PISTOLA X 2 DORADO DSF-6035;Milena Restrepo;20/04/2026;3;2000;0;6000;2400;Efectivo
VEN04109;CLI088;10016;ACEITE USA1 X 30 CC;Milena Restrepo;10/10/2025;5;2000;500;9500;3500;Efectivo
VEN04110;CLI113;11704;"ADAPTADOR MACHO DE 2"" PVC LEO";Carlos Mario Hoyos;30/09/2025;10;2000;0;20000;8000;Efectivo
VEN04111;CLI018;10048;ALAMBRE CENTELSA N 12 AZUL;Milena Restrepo;28/11/2025;10;2000;0;20000;8000;Efectivo
VEN04112;CLI015;10052;ALAMBRE CENTELSA N 12 VERDE;Andrés Cardona;22/06/2025;3;2000;0;6000;2400;Transferencia
VEN04113;CLI285;10016;ACEITE USA1 X 30 CC;Andrés Cardona;15/12/2025;1;2000;0;2000;800;Efectivo
VEN04114;CLI164;10053;ALAMBRE CENTELSA N 14 AMARILLO;Andrés Cardona;9/07/2025;5;2000;0;10000;4000;Tarjeta
VEN04115;CLI133;10026;ACRONAL  DE GALON;Carlos Mario Hoyos;1/02/2026;3;2000;0;6000;2400;Transferencia
VEN04116;CLI277;10018;ACIDO CORRIENTE X 480;Carlos Mario Hoyos;31/08/2025;2;2000;0;4000;1600;Efectivo
VEN04117;CLI141;10041;ALAMBRE CENTELSA N 10 AMARILLO;Carlos Mario Hoyos;19/12/2025;10;2000;0;20000;8000;Tarjeta
VEN04118;CLI125;11058;ACOPLE SANITARIO GRIVAL 40 CMS;Milena Restrepo;28/04/2026;10;2000;0;20000;8000;Efectivo
VEN04119;CLI200;10043;ALAMBRE CENTELSA N 10 BLANCO;Milena Restrepo;21/08/2025;2;2000;0;4000;1600;Tarjeta
VEN04120;CLI189;10062;ALICATE 8 NARANJA DSF-6050;Milena Restrepo;27/11/2025;1;2000;0;2000;800;Efectivo
VEN04121;CLI137;10047;ALAMBRE CENTELSA N 12 AMARILLO;Andrés Cardona;14/01/2025;3;2000;0;6000;2400;Efectivo
VEN04122;CLI202;10013;ABRAZADERA TITAN 23/8A31/8  40-40;Diana Tobón;30/03/2025;3;2000;0;6000;2400;Tarjeta
VEN04123;CLI017;11699;ADAPTADOR HEMBRA DE 3/4 PVC LEO;Carlos Mario Hoyos;21/02/2026;3;2000;0;6000;2400;Efectivo
VEN04124;CLI174;10046;ALAMBRE CENTELSA N 10 VERDE;Andrés Cardona;31/01/2025;1;2000;0;2000;800;Tarjeta
VEN04125;CLI219;12596;ADAPTADOR DE 1/2 EMT;Milena Restrepo;9/08/2025;5;2000;500;9500;3500;Tarjeta
VEN04126;CLI059;11941;AGUA STOP AHORRADOR PLASTIG;Milena Restrepo;1/08/2025;3;2000;0;6000;2400;Tarjeta
VEN04127;CLI131;10029;AEROGRAFO X 125 ML CHORRO DSF-1505 K3;Milena Restrepo;6/10/2025;5;2000;500;9500;3500;Efectivo
VEN04128;CLI025;10038;ALAMBRE CENTELSA N  8 NEGRO;Diana Tobón;22/10/2025;2;2000;0;4000;1600;Tarjeta
VEN04129;CLI300;12240;ACOPLE PASTA SAMURAY ECONOMICO;Diana Tobón;24/02/2026;1;2000;0;2000;800;Tarjeta
VEN04130;CLI126;10030;AEROGRAFO X 150 ML ABANICO HOPEX F2;Andrés Cardona;1/01/2025;1;2000;0;2000;800;Efectivo
VEN04131;CLI283;10033;ALAMBRE PUA C16 X 200MT CORSAN;Diana Tobón;20/10/2025;5;2000;0;10000;4000;Tarjeta
VEN04132;CLI151;10043;ALAMBRE CENTELSA N 10 BLANCO;Andrés Cardona;27/11/2025;2;2000;0;4000;1600;Transferencia
VEN04133;CLI240;10061;ALICATE 6 NARANJA DSF-6049;Andrés Cardona;3/06/2025;5;2000;0;10000;4000;Transferencia
VEN04134;CLI012;10006;ABRAZADERA TITAN 3/4A1 40-12;Andrés Cardona;7/02/2026;1;2000;0;2000;800;Efectivo
VEN04135;CLI294;10026;ACRONAL  DE GALON;Andrés Cardona;3/07/2025;2;2000;0;4000;1600;Tarjeta
VEN04136;CLI163;10084;AGUAMONIACO  FRASCO X 480;Milena Restrepo;26/09/2025;1;3800;0;3800;2600;Tarjeta
VEN04137;CLI240;10878;ADAPTADOR HEMBRA 1/2 X 16MM PE AL PE;Carlos Mario Hoyos;30/04/2026;3;10800;0;32400;28800;Efectivo
VEN04138;CLI262;10028;AEROGRAFO LAPICERO X 4 HOPEX PROFESI;Diana Tobón;25/01/2025;3;2000;0;6000;2400;Tarjeta
VEN04139;CLI219;10024;ACOPLE SANITARIO GRIPLAS;Carlos Mario Hoyos;5/05/2026;5;2000;0;10000;4000;Tarjeta
VEN04140;CLI053;10050;ALAMBRE CENTELSA N 12 NEGRO;Carlos Mario Hoyos;30/09/2025;2;2000;0;4000;1600;Transferencia
VEN04141;CLI192;11072;ACOPLE SANITARIO GRIVAL LARGO 55;Diana Tobón;10/12/2025;3;2000;0;6000;2400;Tarjeta
VEN04142;CLI178;11059;AGUA STOP CAUCHO GRIVAL;Andrés Cardona;23/12/2025;1;2000;0;2000;800;Efectivo
VEN04143;CLI185;12240;ACOPLE PASTA SAMURAY ECONOMICO;Diana Tobón;15/10/2025;1;2000;0;2000;800;Transferencia
VEN04144;CLI119;10016;ACEITE USA1 X 30 CC;Milena Restrepo;3/12/2025;2;2000;0;4000;1600;Transferencia
VEN04145;CLI268;10031;ALAMBRE PUA C 14 X 500MT;Diana Tobón;24/01/2026;5;2000;0;10000;4000;Efectivo
VEN04146;CLI026;11072;ACOPLE SANITARIO GRIVAL LARGO 55;Andrés Cardona;15/10/2025;3;2000;0;6000;2400;Efectivo
VEN04147;CLI257;12596;ADAPTADOR DE 1/2 EMT;Carlos Mario Hoyos;5/07/2025;10;2000;1000;19000;7000;Tarjeta
VEN04148;CLI012;10037;ALAMBRE CENTELSA N  8 BLANCO;Carlos Mario Hoyos;6/03/2025;2;2000;0;4000;1600;Transferencia
VEN04149;CLI032;10878;ADAPTADOR HEMBRA 1/2 X 16MM PE AL PE;Carlos Mario Hoyos;17/01/2026;1;10800;540;10260;9060;Efectivo
VEN04150;CLI287;10023;ACOPLE SANITARIO CORTO CARDENAS;Carlos Mario Hoyos;23/10/2025;2;2000;0;4000;1600;Tarjeta
VEN04151;CLI112;10046;ALAMBRE CENTELSA N 10 VERDE;Diana Tobón;2/09/2025;5;2000;0;10000;4000;Efectivo
VEN04152;CLI083;10027;AEROGRAFO F75 400 ML DSF-1499;Andrés Cardona;26/07/2025;5;2000;0;10000;4000;Tarjeta
VEN04153;CLI125;10039;ALAMBRE CENTELSA N  8 ROJO;Carlos Mario Hoyos;21/04/2026;2;2000;400;3600;1200;Efectivo
VEN04154;CLI040;10046;ALAMBRE CENTELSA N 10 VERDE;Diana Tobón;31/05/2025;3;2000;0;6000;2400;Transferencia
VEN04155;CLI299;12596;ADAPTADOR DE 1/2 EMT;Andrés Cardona;22/09/2025;2;2000;0;4000;1600;Tarjeta
VEN04156;CLI139;10010;ABRAZADERA TITAN 11/4A2 40-28;Andrés Cardona;9/03/2025;1;2000;200;1800;600;Transferencia
VEN04157;CLI083;12178;ACOPLE RAPIDO PISTOLA PINTAR JUEGO X 5;Andrés Cardona;8/05/2026;5;2000;0;10000;4000;Transferencia
VEN04158;CLI294;10022;ACOPLE SANITARIO CARDENAS LARGO;Carlos Mario Hoyos;10/08/2025;5;2000;0;10000;4000;Tarjeta
VEN04159;CLI147;10034;ALAMBRE PUA C16 X 400MT CORSAN;Andrés Cardona;16/08/2025;2;2000;0;4000;1600;Transferencia
VEN04160;CLI122;11685;ACOPLE CAUCHO SUELTO LICUADORA OSTER;Andrés Cardona;9/07/2025;5;2000;0;10000;4000;Tarjeta
VEN04161;CLI087;11698;"ADAPTADOR HEMBRA  1/2"" LEO PRECION";Diana Tobón;5/01/2026;2;2000;0;4000;1600;Tarjeta
VEN04162;CLI196;10735;ADAPTADOR DE ESPIGO A ROSCA DE 1/2;Carlos Mario Hoyos;16/05/2025;2;2000;0;4000;1600;Efectivo
VEN04163;CLI073;10043;ALAMBRE CENTELSA N 10 BLANCO;Diana Tobón;8/08/2025;10;2000;0;20000;8000;Tarjeta
VEN04164;CLI230;10021;ACOPLE LAVAMANOS GRIPLAS;Andrés Cardona;6/11/2025;1;2000;0;2000;800;Tarjeta
VEN04165;CLI202;10043;ALAMBRE CENTELSA N 10 BLANCO;Diana Tobón;9/06/2025;10;2000;0;20000;8000;Tarjeta
VEN04166;CLI167;10036;ALAMBRE CENTELSA N  8 AZUL;Andrés Cardona;10/01/2025;5;2000;500;9500;3500;Tarjeta
VEN04167;CLI012;10033;ALAMBRE PUA C16 X 200MT CORSAN;Andrés Cardona;8/07/2025;3;2000;0;6000;2400;Tarjeta
VEN04168;CLI134;10027;AEROGRAFO F75 400 ML DSF-1499;Milena Restrepo;18/04/2026;1;2000;0;2000;800;Efectivo
VEN04169;CLI175;10023;ACOPLE SANITARIO CORTO CARDENAS;Diana Tobón;15/10/2025;3;2000;0;6000;2400;Efectivo
VEN04170;CLI299;10059;ALCOHOL INDUSTRIAL X 500;Carlos Mario Hoyos;29/08/2025;2;2000;200;3800;1400;Transferencia
VEN04171;CLI061;12597;ADAPTADOR DE 3/4 EMT;Diana Tobón;24/09/2025;3;2000;0;6000;2400;Efectivo
VEN04172;CLI245;10052;ALAMBRE CENTELSA N 12 VERDE;Carlos Mario Hoyos;17/04/2026;1;2000;0;2000;800;Transferencia
VEN04173;CLI061;11059;AGUA STOP CAUCHO GRIVAL;Carlos Mario Hoyos;6/08/2025;10;2000;1000;19000;7000;Transferencia
VEN04174;CLI271;10028;AEROGRAFO LAPICERO X 4 HOPEX PROFESI;Milena Restrepo;11/05/2026;1;2000;0;2000;800;Transferencia
VEN04175;CLI133;10017;ACEITE USA1 X 70 CC;Milena Restrepo;31/03/2026;2;2000;200;3800;1400;Efectivo
VEN04176;CLI059;11942;AGUA STOP CAUCHO GRIPLAS;Diana Tobón;5/03/2025;5;2000;0;10000;4000;Efectivo
VEN04177;CLI073;11059;AGUA STOP CAUCHO GRIVAL;Diana Tobón;21/11/2025;2;2000;0;4000;1600;Efectivo
VEN04178;CLI096;11942;AGUA STOP CAUCHO GRIPLAS;Diana Tobón;31/08/2025;3;2000;600;5400;1800;Tarjeta
VEN04179;CLI108;10005;ABRAZADERA TITAN 1/2A3/4  40-06;Diana Tobón;10/09/2025;5;2000;0;10000;4000;Tarjeta
VEN04180;CLI191;11830;ALQUITRAN POR KILO;Carlos Mario Hoyos;9/04/2025;1;2000;0;2000;800;Transferencia
VEN04181;CLI068;11685;ACOPLE CAUCHO SUELTO LICUADORA OSTER;Diana Tobón;14/01/2025;1;2000;100;1900;700;Tarjeta
VEN04182;CLI167;10023;ACOPLE SANITARIO CORTO CARDENAS;Milena Restrepo;18/06/2025;5;2000;0;10000;4000;Tarjeta
VEN04183;CLI194;10986;AGUA STOP ARGOLLA GERFOR 581140;Andrés Cardona;6/03/2026;3;2000;0;6000;2400;Transferencia
VEN04184;CLI255;10059;ALCOHOL INDUSTRIAL X 500;Andrés Cardona;14/04/2025;2;2000;200;3800;1400;Transferencia
VEN04185;CLI216;11071;ACOPLE LAVAMANOS GRIVAL LARGO 60;Andrés Cardona;3/04/2026;5;2000;500;9500;3500;Efectivo
VEN04186;CLI232;10060;ALICATE  BICOLOR N 8;Carlos Mario Hoyos;24/09/2025;3;2000;300;5700;2100;Transferencia
VEN04187;CLI238;10003;ABRAZADERA TITAN 5/16A5/8 - 3/8  10-04;Carlos Mario Hoyos;31/08/2025;3;2000;0;6000;2400;Transferencia
VEN04188;CLI086;10051;ALAMBRE CENTELSA N 12 ROJO;Milena Restrepo;13/03/2026;10;2000;0;20000;8000;Efectivo
VEN04189;CLI296;11941;AGUA STOP AHORRADOR PLASTIG;Carlos Mario Hoyos;26/06/2025;10;2000;0;20000;8000;Transferencia
VEN04190;CLI196;11697;"ADAPTADOR HEMBRA DE 1"" PVC LEO";Carlos Mario Hoyos;12/03/2025;1;2000;0;2000;800;Tarjeta
VEN04191;CLI106;10987;AGUA STOP PINES SAPITO GERFOR 580051;Carlos Mario Hoyos;1/09/2025;3;2000;0;6000;2400;Tarjeta
VEN04192;CLI231;10084;AGUAMONIACO  FRASCO X 480;Milena Restrepo;2/10/2025;2;3800;0;7600;5200;Transferencia
VEN04193;CLI300;10039;ALAMBRE CENTELSA N  8 ROJO;Milena Restrepo;21/04/2026;3;2000;0;6000;2400;Efectivo
VEN04194;CLI027;10030;AEROGRAFO X 150 ML ABANICO HOPEX F2;Milena Restrepo;25/08/2025;2;2000;0;4000;1600;Efectivo
VEN04195;CLI279;10014;ABRAZADERA TITAN 2-3/8A3-1/8  40-44;Milena Restrepo;5/01/2026;1;2000;0;2000;800;Tarjeta
VEN04196;CLI139;10027;AEROGRAFO F75 400 ML DSF-1499;Andrés Cardona;17/04/2026;5;2000;0;10000;4000;Efectivo
VEN04197;CLI249;10016;ACEITE USA1 X 30 CC;Andrés Cardona;16/10/2025;3;2000;0;6000;2400;Efectivo
VEN04198;CLI039;10054;ALAMBRE CENTELSA N 14 AZUL;Andrés Cardona;23/03/2025;5;2000;1000;9000;3000;Tarjeta
VEN04199;CLI195;10039;ALAMBRE CENTELSA N  8 ROJO;Andrés Cardona;4/02/2026;10;2000;0;20000;8000;Efectivo
VEN04200;CLI140;11685;ACOPLE CAUCHO SUELTO LICUADORA OSTER;Diana Tobón;13/10/2025;2;2000;0;4000;1600;Tarjeta
VEN04201;CLI089;10987;AGUA STOP PINES SAPITO GERFOR 580051;Diana Tobón;19/07/2025;5;2000;0;10000;4000;Transferencia
VEN04202;CLI257;10035;ALAMBRE CENTELSA N  8 AMARILLO;Carlos Mario Hoyos;13/05/2026;2;2000;0;4000;1600;Transferencia
VEN04203;CLI160;10062;ALICATE 8 NARANJA DSF-6050;Carlos Mario Hoyos;30/10/2025;5;2000;0;10000;4000;Transferencia
VEN04204;CLI287;10017;ACEITE USA1 X 70 CC;Carlos Mario Hoyos;16/03/2025;1;2000;0;2000;800;Efectivo
VEN04205;CLI024;10041;ALAMBRE CENTELSA N 10 AMARILLO;Milena Restrepo;20/07/2025;2;2000;400;3600;1200;Transferencia
VEN04206;CLI231;10014;ABRAZADERA TITAN 2-3/8A3-1/8  40-44;Diana Tobón;11/03/2026;10;2000;0;20000;8000;Tarjeta
VEN04207;CLI022;10029;AEROGRAFO X 125 ML CHORRO DSF-1505 K3;Milena Restrepo;26/08/2025;5;2000;0;10000;4000;Efectivo
VEN04208;CLI210;11697;"ADAPTADOR HEMBRA DE 1"" PVC LEO";Milena Restrepo;11/02/2025;5;2000;0;10000;4000;Efectivo
VEN04209;CLI292;10735;ADAPTADOR DE ESPIGO A ROSCA DE 1/2;Milena Restrepo;28/05/2025;10;2000;0;20000;8000;Efectivo
VEN04210;CLI088;10005;ABRAZADERA TITAN 1/2A3/4  40-06;Carlos Mario Hoyos;14/01/2026;2;2000;0;4000;1600;Efectivo
VEN04211;CLI273;10001;ABRAZADERA 1/2 ECONOMICA;Carlos Mario Hoyos;11/10/2025;5;2000;0;10000;4000;Efectivo
VEN04212;CLI049;12242;ACOPLE SAMURAY PREMIER AMARILLO;Milena Restrepo;25/11/2025;1;2000;0;2000;800;Transferencia
VEN04213;CLI220;10021;ACOPLE LAVAMANOS GRIPLAS;Andrés Cardona;13/02/2026;10;2000;0;20000;8000;Tarjeta
VEN04214;CLI159;10029;AEROGRAFO X 125 ML CHORRO DSF-1505 K3;Carlos Mario Hoyos;20/04/2026;10;2000;0;20000;8000;Transferencia
VEN04215;CLI035;10003;ABRAZADERA TITAN 5/16A5/8 - 3/8  10-04;Andrés Cardona;22/05/2025;10;2000;0;20000;8000;Transferencia
VEN04216;CLI038;10035;ALAMBRE CENTELSA N  8 AMARILLO;Andrés Cardona;11/09/2025;10;2000;0;20000;8000;Efectivo
VEN04217;CLI002;11701;"ADAPTADOR MACHO DE 3/4"" PVC LEO";Diana Tobón;3/01/2025;2;2000;0;4000;1600;Efectivo
VEN04218;CLI174;12597;ADAPTADOR DE 3/4 EMT;Andrés Cardona;7/05/2026;2;2000;0;4000;1600;Tarjeta
VEN04219;CLI024;10049;ALAMBRE CENTELSA N 12 BLANCO;Milena Restrepo;7/08/2025;3;2000;300;5700;2100;Efectivo
VEN04220;CLI008;10032;ALAMBRE PUA  C14 X 350MT CORSAN;Andrés Cardona;25/08/2025;10;2000;0;20000;8000;Efectivo
VEN04221;CLI102;10023;ACOPLE SANITARIO CORTO CARDENAS;Diana Tobón;21/09/2025;3;2000;0;6000;2400;Transferencia
VEN04222;CLI051;10084;AGUAMONIACO  FRASCO X 480;Diana Tobón;20/05/2025;1;3800;0;3800;2600;Efectivo
VEN04223;CLI286;12178;ACOPLE RAPIDO PISTOLA PINTAR JUEGO X 5;Milena Restrepo;7/07/2025;2;2000;0;4000;1600;Efectivo
VEN04224;CLI235;10045;ALAMBRE CENTELSA N 10 ROJO;Andrés Cardona;30/03/2026;2;2000;0;4000;1600;Efectivo
VEN04225;CLI130;10053;ALAMBRE CENTELSA N 14 AMARILLO;Carlos Mario Hoyos;31/03/2025;2;2000;0;4000;1600;Tarjeta
VEN04226;CLI238;11058;ACOPLE SANITARIO GRIVAL 40 CMS;Milena Restrepo;1/03/2026;5;2000;500;9500;3500;Efectivo
VEN04227;CLI229;10034;ALAMBRE PUA C16 X 400MT CORSAN;Andrés Cardona;25/01/2025;10;2000;0;20000;8000;Efectivo
VEN04228;CLI088;11072;ACOPLE SANITARIO GRIVAL LARGO 55;Carlos Mario Hoyos;26/04/2026;2;2000;0;4000;1600;Efectivo
VEN04229;CLI190;11071;ACOPLE LAVAMANOS GRIVAL LARGO 60;Diana Tobón;24/11/2025;10;2000;0;20000;8000;Transferencia
VEN04230;CLI006;10062;ALICATE 8 NARANJA DSF-6050;Milena Restrepo;11/02/2026;5;2000;500;9500;3500;Tarjeta
VEN04231;CLI118;10064;ALICATE STANLEY N 8 84-023;Diana Tobón;13/06/2025;10;2000;0;20000;8000;Transferencia
VEN04232;CLI189;10001;ABRAZADERA 1/2 ECONOMICA;Carlos Mario Hoyos;28/03/2025;1;2000;100;1900;700;Tarjeta
VEN04233;CLI300;10059;ALCOHOL INDUSTRIAL X 500;Carlos Mario Hoyos;16/03/2025;1;2000;0;2000;800;Tarjeta
VEN04234;CLI265;10059;ALCOHOL INDUSTRIAL X 500;Milena Restrepo;8/04/2026;3;2000;0;6000;2400;Transferencia
VEN04235;CLI146;10027;AEROGRAFO F75 400 ML DSF-1499;Milena Restrepo;22/02/2025;5;2000;500;9500;3500;Efectivo
VEN04236;CLI151;10029;AEROGRAFO X 125 ML CHORRO DSF-1505 K3;Milena Restrepo;3/08/2025;1;2000;100;1900;700;Tarjeta
VEN04237;CLI167;11699;ADAPTADOR HEMBRA DE 3/4 PVC LEO;Carlos Mario Hoyos;7/04/2025;1;2000;0;2000;800;Transferencia
VEN04238;CLI143;11059;AGUA STOP CAUCHO GRIVAL;Diana Tobón;13/01/2026;5;2000;0;10000;4000;Efectivo
VEN04239;CLI264;10019;ACOPLE LAVAMANO CORTO  CARDENAS;Carlos Mario Hoyos;30/07/2025;1;2000;0;2000;800;Tarjeta
VEN04240;CLI281;10063;ALICATE FOCCI 8,5 DSF-1684;Milena Restrepo;4/08/2025;2;2000;0;4000;1600;Transferencia
VEN04241;CLI019;10053;ALAMBRE CENTELSA N 14 AMARILLO;Milena Restrepo;12/02/2025;3;2000;0;6000;2400;Tarjeta
VEN04242;CLI289;10062;ALICATE 8 NARANJA DSF-6050;Diana Tobón;31/12/2025;1;2000;0;2000;800;Tarjeta
VEN04243;CLI163;10063;ALICATE FOCCI 8,5 DSF-1684;Andrés Cardona;11/04/2026;10;2000;0;20000;8000;Efectivo
VEN04244;CLI214;11943;AGUA STOP PLASTGRIFOS;Diana Tobón;28/08/2025;1;2000;0;2000;800;Tarjeta
VEN04245;CLI130;10063;ALICATE FOCCI 8,5 DSF-1684;Carlos Mario Hoyos;12/01/2025;10;2000;0;20000;8000;Efectivo
VEN04246;CLI227;10986;AGUA STOP ARGOLLA GERFOR 581140;Milena Restrepo;7/10/2025;2;2000;0;4000;1600;Tarjeta
VEN04247;CLI088;10055;ALAMBRE CENTELSA N 14 BLANCO;Carlos Mario Hoyos;7/05/2025;1;2000;0;2000;800;Efectivo
VEN04248;CLI245;10018;ACIDO CORRIENTE X 480;Carlos Mario Hoyos;24/04/2025;5;2000;0;10000;4000;Tarjeta
VEN04249;CLI039;12188;ACOPLE RAPIDO PISTOLA X 2 DORADO DSF-6035;Carlos Mario Hoyos;14/01/2026;2;2000;0;4000;1600;Transferencia
VEN04250;CLI102;10027;AEROGRAFO F75 400 ML DSF-1499;Andrés Cardona;28/12/2025;10;2000;0;20000;8000;Efectivo
VEN04251;CLI147;10002;ABRAZADERA TITAN 5/16-15/32 10-00;Andrés Cardona;17/01/2026;1;2000;0;2000;800;Tarjeta
VEN04252;CLI137;10046;ALAMBRE CENTELSA N 10 VERDE;Milena Restrepo;17/10/2025;2;2000;200;3800;1400;Efectivo
VEN04253;CLI146;11830;ALQUITRAN POR KILO;Andrés Cardona;29/08/2025;5;2000;0;10000;4000;Efectivo
VEN04254;CLI177;12177;AGUJAS PISTOLA PINTAR;Diana Tobón;20/08/2025;1;2000;0;2000;800;Tarjeta
VEN04255;CLI232;10051;ALAMBRE CENTELSA N 12 ROJO;Milena Restrepo;11/04/2026;10;2000;2000;18000;6000;Tarjeta
VEN04256;CLI050;10057;ALAMBRE CENTELSA N 14 ROJO;Carlos Mario Hoyos;9/02/2025;3;2000;300;5700;2100;Efectivo
VEN04257;CLI075;10024;ACOPLE SANITARIO GRIPLAS;Diana Tobón;28/06/2025;1;2000;0;2000;800;Tarjeta
VEN04258;CLI290;10006;ABRAZADERA TITAN 3/4A1 40-12;Andrés Cardona;9/01/2026;10;2000;0;20000;8000;Tarjeta
VEN04259;CLI264;10049;ALAMBRE CENTELSA N 12 BLANCO;Carlos Mario Hoyos;7/03/2025;10;2000;0;20000;8000;Tarjeta
VEN04260;CLI025;11704;"ADAPTADOR MACHO DE 2"" PVC LEO";Diana Tobón;30/04/2026;3;2000;0;6000;2400;Transferencia
VEN04261;CLI243;10052;ALAMBRE CENTELSA N 12 VERDE;Andrés Cardona;18/05/2025;10;2000;0;20000;8000;Efectivo
VEN04262;CLI272;10009;ABRAZADERA TITAN 11/8A17/8  40-24;Milena Restrepo;22/02/2025;3;2000;0;6000;2400;Transferencia
VEN04263;CLI095;11703;"ADAPTADOR MACHO DE 11/2"" PVC LEO";Carlos Mario Hoyos;8/03/2026;1;2000;200;1800;600;Efectivo
VEN04264;CLI071;10034;ALAMBRE PUA C16 X 400MT CORSAN;Milena Restrepo;15/04/2025;10;2000;0;20000;8000;Efectivo
VEN04265;CLI008;11698;"ADAPTADOR HEMBRA  1/2"" LEO PRECION";Diana Tobón;17/08/2025;1;2000;0;2000;800;Transferencia
VEN04266;CLI009;11830;ALQUITRAN POR KILO;Diana Tobón;10/11/2025;10;2000;0;20000;8000;Efectivo
VEN04267;CLI187;11697;"ADAPTADOR HEMBRA DE 1"" PVC LEO";Diana Tobón;5/05/2025;3;2000;0;6000;2400;Tarjeta
VEN04268;CLI262;11685;ACOPLE CAUCHO SUELTO LICUADORA OSTER;Andrés Cardona;4/12/2025;5;2000;500;9500;3500;Transferencia
VEN04269;CLI168;10053;ALAMBRE CENTELSA N 14 AMARILLO;Carlos Mario Hoyos;31/12/2025;3;2000;0;6000;2400;Transferencia
VEN04270;CLI108;10061;ALICATE 6 NARANJA DSF-6049;Andrés Cardona;7/03/2026;1;2000;0;2000;800;Efectivo
VEN04271;CLI180;10034;ALAMBRE PUA C16 X 400MT CORSAN;Milena Restrepo;8/01/2025;10;2000;0;20000;8000;Efectivo
VEN04272;CLI136;10002;ABRAZADERA TITAN 5/16-15/32 10-00;Carlos Mario Hoyos;13/01/2025;3;2000;0;6000;2400;Tarjeta
VEN04273;CLI011;10011;ABRAZADERA TITAN 13/4A21/2  40-32;Milena Restrepo;16/04/2025;2;2000;0;4000;1600;Transferencia
VEN04274;CLI177;12595;ADAPTADOR DE 1 EMT;Andrés Cardona;11/09/2025;5;2000;0;10000;4000;Tarjeta
VEN04275;CLI110;10027;AEROGRAFO F75 400 ML DSF-1499;Diana Tobón;20/10/2025;2;2000;0;4000;1600;Tarjeta
VEN04276;CLI178;10013;ABRAZADERA TITAN 23/8A31/8  40-40;Milena Restrepo;4/07/2025;5;2000;0;10000;4000;Efectivo
VEN04277;CLI194;11685;ACOPLE CAUCHO SUELTO LICUADORA OSTER;Milena Restrepo;3/02/2025;1;2000;0;2000;800;Transferencia
VEN04278;CLI207;10015;ABRAZADERA TITAN 31/2A45/16 40-56;Carlos Mario Hoyos;12/08/2025;1;2000;100;1900;700;Efectivo
VEN04279;CLI285;10007;ABRAZADERA TITAN 29/32A1-3/8 40-16;Carlos Mario Hoyos;17/11/2025;1;2000;0;2000;800;Transferencia
VEN04280;CLI164;10038;ALAMBRE CENTELSA N  8 NEGRO;Andrés Cardona;18/08/2025;10;2000;0;20000;8000;Tarjeta
VEN04281;CLI223;11072;ACOPLE SANITARIO GRIVAL LARGO 55;Milena Restrepo;12/11/2025;5;2000;1000;9000;3000;Efectivo
VEN04282;CLI150;10055;ALAMBRE CENTELSA N 14 BLANCO;Andrés Cardona;24/11/2025;2;2000;200;3800;1400;Transferencia
VEN04283;CLI223;10050;ALAMBRE CENTELSA N 12 NEGRO;Milena Restrepo;19/12/2025;5;2000;0;10000;4000;Transferencia
VEN04284;CLI291;10014;ABRAZADERA TITAN 2-3/8A3-1/8  40-44;Andrés Cardona;25/04/2025;1;2000;0;2000;800;Tarjeta
VEN04285;CLI003;10008;ABRAZADERA TITAN 1A19/16 40-20;Carlos Mario Hoyos;7/06/2025;3;2000;0;6000;2400;Transferencia
VEN04286;CLI270;11830;ALQUITRAN POR KILO;Carlos Mario Hoyos;13/06/2025;3;2000;0;6000;2400;Efectivo
VEN04287;CLI232;10051;ALAMBRE CENTELSA N 12 ROJO;Milena Restrepo;12/05/2025;10;2000;0;20000;8000;Tarjeta
VEN04288;CLI262;12597;ADAPTADOR DE 3/4 EMT;Andrés Cardona;19/09/2025;1;2000;0;2000;800;Tarjeta
VEN04289;CLI275;10045;ALAMBRE CENTELSA N 10 ROJO;Andrés Cardona;18/02/2026;10;2000;1000;19000;7000;Transferencia
VEN04290;CLI031;10009;ABRAZADERA TITAN 11/8A17/8  40-24;Milena Restrepo;30/07/2025;1;2000;0;2000;800;Efectivo
VEN04291;CLI039;10064;ALICATE STANLEY N 8 84-023;Diana Tobón;31/07/2025;10;2000;0;20000;8000;Transferencia
VEN04292;CLI130;10986;AGUA STOP ARGOLLA GERFOR 581140;Milena Restrepo;31/03/2025;5;2000;500;9500;3500;Transferencia
VEN04293;CLI271;10025;ACRONAL  DE 1/4;Milena Restrepo;10/05/2026;5;2000;0;10000;4000;Efectivo
VEN04294;CLI291;11700;"ADAPTADOR MACHO DE 1/2"" PVC LEO";Diana Tobón;9/06/2025;5;2000;0;10000;4000;Tarjeta
VEN04295;CLI059;10002;ABRAZADERA TITAN 5/16-15/32 10-00;Milena Restrepo;1/05/2026;3;2000;0;6000;2400;Efectivo
VEN04296;CLI227;10039;ALAMBRE CENTELSA N  8 ROJO;Diana Tobón;8/01/2025;1;2000;0;2000;800;Transferencia
VEN04297;CLI191;10056;ALAMBRE CENTELSA N 14 NEGRO;Carlos Mario Hoyos;23/03/2026;3;2000;0;6000;2400;Transferencia
VEN04298;CLI105;10058;ALAMBRE CENTELSA N 14 VERDE;Diana Tobón;10/10/2025;2;2000;200;3800;1400;Transferencia
VEN04299;CLI014;11830;ALQUITRAN POR KILO;Andrés Cardona;1/07/2025;5;2000;0;10000;4000;Efectivo
VEN04300;CLI298;10084;AGUAMONIACO  FRASCO X 480;Carlos Mario Hoyos;23/03/2026;5;3800;0;19000;13000;Transferencia
VEN04301;CLI220;10027;AEROGRAFO F75 400 ML DSF-1499;Milena Restrepo;28/04/2026;3;2000;0;6000;2400;Tarjeta
VEN04302;CLI049;10003;ABRAZADERA TITAN 5/16A5/8 - 3/8  10-04;Carlos Mario Hoyos;16/01/2025;3;2000;0;6000;2400;Efectivo
VEN04303;CLI028;10987;AGUA STOP PINES SAPITO GERFOR 580051;Andrés Cardona;7/12/2025;5;2000;0;10000;4000;Efectivo
VEN04304;CLI128;10013;ABRAZADERA TITAN 23/8A31/8  40-40;Carlos Mario Hoyos;6/05/2025;2;2000;0;4000;1600;Transferencia
VEN04305;CLI047;10028;AEROGRAFO LAPICERO X 4 HOPEX PROFESI;Andrés Cardona;8/02/2025;10;2000;0;20000;8000;Tarjeta
VEN04306;CLI134;11941;AGUA STOP AHORRADOR PLASTIG;Andrés Cardona;24/01/2026;3;2000;300;5700;2100;Efectivo
VEN04307;CLI005;10056;ALAMBRE CENTELSA N 14 NEGRO;Andrés Cardona;24/11/2025;3;2000;0;6000;2400;Tarjeta
VEN04308;CLI123;11696;ADAPTADOR PVC ALARGE 1/2 X 3/8;Carlos Mario Hoyos;20/02/2026;1;2000;100;1900;700;Transferencia
VEN04309;CLI019;10013;ABRAZADERA TITAN 23/8A31/8  40-40;Carlos Mario Hoyos;25/02/2026;10;2000;2000;18000;6000;Transferencia
VEN04310;CLI052;10013;ABRAZADERA TITAN 23/8A31/8  40-40;Milena Restrepo;17/02/2025;3;2000;0;6000;2400;Transferencia
VEN04311;CLI219;10011;ABRAZADERA TITAN 13/4A21/2  40-32;Carlos Mario Hoyos;16/05/2025;1;2000;100;1900;700;Transferencia
VEN04312;CLI029;10044;ALAMBRE CENTELSA N 10 NEGRO;Andrés Cardona;17/10/2025;1;2000;0;2000;800;Transferencia
VEN04313;CLI153;10005;ABRAZADERA TITAN 1/2A3/4  40-06;Carlos Mario Hoyos;8/09/2025;1;2000;200;1800;600;Efectivo
VEN04314;CLI100;11943;AGUA STOP PLASTGRIFOS;Andrés Cardona;16/09/2025;5;2000;0;10000;4000;Tarjeta
VEN04315;CLI199;10057;ALAMBRE CENTELSA N 14 ROJO;Milena Restrepo;24/06/2025;1;2000;0;2000;800;Tarjeta
VEN04316;CLI072;10046;ALAMBRE CENTELSA N 10 VERDE;Carlos Mario Hoyos;4/11/2025;10;2000;0;20000;8000;Tarjeta
VEN04317;CLI084;12178;ACOPLE RAPIDO PISTOLA PINTAR JUEGO X 5;Andrés Cardona;21/10/2025;3;2000;300;5700;2100;Tarjeta
VEN04318;CLI174;10011;ABRAZADERA TITAN 13/4A21/2  40-32;Milena Restrepo;18/04/2025;1;2000;0;2000;800;Transferencia
VEN04319;CLI123;10001;ABRAZADERA 1/2 ECONOMICA;Diana Tobón;28/04/2026;3;2000;0;6000;2400;Transferencia
VEN04320;CLI256;10032;ALAMBRE PUA  C14 X 350MT CORSAN;Milena Restrepo;8/09/2025;1;2000;0;2000;800;Efectivo
VEN04321;CLI246;11698;"ADAPTADOR HEMBRA  1/2"" LEO PRECION";Carlos Mario Hoyos;22/02/2025;1;2000;0;2000;800;Efectivo
VEN04322;CLI149;10038;ALAMBRE CENTELSA N  8 NEGRO;Carlos Mario Hoyos;7/08/2025;3;2000;600;5400;1800;Transferencia
VEN04323;CLI007;11699;ADAPTADOR HEMBRA DE 3/4 PVC LEO;Andrés Cardona;12/03/2026;2;2000;0;4000;1600;Transferencia
VEN04324;CLI159;10879;ADAPTADOR MACHO 1/2 X 16MM PE AL PE;Milena Restrepo;20/11/2025;2;2000;0;4000;1600;Tarjeta
VEN04325;CLI246;10879;ADAPTADOR MACHO 1/2 X 16MM PE AL PE;Diana Tobón;12/06/2025;10;2000;0;20000;8000;Transferencia
VEN04326;CLI238;12240;ACOPLE PASTA SAMURAY ECONOMICO;Carlos Mario Hoyos;9/01/2026;2;2000;0;4000;1600;Tarjeta
VEN04327;CLI105;10058;ALAMBRE CENTELSA N 14 VERDE;Diana Tobón;19/04/2026;3;2000;0;6000;2400;Efectivo
VEN04328;CLI075;11059;AGUA STOP CAUCHO GRIVAL;Andrés Cardona;16/10/2025;1;2000;200;1800;600;Transferencia
VEN04329;CLI072;10048;ALAMBRE CENTELSA N 12 AZUL;Andrés Cardona;15/09/2025;2;2000;0;4000;1600;Transferencia
VEN04330;CLI006;10033;ALAMBRE PUA C16 X 200MT CORSAN;Carlos Mario Hoyos;2/02/2025;5;2000;0;10000;4000;Efectivo
VEN04331;CLI115;11941;AGUA STOP AHORRADOR PLASTIG;Carlos Mario Hoyos;8/12/2025;3;2000;0;6000;2400;Tarjeta
VEN04332;CLI115;10012;ABRAZADERA TITAN  2A2-3/8 40-36;Andrés Cardona;2/07/2025;3;2000;0;6000;2400;Transferencia
VEN04333;CLI178;10055;ALAMBRE CENTELSA N 14 BLANCO;Carlos Mario Hoyos;8/04/2025;5;2000;0;10000;4000;Transferencia
VEN04334;CLI054;11941;AGUA STOP AHORRADOR PLASTIG;Diana Tobón;18/03/2025;1;2000;0;2000;800;Tarjeta
VEN04335;CLI099;10025;ACRONAL  DE 1/4;Andrés Cardona;13/02/2025;1;2000;0;2000;800;Tarjeta
VEN04336;CLI227;10007;ABRAZADERA TITAN 29/32A1-3/8 40-16;Diana Tobón;1/09/2025;3;2000;0;6000;2400;Efectivo
VEN04337;CLI058;10027;AEROGRAFO F75 400 ML DSF-1499;Milena Restrepo;24/11/2025;2;2000;0;4000;1600;Transferencia
VEN04338;CLI196;10051;ALAMBRE CENTELSA N 12 ROJO;Diana Tobón;18/04/2025;3;2000;0;6000;2400;Transferencia
VEN04339;CLI049;10036;ALAMBRE CENTELSA N  8 AZUL;Andrés Cardona;27/02/2025;5;2000;500;9500;3500;Tarjeta
VEN04340;CLI142;10021;ACOPLE LAVAMANOS GRIPLAS;Diana Tobón;6/10/2025;2;2000;0;4000;1600;Transferencia
VEN04341;CLI066;10045;ALAMBRE CENTELSA N 10 ROJO;Diana Tobón;19/05/2025;2;2000;0;4000;1600;Efectivo
VEN04342;CLI235;10987;AGUA STOP PINES SAPITO GERFOR 580051;Andrés Cardona;17/03/2025;1;2000;0;2000;800;Efectivo
VEN04343;CLI020;12187;ACOPLE RAPIDO PISTOLA PINTAR;Andrés Cardona;26/01/2026;5;2000;500;9500;3500;Efectivo
VEN04344;CLI032;10020;ACOPLE LAVAMANOS CARDENAS LARGO;Carlos Mario Hoyos;1/04/2026;2;2000;0;4000;1600;Efectivo
VEN04345;CLI018;10006;ABRAZADERA TITAN 3/4A1 40-12;Carlos Mario Hoyos;27/02/2026;2;2000;0;4000;1600;Efectivo
VEN04346;CLI056;10056;ALAMBRE CENTELSA N 14 NEGRO;Andrés Cardona;15/10/2025;10;2000;0;20000;8000;Efectivo
VEN04347;CLI260;10009;ABRAZADERA TITAN 11/8A17/8  40-24;Andrés Cardona;21/03/2025;1;2000;0;2000;800;Efectivo
VEN04348;CLI079;11701;"ADAPTADOR MACHO DE 3/4"" PVC LEO";Milena Restrepo;31/03/2026;1;2000;0;2000;800;Transferencia
VEN04349;CLI016;10061;ALICATE 6 NARANJA DSF-6049;Andrés Cardona;7/04/2025;10;2000;0;20000;8000;Tarjeta
VEN04350;CLI178;10012;ABRAZADERA TITAN  2A2-3/8 40-36;Milena Restrepo;4/04/2026;3;2000;0;6000;2400;Transferencia
VEN04351;CLI104;11943;AGUA STOP PLASTGRIFOS;Carlos Mario Hoyos;11/04/2026;2;2000;0;4000;1600;Efectivo
VEN04352;CLI173;12178;ACOPLE RAPIDO PISTOLA PINTAR JUEGO X 5;Andrés Cardona;5/08/2025;10;2000;2000;18000;6000;Efectivo
VEN04353;CLI223;10036;ALAMBRE CENTELSA N  8 AZUL;Carlos Mario Hoyos;24/12/2025;2;2000;0;4000;1600;Efectivo
VEN04354;CLI168;10987;AGUA STOP PINES SAPITO GERFOR 580051;Milena Restrepo;27/04/2025;5;2000;500;9500;3500;Efectivo
VEN04355;CLI264;10878;ADAPTADOR HEMBRA 1/2 X 16MM PE AL PE;Andrés Cardona;10/10/2025;2;10800;0;21600;19200;Transferencia
VEN04356;CLI116;12242;ACOPLE SAMURAY PREMIER AMARILLO;Carlos Mario Hoyos;12/07/2025;10;2000;0;20000;8000;Tarjeta
VEN04357;CLI039;11059;AGUA STOP CAUCHO GRIVAL;Andrés Cardona;27/01/2025;3;2000;0;6000;2400;Transferencia
VEN04358;CLI291;10037;ALAMBRE CENTELSA N  8 BLANCO;Carlos Mario Hoyos;7/12/2025;1;2000;200;1800;600;Transferencia
VEN04359;CLI282;12187;ACOPLE RAPIDO PISTOLA PINTAR;Carlos Mario Hoyos;8/08/2025;10;2000;0;20000;8000;Tarjeta
VEN04360;CLI206;10011;ABRAZADERA TITAN 13/4A21/2  40-32;Carlos Mario Hoyos;14/03/2026;2;2000;400;3600;1200;Transferencia
VEN04361;CLI141;11699;ADAPTADOR HEMBRA DE 3/4 PVC LEO;Milena Restrepo;1/04/2026;3;2000;600;5400;1800;Efectivo
VEN04362;CLI244;10031;ALAMBRE PUA C 14 X 500MT;Diana Tobón;23/03/2025;10;2000;0;20000;8000;Efectivo
VEN04363;CLI087;10052;ALAMBRE CENTELSA N 12 VERDE;Diana Tobón;17/08/2025;3;2000;0;6000;2400;Efectivo
VEN04364;CLI263;10051;ALAMBRE CENTELSA N 12 ROJO;Diana Tobón;22/03/2026;2;2000;200;3800;1400;Efectivo
VEN04365;CLI196;10057;ALAMBRE CENTELSA N 14 ROJO;Diana Tobón;13/03/2025;1;2000;100;1900;700;Tarjeta
VEN04366;CLI229;10879;ADAPTADOR MACHO 1/2 X 16MM PE AL PE;Andrés Cardona;25/06/2025;1;2000;100;1900;700;Transferencia
VEN04367;CLI038;10002;ABRAZADERA TITAN 5/16-15/32 10-00;Carlos Mario Hoyos;2/09/2025;5;2000;0;10000;4000;Transferencia
VEN04368;CLI155;11696;ADAPTADOR PVC ALARGE 1/2 X 3/8;Andrés Cardona;5/10/2025;2;2000;0;4000;1600;Transferencia
VEN04369;CLI099;12178;ACOPLE RAPIDO PISTOLA PINTAR JUEGO X 5;Milena Restrepo;16/05/2025;3;2000;0;6000;2400;Transferencia
VEN04370;CLI074;10010;ABRAZADERA TITAN 11/4A2 40-28;Carlos Mario Hoyos;10/03/2025;1;2000;0;2000;800;Tarjeta
VEN04371;CLI078;11942;AGUA STOP CAUCHO GRIPLAS;Milena Restrepo;17/05/2025;1;2000;0;2000;800;Efectivo
VEN04372;CLI222;10015;ABRAZADERA TITAN 31/2A45/16 40-56;Carlos Mario Hoyos;4/05/2025;5;2000;500;9500;3500;Transferencia
VEN04373;CLI072;10044;ALAMBRE CENTELSA N 10 NEGRO;Carlos Mario Hoyos;24/12/2025;3;2000;300;5700;2100;Efectivo
VEN04374;CLI215;11060;AGUA STOP PASTA GRIVAL;Andrés Cardona;21/05/2025;10;2000;0;20000;8000;Transferencia
VEN04375;CLI177;10006;ABRAZADERA TITAN 3/4A1 40-12;Milena Restrepo;20/04/2026;3;2000;600;5400;1800;Efectivo
VEN04376;CLI217;10022;ACOPLE SANITARIO CARDENAS LARGO;Andrés Cardona;20/10/2025;5;2000;0;10000;4000;Efectivo
VEN04377;CLI232;11703;"ADAPTADOR MACHO DE 11/2"" PVC LEO";Milena Restrepo;6/10/2025;10;2000;0;20000;8000;Transferencia
VEN04378;CLI083;10063;ALICATE FOCCI 8,5 DSF-1684;Carlos Mario Hoyos;14/07/2025;1;2000;0;2000;800;Tarjeta
VEN04379;CLI191;11943;AGUA STOP PLASTGRIFOS;Carlos Mario Hoyos;25/03/2026;5;2000;0;10000;4000;Transferencia
VEN04380;CLI054;10055;ALAMBRE CENTELSA N 14 BLANCO;Carlos Mario Hoyos;24/04/2025;5;2000;0;10000;4000;Efectivo
VEN04381;CLI106;11941;AGUA STOP AHORRADOR PLASTIG;Andrés Cardona;21/02/2025;3;2000;0;6000;2400;Efectivo
VEN04382;CLI133;10987;AGUA STOP PINES SAPITO GERFOR 580051;Andrés Cardona;5/12/2025;10;2000;1000;19000;7000;Tarjeta
VEN04383;CLI066;10025;ACRONAL  DE 1/4;Diana Tobón;24/02/2026;10;2000;1000;19000;7000;Tarjeta
VEN04384;CLI276;10020;ACOPLE LAVAMANOS CARDENAS LARGO;Diana Tobón;2/02/2025;5;2000;0;10000;4000;Tarjeta
VEN04385;CLI087;10049;ALAMBRE CENTELSA N 12 BLANCO;Andrés Cardona;18/11/2025;10;2000;0;20000;8000;Tarjeta
VEN04386;CLI115;11943;AGUA STOP PLASTGRIFOS;Andrés Cardona;26/12/2025;5;2000;0;10000;4000;Efectivo
VEN04387;CLI180;10032;ALAMBRE PUA  C14 X 350MT CORSAN;Carlos Mario Hoyos;31/01/2026;3;2000;600;5400;1800;Efectivo
VEN04388;CLI120;11071;ACOPLE LAVAMANOS GRIVAL LARGO 60;Diana Tobón;11/06/2025;10;2000;1000;19000;7000;Efectivo
VEN04389;CLI268;10007;ABRAZADERA TITAN 29/32A1-3/8 40-16;Andrés Cardona;22/08/2025;5;2000;0;10000;4000;Transferencia
VEN04390;CLI213;10041;ALAMBRE CENTELSA N 10 AMARILLO;Carlos Mario Hoyos;19/09/2025;5;2000;0;10000;4000;Transferencia
VEN04391;CLI048;11058;ACOPLE SANITARIO GRIVAL 40 CMS;Milena Restrepo;29/06/2025;5;2000;0;10000;4000;Transferencia
VEN04392;CLI144;11059;AGUA STOP CAUCHO GRIVAL;Milena Restrepo;12/04/2025;3;2000;0;6000;2400;Efectivo
VEN04393;CLI253;10986;AGUA STOP ARGOLLA GERFOR 581140;Milena Restrepo;13/12/2025;3;2000;0;6000;2400;Transferencia
VEN04394;CLI022;11071;ACOPLE LAVAMANOS GRIVAL LARGO 60;Carlos Mario Hoyos;1/06/2025;5;2000;0;10000;4000;Efectivo
VEN04395;CLI118;11697;"ADAPTADOR HEMBRA DE 1"" PVC LEO";Diana Tobón;26/10/2025;3;2000;600;5400;1800;Efectivo
VEN04396;CLI161;12242;ACOPLE SAMURAY PREMIER AMARILLO;Diana Tobón;20/07/2025;10;2000;0;20000;8000;Tarjeta
VEN04397;CLI080;11685;ACOPLE CAUCHO SUELTO LICUADORA OSTER;Milena Restrepo;8/10/2025;10;2000;0;20000;8000;Transferencia
VEN04398;CLI234;10061;ALICATE 6 NARANJA DSF-6049;Andrés Cardona;2/02/2026;1;2000;0;2000;800;Transferencia
VEN04399;CLI180;12241;ACOPLE SAMURAY CAUCHO ECONOMICO;Diana Tobón;15/02/2026;5;2000;0;10000;4000;Tarjeta
VEN04400;CLI126;10049;ALAMBRE CENTELSA N 12 BLANCO;Carlos Mario Hoyos;9/05/2026;10;2000;0;20000;8000;Transferencia
VEN04401;CLI043;10039;ALAMBRE CENTELSA N  8 ROJO;Carlos Mario Hoyos;1/04/2025;3;2000;300;5700;2100;Efectivo
VEN04402;CLI208;10017;ACEITE USA1 X 70 CC;Diana Tobón;20/09/2025;2;2000;200;3800;1400;Efectivo
VEN04403;CLI037;10064;ALICATE STANLEY N 8 84-023;Milena Restrepo;19/02/2025;1;2000;0;2000;800;Transferencia
VEN04404;CLI168;10735;ADAPTADOR DE ESPIGO A ROSCA DE 1/2;Milena Restrepo;2/05/2025;3;2000;0;6000;2400;Tarjeta
VEN04405;CLI205;11941;AGUA STOP AHORRADOR PLASTIG;Andrés Cardona;28/11/2025;5;2000;500;9500;3500;Efectivo
VEN04406;CLI024;10063;ALICATE FOCCI 8,5 DSF-1684;Milena Restrepo;24/01/2025;10;2000;1000;19000;7000;Efectivo
VEN04407;CLI101;11698;"ADAPTADOR HEMBRA  1/2"" LEO PRECION";Carlos Mario Hoyos;13/02/2026;2;2000;200;3800;1400;Efectivo
VEN04408;CLI236;10986;AGUA STOP ARGOLLA GERFOR 581140;Diana Tobón;17/08/2025;5;2000;0;10000;4000;Transferencia
VEN04409;CLI224;12595;ADAPTADOR DE 1 EMT;Milena Restrepo;31/07/2025;5;2000;0;10000;4000;Tarjeta
VEN04410;CLI294;11704;"ADAPTADOR MACHO DE 2"" PVC LEO";Andrés Cardona;8/06/2025;1;2000;0;2000;800;Transferencia
VEN04411;CLI292;10038;ALAMBRE CENTELSA N  8 NEGRO;Milena Restrepo;20/01/2026;1;2000;0;2000;800;Transferencia
VEN04412;CLI015;10084;AGUAMONIACO  FRASCO X 480;Carlos Mario Hoyos;30/09/2025;1;3800;0;3800;2600;Efectivo
VEN04413;CLI226;11697;"ADAPTADOR HEMBRA DE 1"" PVC LEO";Diana Tobón;31/01/2026;1;2000;0;2000;800;Tarjeta
VEN04414;CLI080;10002;ABRAZADERA TITAN 5/16-15/32 10-00;Diana Tobón;12/03/2025;2;2000;0;4000;1600;Tarjeta
VEN04415;CLI159;10050;ALAMBRE CENTELSA N 12 NEGRO;Milena Restrepo;24/03/2025;2;2000;0;4000;1600;Tarjeta
VEN04416;CLI064;11697;"ADAPTADOR HEMBRA DE 1"" PVC LEO";Diana Tobón;8/02/2025;10;2000;2000;18000;6000;Efectivo
VEN04417;CLI280;10018;ACIDO CORRIENTE X 480;Diana Tobón;26/09/2025;2;2000;200;3800;1400;Tarjeta
VEN04418;CLI290;11698;"ADAPTADOR HEMBRA  1/2"" LEO PRECION";Milena Restrepo;1/04/2025;3;2000;0;6000;2400;Efectivo
VEN04419;CLI270;10038;ALAMBRE CENTELSA N  8 NEGRO;Carlos Mario Hoyos;7/03/2026;5;2000;0;10000;4000;Efectivo
VEN04420;CLI246;10052;ALAMBRE CENTELSA N 12 VERDE;Carlos Mario Hoyos;18/07/2025;10;2000;0;20000;8000;Efectivo
VEN04421;CLI138;10022;ACOPLE SANITARIO CARDENAS LARGO;Milena Restrepo;22/09/2025;2;2000;0;4000;1600;Transferencia
VEN04422;CLI292;11830;ALQUITRAN POR KILO;Milena Restrepo;20/12/2025;5;2000;0;10000;4000;Tarjeta
VEN04423;CLI060;11704;"ADAPTADOR MACHO DE 2"" PVC LEO";Andrés Cardona;27/03/2025;10;2000;0;20000;8000;Transferencia
VEN04424;CLI097;10042;ALAMBRE CENTELSA N 10 AZUL;Carlos Mario Hoyos;10/01/2025;1;2000;0;2000;800;Tarjeta
VEN04425;CLI143;10042;ALAMBRE CENTELSA N 10 AZUL;Carlos Mario Hoyos;19/02/2025;3;2000;0;6000;2400;Transferencia
VEN04426;CLI057;10003;ABRAZADERA TITAN 5/16A5/8 - 3/8  10-04;Diana Tobón;16/10/2025;3;2000;0;6000;2400;Tarjeta
VEN04427;CLI076;12241;ACOPLE SAMURAY CAUCHO ECONOMICO;Carlos Mario Hoyos;2/03/2026;10;2000;1000;19000;7000;Efectivo
VEN04428;CLI170;10060;ALICATE  BICOLOR N 8;Andrés Cardona;4/05/2025;5;2000;0;10000;4000;Efectivo
VEN04429;CLI183;10048;ALAMBRE CENTELSA N 12 AZUL;Milena Restrepo;9/06/2025;3;2000;0;6000;2400;Efectivo
VEN04430;CLI031;10035;ALAMBRE CENTELSA N  8 AMARILLO;Andrés Cardona;24/07/2025;10;2000;0;20000;8000;Transferencia
VEN04431;CLI166;12178;ACOPLE RAPIDO PISTOLA PINTAR JUEGO X 5;Diana Tobón;24/04/2025;5;2000;0;10000;4000;Tarjeta
VEN04432;CLI193;10056;ALAMBRE CENTELSA N 14 NEGRO;Milena Restrepo;29/12/2025;5;2000;0;10000;4000;Tarjeta
VEN04433;CLI044;11701;"ADAPTADOR MACHO DE 3/4"" PVC LEO";Andrés Cardona;9/08/2025;10;2000;0;20000;8000;Efectivo
VEN04434;CLI105;10030;AEROGRAFO X 150 ML ABANICO HOPEX F2;Diana Tobón;12/08/2025;2;2000;0;4000;1600;Tarjeta
VEN04435;CLI244;12178;ACOPLE RAPIDO PISTOLA PINTAR JUEGO X 5;Carlos Mario Hoyos;8/03/2026;10;2000;0;20000;8000;Efectivo
VEN04436;CLI181;12187;ACOPLE RAPIDO PISTOLA PINTAR;Milena Restrepo;20/04/2025;10;2000;0;20000;8000;Transferencia
VEN04437;CLI161;10036;ALAMBRE CENTELSA N  8 AZUL;Carlos Mario Hoyos;28/08/2025;3;2000;0;6000;2400;Tarjeta
VEN04438;CLI261;10015;ABRAZADERA TITAN 31/2A45/16 40-56;Andrés Cardona;7/10/2025;10;2000;0;20000;8000;Efectivo
VEN04439;CLI273;11072;ACOPLE SANITARIO GRIVAL LARGO 55;Milena Restrepo;13/02/2026;5;2000;0;10000;4000;Efectivo
VEN04440;CLI082;11685;ACOPLE CAUCHO SUELTO LICUADORA OSTER;Diana Tobón;31/05/2025;1;2000;0;2000;800;Transferencia
VEN04441;CLI026;10048;ALAMBRE CENTELSA N 12 AZUL;Diana Tobón;7/02/2026;3;2000;0;6000;2400;Efectivo
VEN04442;CLI049;10049;ALAMBRE CENTELSA N 12 BLANCO;Diana Tobón;9/08/2025;10;2000;0;20000;8000;Transferencia
VEN04443;CLI220;10009;ABRAZADERA TITAN 11/8A17/8  40-24;Milena Restrepo;25/11/2025;1;2000;200;1800;600;Efectivo
VEN04444;CLI214;10039;ALAMBRE CENTELSA N  8 ROJO;Milena Restrepo;13/01/2025;3;2000;300;5700;2100;Efectivo
VEN04445;CLI179;12597;ADAPTADOR DE 3/4 EMT;Diana Tobón;28/09/2025;1;2000;0;2000;800;Transferencia
VEN04446;CLI047;10030;AEROGRAFO X 150 ML ABANICO HOPEX F2;Diana Tobón;23/03/2025;3;2000;0;6000;2400;Transferencia
VEN04447;CLI259;12177;AGUJAS PISTOLA PINTAR;Carlos Mario Hoyos;20/01/2025;5;2000;0;10000;4000;Efectivo
VEN04448;CLI104;11072;ACOPLE SANITARIO GRIVAL LARGO 55;Diana Tobón;16/11/2025;10;2000;0;20000;8000;Transferencia
VEN04449;CLI102;11058;ACOPLE SANITARIO GRIVAL 40 CMS;Diana Tobón;8/02/2025;1;2000;0;2000;800;Efectivo
VEN04450;CLI079;10047;ALAMBRE CENTELSA N 12 AMARILLO;Andrés Cardona;7/05/2025;2;2000;0;4000;1600;Transferencia
VEN04451;CLI266;10047;ALAMBRE CENTELSA N 12 AMARILLO;Andrés Cardona;19/04/2026;10;2000;0;20000;8000;Efectivo
VEN04452;CLI109;12597;ADAPTADOR DE 3/4 EMT;Andrés Cardona;28/01/2025;3;2000;0;6000;2400;Efectivo
VEN04453;CLI272;10001;ABRAZADERA 1/2 ECONOMICA;Milena Restrepo;30/04/2025;1;2000;100;1900;700;Tarjeta
VEN04454;CLI158;11685;ACOPLE CAUCHO SUELTO LICUADORA OSTER;Carlos Mario Hoyos;29/12/2025;5;2000;0;10000;4000;Transferencia
VEN04455;CLI147;10034;ALAMBRE PUA C16 X 400MT CORSAN;Carlos Mario Hoyos;24/03/2025;5;2000;0;10000;4000;Efectivo
VEN04456;CLI019;10051;ALAMBRE CENTELSA N 12 ROJO;Carlos Mario Hoyos;15/12/2025;1;2000;0;2000;800;Efectivo
VEN04457;CLI173;10060;ALICATE  BICOLOR N 8;Andrés Cardona;8/01/2025;1;2000;0;2000;800;Transferencia
VEN04458;CLI247;10011;ABRAZADERA TITAN 13/4A21/2  40-32;Carlos Mario Hoyos;2/03/2026;5;2000;0;10000;4000;Transferencia
VEN04459;CLI264;10878;ADAPTADOR HEMBRA 1/2 X 16MM PE AL PE;Andrés Cardona;8/01/2026;3;10800;1620;30780;27180;Tarjeta
VEN04460;CLI024;10016;ACEITE USA1 X 30 CC;Carlos Mario Hoyos;19/03/2026;2;2000;0;4000;1600;Transferencia
VEN04461;CLI021;10054;ALAMBRE CENTELSA N 14 AZUL;Milena Restrepo;17/02/2025;1;2000;0;2000;800;Tarjeta
VEN04462;CLI130;10006;ABRAZADERA TITAN 3/4A1 40-12;Milena Restrepo;11/02/2025;1;2000;0;2000;800;Tarjeta
VEN04463;CLI269;10009;ABRAZADERA TITAN 11/8A17/8  40-24;Carlos Mario Hoyos;27/03/2026;10;2000;0;20000;8000;Tarjeta
VEN04464;CLI047;10043;ALAMBRE CENTELSA N 10 BLANCO;Carlos Mario Hoyos;9/01/2025;5;2000;0;10000;4000;Transferencia
VEN04465;CLI169;10878;ADAPTADOR HEMBRA 1/2 X 16MM PE AL PE;Carlos Mario Hoyos;6/05/2025;2;10800;0;21600;19200;Transferencia
VEN04466;CLI263;12188;ACOPLE RAPIDO PISTOLA X 2 DORADO DSF-6035;Diana Tobón;8/07/2025;1;2000;0;2000;800;Transferencia
VEN04467;CLI293;10007;ABRAZADERA TITAN 29/32A1-3/8 40-16;Carlos Mario Hoyos;6/05/2026;1;2000;0;2000;800;Transferencia
VEN04468;CLI286;10059;ALCOHOL INDUSTRIAL X 500;Milena Restrepo;24/11/2025;1;2000;0;2000;800;Transferencia
VEN04469;CLI186;10026;ACRONAL  DE GALON;Andrés Cardona;7/02/2025;3;2000;0;6000;2400;Efectivo
VEN04470;CLI186;10064;ALICATE STANLEY N 8 84-023;Carlos Mario Hoyos;12/01/2026;5;2000;0;10000;4000;Transferencia
VEN04471;CLI092;10035;ALAMBRE CENTELSA N  8 AMARILLO;Diana Tobón;26/06/2025;10;2000;0;20000;8000;Tarjeta
VEN04472;CLI076;10024;ACOPLE SANITARIO GRIPLAS;Andrés Cardona;7/06/2025;1;2000;0;2000;800;Transferencia
VEN04473;CLI057;11702;"ADAPTADOR MACHO DE 1"" LEO";Carlos Mario Hoyos;4/08/2025;3;2000;0;6000;2400;Transferencia
VEN04474;CLI048;10020;ACOPLE LAVAMANOS CARDENAS LARGO;Milena Restrepo;28/02/2025;5;2000;500;9500;3500;Tarjeta
VEN04475;CLI122;10046;ALAMBRE CENTELSA N 10 VERDE;Carlos Mario Hoyos;23/01/2026;5;2000;0;10000;4000;Tarjeta
VEN04476;CLI129;10879;ADAPTADOR MACHO 1/2 X 16MM PE AL PE;Milena Restrepo;24/03/2026;10;2000;0;20000;8000;Efectivo
VEN04477;CLI056;10013;ABRAZADERA TITAN 23/8A31/8  40-40;Milena Restrepo;15/04/2025;2;2000;0;4000;1600;Tarjeta
VEN04478;CLI140;10046;ALAMBRE CENTELSA N 10 VERDE;Andrés Cardona;9/04/2025;2;2000;0;4000;1600;Transferencia
VEN04479;CLI150;11696;ADAPTADOR PVC ALARGE 1/2 X 3/8;Carlos Mario Hoyos;18/01/2026;2;2000;200;3800;1400;Efectivo
VEN04480;CLI207;10026;ACRONAL  DE GALON;Milena Restrepo;12/11/2025;10;2000;1000;19000;7000;Transferencia
VEN04481;CLI081;10062;ALICATE 8 NARANJA DSF-6050;Andrés Cardona;25/05/2025;1;2000;0;2000;800;Efectivo
VEN04482;CLI162;10051;ALAMBRE CENTELSA N 12 ROJO;Carlos Mario Hoyos;25/08/2025;10;2000;0;20000;8000;Efectivo
VEN04483;CLI086;12242;ACOPLE SAMURAY PREMIER AMARILLO;Diana Tobón;11/05/2025;10;2000;0;20000;8000;Efectivo
VEN04484;CLI123;11700;"ADAPTADOR MACHO DE 1/2"" PVC LEO";Andrés Cardona;14/05/2026;10;2000;0;20000;8000;Transferencia
VEN04485;CLI060;11697;"ADAPTADOR HEMBRA DE 1"" PVC LEO";Diana Tobón;21/03/2025;2;2000;0;4000;1600;Transferencia
VEN04486;CLI271;10047;ALAMBRE CENTELSA N 12 AMARILLO;Carlos Mario Hoyos;25/10/2025;1;2000;0;2000;800;Efectivo
VEN04487;CLI173;10026;ACRONAL  DE GALON;Andrés Cardona;16/08/2025;3;2000;0;6000;2400;Tarjeta
VEN04488;CLI066;10054;ALAMBRE CENTELSA N 14 AZUL;Diana Tobón;17/07/2025;3;2000;0;6000;2400;Efectivo
VEN04489;CLI111;10035;ALAMBRE CENTELSA N  8 AMARILLO;Diana Tobón;30/05/2025;10;2000;0;20000;8000;Efectivo
VEN04490;CLI165;12188;ACOPLE RAPIDO PISTOLA X 2 DORADO DSF-6035;Diana Tobón;1/05/2026;2;2000;0;4000;1600;Transferencia
VEN04491;CLI221;10012;ABRAZADERA TITAN  2A2-3/8 40-36;Andrés Cardona;4/02/2026;1;2000;100;1900;700;Efectivo
VEN04492;CLI095;10045;ALAMBRE CENTELSA N 10 ROJO;Milena Restrepo;10/11/2025;5;2000;0;10000;4000;Efectivo
VEN04493;CLI020;11700;"ADAPTADOR MACHO DE 1/2"" PVC LEO";Carlos Mario Hoyos;27/01/2026;5;2000;0;10000;4000;Efectivo
VEN04494;CLI037;10047;ALAMBRE CENTELSA N 12 AMARILLO;Carlos Mario Hoyos;23/11/2025;5;2000;1000;9000;3000;Tarjeta
VEN04495;CLI019;10059;ALCOHOL INDUSTRIAL X 500;Andrés Cardona;27/03/2025;5;2000;0;10000;4000;Efectivo
VEN04496;CLI170;12241;ACOPLE SAMURAY CAUCHO ECONOMICO;Diana Tobón;12/04/2025;1;2000;0;2000;800;Efectivo
VEN04497;CLI170;11057;ACOPLE LAVAMANOS GRIVAL 40CMS;Carlos Mario Hoyos;29/06/2025;5;2000;0;10000;4000;Transferencia
VEN04498;CLI300;10041;ALAMBRE CENTELSA N 10 AMARILLO;Andrés Cardona;12/03/2025;10;2000;0;20000;8000;Tarjeta
VEN04499;CLI111;12597;ADAPTADOR DE 3/4 EMT;Diana Tobón;3/05/2026;2;2000;400;3600;1200;Tarjeta
VEN04500;CLI173;10037;ALAMBRE CENTELSA N  8 BLANCO;Andrés Cardona;6/01/2025;5;2000;0;10000;4000;Tarjeta
VEN04501;CLI078;10031;ALAMBRE PUA C 14 X 500MT;Diana Tobón;4/11/2025;2;2000;0;4000;1600;Efectivo
VEN04502;CLI185;10039;ALAMBRE CENTELSA N  8 ROJO;Milena Restrepo;6/08/2025;3;2000;0;6000;2400;Efectivo
VEN04503;CLI079;10013;ABRAZADERA TITAN 23/8A31/8  40-40;Carlos Mario Hoyos;3/01/2026;3;2000;0;6000;2400;Transferencia
VEN04504;CLI136;10878;ADAPTADOR HEMBRA 1/2 X 16MM PE AL PE;Diana Tobón;3/04/2025;2;10800;0;21600;19200;Tarjeta
VEN04505;CLI061;12188;ACOPLE RAPIDO PISTOLA X 2 DORADO DSF-6035;Andrés Cardona;11/04/2025;2;2000;0;4000;1600;Efectivo
VEN04506;CLI088;10025;ACRONAL  DE 1/4;Carlos Mario Hoyos;27/11/2025;3;2000;0;6000;2400;Transferencia
VEN04507;CLI188;11058;ACOPLE SANITARIO GRIVAL 40 CMS;Milena Restrepo;5/11/2025;2;2000;0;4000;1600;Efectivo
VEN04508;CLI202;12597;ADAPTADOR DE 3/4 EMT;Carlos Mario Hoyos;14/09/2025;1;2000;0;2000;800;Tarjeta
VEN04509;CLI216;10024;ACOPLE SANITARIO GRIPLAS;Milena Restrepo;13/03/2026;1;2000;0;2000;800;Efectivo
VEN04510;CLI051;10986;AGUA STOP ARGOLLA GERFOR 581140;Andrés Cardona;7/04/2026;2;2000;0;4000;1600;Efectivo
VEN04511;CLI206;10017;ACEITE USA1 X 70 CC;Andrés Cardona;23/07/2025;1;2000;0;2000;800;Tarjeta
VEN04512;CLI072;11059;AGUA STOP CAUCHO GRIVAL;Milena Restrepo;3/02/2025;3;2000;300;5700;2100;Transferencia
VEN04513;CLI176;11697;"ADAPTADOR HEMBRA DE 1"" PVC LEO";Diana Tobón;16/10/2025;1;2000;0;2000;800;Efectivo
VEN04514;CLI100;10046;ALAMBRE CENTELSA N 10 VERDE;Carlos Mario Hoyos;14/09/2025;3;2000;0;6000;2400;Transferencia
VEN04515;CLI261;10062;ALICATE 8 NARANJA DSF-6050;Diana Tobón;29/11/2025;5;2000;0;10000;4000;Efectivo
VEN04516;CLI296;10010;ABRAZADERA TITAN 11/4A2 40-28;Diana Tobón;2/03/2026;5;2000;0;10000;4000;Tarjeta
VEN04517;CLI081;10025;ACRONAL  DE 1/4;Andrés Cardona;18/06/2025;2;2000;0;4000;1600;Transferencia
VEN04518;CLI082;10046;ALAMBRE CENTELSA N 10 VERDE;Diana Tobón;7/08/2025;3;2000;300;5700;2100;Efectivo
VEN04519;CLI185;10878;ADAPTADOR HEMBRA 1/2 X 16MM PE AL PE;Diana Tobón;1/06/2025;5;10800;0;54000;48000;Transferencia
VEN04520;CLI199;10029;AEROGRAFO X 125 ML CHORRO DSF-1505 K3;Diana Tobón;1/08/2025;10;2000;1000;19000;7000;Transferencia
VEN04521;CLI222;10042;ALAMBRE CENTELSA N 10 AZUL;Carlos Mario Hoyos;26/10/2025;5;2000;0;10000;4000;Tarjeta
VEN04522;CLI101;10051;ALAMBRE CENTELSA N 12 ROJO;Andrés Cardona;10/01/2026;1;2000;0;2000;800;Transferencia
VEN04523;CLI185;10011;ABRAZADERA TITAN 13/4A21/2  40-32;Carlos Mario Hoyos;5/04/2025;5;2000;0;10000;4000;Transferencia
VEN04524;CLI277;10031;ALAMBRE PUA C 14 X 500MT;Andrés Cardona;3/03/2026;2;2000;0;4000;1600;Efectivo
VEN04525;CLI195;10045;ALAMBRE CENTELSA N 10 ROJO;Andrés Cardona;27/05/2025;3;2000;0;6000;2400;Efectivo
VEN04526;CLI115;11943;AGUA STOP PLASTGRIFOS;Milena Restrepo;22/02/2025;5;2000;500;9500;3500;Efectivo
VEN04527;CLI232;10987;AGUA STOP PINES SAPITO GERFOR 580051;Carlos Mario Hoyos;24/05/2025;3;2000;0;6000;2400;Efectivo
VEN04528;CLI262;10987;AGUA STOP PINES SAPITO GERFOR 580051;Milena Restrepo;13/01/2026;10;2000;0;20000;8000;Efectivo
VEN04529;CLI236;11072;ACOPLE SANITARIO GRIVAL LARGO 55;Andrés Cardona;14/09/2025;3;2000;0;6000;2400;Efectivo
VEN04530;CLI123;10735;ADAPTADOR DE ESPIGO A ROSCA DE 1/2;Diana Tobón;10/04/2025;10;2000;0;20000;8000;Transferencia
VEN04531;CLI092;10064;ALICATE STANLEY N 8 84-023;Milena Restrepo;23/04/2026;3;2000;0;6000;2400;Efectivo
VEN04532;CLI223;10879;ADAPTADOR MACHO 1/2 X 16MM PE AL PE;Diana Tobón;23/02/2025;5;2000;500;9500;3500;Efectivo
VEN04533;CLI204;10023;ACOPLE SANITARIO CORTO CARDENAS;Milena Restrepo;16/05/2025;2;2000;0;4000;1600;Efectivo
VEN04534;CLI218;10878;ADAPTADOR HEMBRA 1/2 X 16MM PE AL PE;Diana Tobón;17/04/2025;1;10800;0;10800;9600;Transferencia
VEN04535;CLI098;10062;ALICATE 8 NARANJA DSF-6050;Diana Tobón;26/06/2025;2;2000;0;4000;1600;Tarjeta
VEN04536;CLI011;10044;ALAMBRE CENTELSA N 10 NEGRO;Diana Tobón;10/03/2026;2;2000;0;4000;1600;Transferencia
VEN04537;CLI177;10011;ABRAZADERA TITAN 13/4A21/2  40-32;Carlos Mario Hoyos;15/03/2025;1;2000;0;2000;800;Efectivo
VEN04538;CLI145;11703;"ADAPTADOR MACHO DE 11/2"" PVC LEO";Andrés Cardona;31/03/2025;1;2000;100;1900;700;Tarjeta
VEN04539;CLI016;10013;ABRAZADERA TITAN 23/8A31/8  40-40;Andrés Cardona;30/03/2025;5;2000;0;10000;4000;Efectivo
VEN04540;CLI077;10032;ALAMBRE PUA  C14 X 350MT CORSAN;Andrés Cardona;23/02/2026;10;2000;0;20000;8000;Transferencia
VEN04541;CLI228;11697;"ADAPTADOR HEMBRA DE 1"" PVC LEO";Andrés Cardona;21/11/2025;3;2000;600;5400;1800;Efectivo
VEN04542;CLI178;10012;ABRAZADERA TITAN  2A2-3/8 40-36;Milena Restrepo;16/02/2025;1;2000;0;2000;800;Transferencia
VEN04543;CLI090;10003;ABRAZADERA TITAN 5/16A5/8 - 3/8  10-04;Andrés Cardona;23/04/2025;1;2000;0;2000;800;Tarjeta
VEN04544;CLI132;10030;AEROGRAFO X 150 ML ABANICO HOPEX F2;Milena Restrepo;23/02/2025;5;2000;0;10000;4000;Tarjeta
VEN04545;CLI143;10050;ALAMBRE CENTELSA N 12 NEGRO;Andrés Cardona;1/03/2025;5;2000;0;10000;4000;Tarjeta
VEN04546;CLI243;10032;ALAMBRE PUA  C14 X 350MT CORSAN;Carlos Mario Hoyos;20/03/2025;3;2000;0;6000;2400;Tarjeta
VEN04547;CLI009;10060;ALICATE  BICOLOR N 8;Andrés Cardona;7/02/2025;5;2000;1000;9000;3000;Tarjeta
VEN04548;CLI016;10053;ALAMBRE CENTELSA N 14 AMARILLO;Carlos Mario Hoyos;27/07/2025;3;2000;300;5700;2100;Tarjeta
VEN04549;CLI075;10049;ALAMBRE CENTELSA N 12 BLANCO;Milena Restrepo;28/05/2025;3;2000;0;6000;2400;Efectivo
VEN04550;CLI156;10049;ALAMBRE CENTELSA N 12 BLANCO;Andrés Cardona;23/02/2025;1;2000;100;1900;700;Transferencia
VEN04551;CLI051;10004;ABRAZADERA TITAN 7/16A25/32 - 1/2 10-06;Milena Restrepo;1/06/2025;10;2000;1000;19000;7000;Transferencia
VEN04552;CLI279;11942;AGUA STOP CAUCHO GRIPLAS;Carlos Mario Hoyos;2/04/2026;3;2000;0;6000;2400;Transferencia
VEN04553;CLI241;10063;ALICATE FOCCI 8,5 DSF-1684;Andrés Cardona;23/07/2025;1;2000;100;1900;700;Efectivo
VEN04554;CLI182;10084;AGUAMONIACO  FRASCO X 480;Diana Tobón;10/08/2025;3;3800;0;11400;7800;Transferencia
VEN04555;CLI076;10058;ALAMBRE CENTELSA N 14 VERDE;Carlos Mario Hoyos;30/09/2025;2;2000;400;3600;1200;Efectivo
VEN04556;CLI183;11702;"ADAPTADOR MACHO DE 1"" LEO";Carlos Mario Hoyos;3/06/2025;10;2000;0;20000;8000;Tarjeta
VEN04557;CLI200;10879;ADAPTADOR MACHO 1/2 X 16MM PE AL PE;Andrés Cardona;2/05/2026;2;2000;0;4000;1600;Tarjeta
VEN04558;CLI268;10016;ACEITE USA1 X 30 CC;Milena Restrepo;4/05/2026;3;2000;0;6000;2400;Transferencia
VEN04559;CLI270;11700;"ADAPTADOR MACHO DE 1/2"" PVC LEO";Andrés Cardona;27/11/2025;3;2000;0;6000;2400;Transferencia
VEN04560;CLI016;12240;ACOPLE PASTA SAMURAY ECONOMICO;Diana Tobón;20/01/2026;5;2000;0;10000;4000;Efectivo
VEN04561;CLI170;11698;"ADAPTADOR HEMBRA  1/2"" LEO PRECION";Andrés Cardona;15/11/2025;5;2000;0;10000;4000;Efectivo
VEN04562;CLI224;10039;ALAMBRE CENTELSA N  8 ROJO;Andrés Cardona;18/04/2025;1;2000;0;2000;800;Transferencia
VEN04563;CLI088;11060;AGUA STOP PASTA GRIVAL;Andrés Cardona;19/02/2026;5;2000;0;10000;4000;Transferencia
VEN04564;CLI285;12240;ACOPLE PASTA SAMURAY ECONOMICO;Diana Tobón;22/11/2025;10;2000;0;20000;8000;Efectivo
VEN04565;CLI057;10012;ABRAZADERA TITAN  2A2-3/8 40-36;Andrés Cardona;7/07/2025;3;2000;0;6000;2400;Tarjeta
VEN04566;CLI138;10060;ALICATE  BICOLOR N 8;Milena Restrepo;15/02/2025;5;2000;0;10000;4000;Transferencia
VEN04567;CLI209;10010;ABRAZADERA TITAN 11/4A2 40-28;Andrés Cardona;19/05/2025;10;2000;1000;19000;7000;Efectivo
VEN04568;CLI010;10048;ALAMBRE CENTELSA N 12 AZUL;Andrés Cardona;13/04/2025;10;2000;0;20000;8000;Efectivo
VEN04569;CLI004;10014;ABRAZADERA TITAN 2-3/8A3-1/8  40-44;Andrés Cardona;9/09/2025;10;2000;1000;19000;7000;Tarjeta
VEN04570;CLI247;11697;"ADAPTADOR HEMBRA DE 1"" PVC LEO";Diana Tobón;27/08/2025;10;2000;0;20000;8000;Transferencia
VEN04571;CLI046;10033;ALAMBRE PUA C16 X 200MT CORSAN;Andrés Cardona;27/03/2026;10;2000;0;20000;8000;Tarjeta
VEN04572;CLI165;10056;ALAMBRE CENTELSA N 14 NEGRO;Andrés Cardona;27/11/2025;1;2000;0;2000;800;Efectivo
VEN04573;CLI028;10044;ALAMBRE CENTELSA N 10 NEGRO;Milena Restrepo;26/11/2025;2;2000;0;4000;1600;Transferencia
VEN04574;CLI058;10059;ALCOHOL INDUSTRIAL X 500;Milena Restrepo;10/03/2026;5;2000;0;10000;4000;Tarjeta
VEN04575;CLI063;11059;AGUA STOP CAUCHO GRIVAL;Carlos Mario Hoyos;21/06/2025;2;2000;0;4000;1600;Transferencia
VEN04576;CLI017;12597;ADAPTADOR DE 3/4 EMT;Diana Tobón;31/12/2025;3;2000;0;6000;2400;Tarjeta
VEN04577;CLI181;10035;ALAMBRE CENTELSA N  8 AMARILLO;Andrés Cardona;15/01/2025;10;2000;0;20000;8000;Efectivo
VEN04578;CLI038;10041;ALAMBRE CENTELSA N 10 AMARILLO;Diana Tobón;18/05/2025;3;2000;0;6000;2400;Efectivo
VEN04579;CLI186;10033;ALAMBRE PUA C16 X 200MT CORSAN;Andrés Cardona;26/06/2025;2;2000;0;4000;1600;Efectivo
VEN04580;CLI012;10002;ABRAZADERA TITAN 5/16-15/32 10-00;Andrés Cardona;22/07/2025;2;2000;0;4000;1600;Efectivo
VEN04581;CLI267;10059;ALCOHOL INDUSTRIAL X 500;Milena Restrepo;24/03/2026;10;2000;0;20000;8000;Transferencia
VEN04582;CLI227;10002;ABRAZADERA TITAN 5/16-15/32 10-00;Diana Tobón;2/03/2026;5;2000;0;10000;4000;Tarjeta
VEN04583;CLI284;10039;ALAMBRE CENTELSA N  8 ROJO;Carlos Mario Hoyos;19/04/2025;10;2000;1000;19000;7000;Tarjeta
VEN04584;CLI150;10060;ALICATE  BICOLOR N 8;Andrés Cardona;15/11/2025;10;2000;2000;18000;6000;Transferencia
VEN04585;CLI026;10022;ACOPLE SANITARIO CARDENAS LARGO;Carlos Mario Hoyos;22/02/2026;2;2000;0;4000;1600;Tarjeta
VEN04586;CLI197;10064;ALICATE STANLEY N 8 84-023;Diana Tobón;7/02/2026;5;2000;0;10000;4000;Efectivo
VEN04587;CLI145;10033;ALAMBRE PUA C16 X 200MT CORSAN;Andrés Cardona;16/02/2025;10;2000;2000;18000;6000;Efectivo
VEN04588;CLI013;10006;ABRAZADERA TITAN 3/4A1 40-12;Diana Tobón;7/04/2025;2;2000;0;4000;1600;Efectivo
VEN04589;CLI029;10004;ABRAZADERA TITAN 7/16A25/32 - 1/2 10-06;Diana Tobón;22/05/2025;3;2000;0;6000;2400;Efectivo
VEN04590;CLI066;10040;ALAMBRE CENTELSA N  8 VERDE;Diana Tobón;29/11/2025;5;2000;0;10000;4000;Efectivo
VEN04591;CLI053;12177;AGUJAS PISTOLA PINTAR;Carlos Mario Hoyos;1/07/2025;5;2000;0;10000;4000;Efectivo
VEN04592;CLI118;10007;ABRAZADERA TITAN 29/32A1-3/8 40-16;Milena Restrepo;25/01/2026;3;2000;0;6000;2400;Efectivo
VEN04593;CLI277;11942;AGUA STOP CAUCHO GRIPLAS;Andrés Cardona;10/05/2025;1;2000;0;2000;800;Transferencia
VEN04594;CLI198;11697;"ADAPTADOR HEMBRA DE 1"" PVC LEO";Diana Tobón;20/02/2026;3;2000;0;6000;2400;Tarjeta
VEN04595;CLI130;10013;ABRAZADERA TITAN 23/8A31/8  40-40;Carlos Mario Hoyos;6/07/2025;1;2000;0;2000;800;Transferencia
VEN04596;CLI013;10003;ABRAZADERA TITAN 5/16A5/8 - 3/8  10-04;Diana Tobón;25/03/2026;5;2000;0;10000;4000;Tarjeta
VEN04597;CLI235;10052;ALAMBRE CENTELSA N 12 VERDE;Diana Tobón;18/08/2025;2;2000;0;4000;1600;Tarjeta
VEN04598;CLI155;10016;ACEITE USA1 X 30 CC;Diana Tobón;13/05/2025;5;2000;0;10000;4000;Tarjeta
VEN04599;CLI037;11830;ALQUITRAN POR KILO;Andrés Cardona;29/09/2025;5;2000;0;10000;4000;Tarjeta
VEN04600;CLI268;11701;"ADAPTADOR MACHO DE 3/4"" PVC LEO";Diana Tobón;8/12/2025;5;2000;0;10000;4000;Efectivo
VEN04601;CLI165;10054;ALAMBRE CENTELSA N 14 AZUL;Andrés Cardona;3/04/2026;3;2000;300;5700;2100;Efectivo
VEN04602;CLI105;10735;ADAPTADOR DE ESPIGO A ROSCA DE 1/2;Andrés Cardona;11/03/2025;2;2000;0;4000;1600;Efectivo
VEN04603;CLI086;12242;ACOPLE SAMURAY PREMIER AMARILLO;Milena Restrepo;8/01/2026;5;2000;0;10000;4000;Transferencia
VEN04604;CLI152;10019;ACOPLE LAVAMANO CORTO  CARDENAS;Diana Tobón;17/04/2026;10;2000;0;20000;8000;Efectivo
VEN04605;CLI257;12188;ACOPLE RAPIDO PISTOLA X 2 DORADO DSF-6035;Milena Restrepo;3/01/2025;10;2000;1000;19000;7000;Tarjeta
VEN04606;CLI227;10056;ALAMBRE CENTELSA N 14 NEGRO;Carlos Mario Hoyos;26/03/2025;5;2000;0;10000;4000;Transferencia
VEN04607;CLI261;12240;ACOPLE PASTA SAMURAY ECONOMICO;Andrés Cardona;10/05/2025;1;2000;100;1900;700;Transferencia
VEN04608;CLI163;11704;"ADAPTADOR MACHO DE 2"" PVC LEO";Milena Restrepo;2/04/2025;1;2000;100;1900;700;Efectivo
VEN04609;CLI137;10023;ACOPLE SANITARIO CORTO CARDENAS;Andrés Cardona;12/12/2025;2;2000;0;4000;1600;Efectivo
VEN04610;CLI239;10058;ALAMBRE CENTELSA N 14 VERDE;Milena Restrepo;8/05/2026;1;2000;0;2000;800;Tarjeta
VEN04611;CLI243;12241;ACOPLE SAMURAY CAUCHO ECONOMICO;Andrés Cardona;27/04/2025;5;2000;1000;9000;3000;Tarjeta
VEN04612;CLI287;10027;AEROGRAFO F75 400 ML DSF-1499;Diana Tobón;27/05/2025;1;2000;0;2000;800;Efectivo
VEN04613;CLI039;10025;ACRONAL  DE 1/4;Diana Tobón;18/04/2025;10;2000;0;20000;8000;Tarjeta
VEN04614;CLI264;11058;ACOPLE SANITARIO GRIVAL 40 CMS;Diana Tobón;5/01/2025;2;2000;0;4000;1600;Efectivo
VEN04615;CLI279;10007;ABRAZADERA TITAN 29/32A1-3/8 40-16;Carlos Mario Hoyos;18/09/2025;5;2000;0;10000;4000;Tarjeta
VEN04616;CLI251;11699;ADAPTADOR HEMBRA DE 3/4 PVC LEO;Milena Restrepo;9/01/2026;5;2000;0;10000;4000;Tarjeta
VEN04617;CLI008;10002;ABRAZADERA TITAN 5/16-15/32 10-00;Carlos Mario Hoyos;28/03/2025;3;2000;0;6000;2400;Transferencia
VEN04618;CLI190;10040;ALAMBRE CENTELSA N  8 VERDE;Carlos Mario Hoyos;18/03/2025;2;2000;0;4000;1600;Tarjeta
VEN04619;CLI043;10002;ABRAZADERA TITAN 5/16-15/32 10-00;Diana Tobón;3/01/2026;1;2000;100;1900;700;Transferencia
VEN04620;CLI152;11696;ADAPTADOR PVC ALARGE 1/2 X 3/8;Milena Restrepo;26/03/2025;2;2000;0;4000;1600;Tarjeta
VEN04621;CLI243;12597;ADAPTADOR DE 3/4 EMT;Diana Tobón;28/03/2026;1;2000;100;1900;700;Tarjeta
VEN04622;CLI049;10032;ALAMBRE PUA  C14 X 350MT CORSAN;Andrés Cardona;2/08/2025;1;2000;0;2000;800;Efectivo
VEN04623;CLI168;10878;ADAPTADOR HEMBRA 1/2 X 16MM PE AL PE;Milena Restrepo;28/08/2025;5;10800;0;54000;48000;Efectivo
VEN04624;CLI208;10040;ALAMBRE CENTELSA N  8 VERDE;Carlos Mario Hoyos;25/06/2025;3;2000;0;6000;2400;Transferencia
VEN04625;CLI090;10011;ABRAZADERA TITAN 13/4A21/2  40-32;Diana Tobón;24/01/2025;2;2000;0;4000;1600;Tarjeta
VEN04626;CLI249;10013;ABRAZADERA TITAN 23/8A31/8  40-40;Andrés Cardona;14/07/2025;3;2000;300;5700;2100;Efectivo
VEN04627;CLI107;10056;ALAMBRE CENTELSA N 14 NEGRO;Diana Tobón;20/08/2025;10;2000;0;20000;8000;Efectivo
VEN04628;CLI060;11701;"ADAPTADOR MACHO DE 3/4"" PVC LEO";Diana Tobón;27/02/2025;2;2000;0;4000;1600;Tarjeta
VEN04629;CLI127;10878;ADAPTADOR HEMBRA 1/2 X 16MM PE AL PE;Carlos Mario Hoyos;3/02/2026;5;10800;0;54000;48000;Tarjeta
VEN04630;CLI005;12178;ACOPLE RAPIDO PISTOLA PINTAR JUEGO X 5;Milena Restrepo;4/09/2025;3;2000;0;6000;2400;Tarjeta
VEN04631;CLI076;10039;ALAMBRE CENTELSA N  8 ROJO;Carlos Mario Hoyos;18/09/2025;5;2000;0;10000;4000;Transferencia
VEN04632;CLI078;10986;AGUA STOP ARGOLLA GERFOR 581140;Diana Tobón;10/05/2026;3;2000;0;6000;2400;Tarjeta
VEN04633;CLI108;10062;ALICATE 8 NARANJA DSF-6050;Diana Tobón;12/08/2025;10;2000;1000;19000;7000;Efectivo
VEN04634;CLI275;10022;ACOPLE SANITARIO CARDENAS LARGO;Diana Tobón;8/02/2026;10;2000;0;20000;8000;Efectivo
VEN04635;CLI298;10024;ACOPLE SANITARIO GRIPLAS;Carlos Mario Hoyos;21/03/2025;5;2000;0;10000;4000;Efectivo
VEN04636;CLI127;10055;ALAMBRE CENTELSA N 14 BLANCO;Diana Tobón;13/01/2026;10;2000;0;20000;8000;Transferencia
VEN04637;CLI215;10049;ALAMBRE CENTELSA N 12 BLANCO;Carlos Mario Hoyos;2/04/2025;2;2000;0;4000;1600;Efectivo
VEN04638;CLI105;11699;ADAPTADOR HEMBRA DE 3/4 PVC LEO;Milena Restrepo;14/03/2025;5;2000;0;10000;4000;Efectivo
VEN04639;CLI253;11704;"ADAPTADOR MACHO DE 2"" PVC LEO";Diana Tobón;1/09/2025;3;2000;300;5700;2100;Transferencia
VEN04640;CLI142;10030;AEROGRAFO X 150 ML ABANICO HOPEX F2;Andrés Cardona;24/12/2025;5;2000;0;10000;4000;Transferencia
VEN04641;CLI220;12596;ADAPTADOR DE 1/2 EMT;Diana Tobón;16/02/2025;10;2000;0;20000;8000;Efectivo
VEN04642;CLI168;10004;ABRAZADERA TITAN 7/16A25/32 - 1/2 10-06;Carlos Mario Hoyos;21/05/2025;2;2000;400;3600;1200;Transferencia
VEN04643;CLI138;11941;AGUA STOP AHORRADOR PLASTIG;Milena Restrepo;1/05/2025;2;2000;400;3600;1200;Efectivo
VEN04644;CLI277;10029;AEROGRAFO X 125 ML CHORRO DSF-1505 K3;Andrés Cardona;17/11/2025;1;2000;0;2000;800;Transferencia
VEN04645;CLI197;10044;ALAMBRE CENTELSA N 10 NEGRO;Milena Restrepo;16/03/2025;2;2000;200;3800;1400;Transferencia
VEN04646;CLI219;11830;ALQUITRAN POR KILO;Carlos Mario Hoyos;10/07/2025;2;2000;0;4000;1600;Tarjeta
VEN04647;CLI197;10049;ALAMBRE CENTELSA N 12 BLANCO;Diana Tobón;1/09/2025;2;2000;0;4000;1600;Efectivo
VEN04648;CLI297;10062;ALICATE 8 NARANJA DSF-6050;Carlos Mario Hoyos;11/11/2025;1;2000;0;2000;800;Transferencia
VEN04649;CLI156;10042;ALAMBRE CENTELSA N 10 AZUL;Milena Restrepo;24/02/2025;1;2000;0;2000;800;Transferencia
VEN04650;CLI047;10020;ACOPLE LAVAMANOS CARDENAS LARGO;Milena Restrepo;12/02/2026;3;2000;0;6000;2400;Transferencia
VEN04651;CLI051;11685;ACOPLE CAUCHO SUELTO LICUADORA OSTER;Milena Restrepo;3/04/2025;2;2000;0;4000;1600;Tarjeta
VEN04652;CLI290;10048;ALAMBRE CENTELSA N 12 AZUL;Milena Restrepo;26/01/2026;5;2000;0;10000;4000;Transferencia
VEN04653;CLI286;10063;ALICATE FOCCI 8,5 DSF-1684;Carlos Mario Hoyos;24/05/2025;1;2000;0;2000;800;Tarjeta
VEN04654;CLI255;10054;ALAMBRE CENTELSA N 14 AZUL;Andrés Cardona;20/07/2025;1;2000;0;2000;800;Efectivo
VEN04655;CLI168;12188;ACOPLE RAPIDO PISTOLA X 2 DORADO DSF-6035;Carlos Mario Hoyos;28/03/2025;1;2000;0;2000;800;Transferencia
VEN04656;CLI276;11685;ACOPLE CAUCHO SUELTO LICUADORA OSTER;Carlos Mario Hoyos;17/08/2025;10;2000;2000;18000;6000;Tarjeta
VEN04657;CLI250;10027;AEROGRAFO F75 400 ML DSF-1499;Andrés Cardona;12/01/2026;10;2000;0;20000;8000;Tarjeta
VEN04658;CLI071;10084;AGUAMONIACO  FRASCO X 480;Andrés Cardona;7/05/2025;2;3800;0;7600;5200;Transferencia
VEN04659;CLI221;10042;ALAMBRE CENTELSA N 10 AZUL;Carlos Mario Hoyos;4/04/2025;5;2000;0;10000;4000;Efectivo
VEN04660;CLI015;10056;ALAMBRE CENTELSA N 14 NEGRO;Diana Tobón;5/04/2025;5;2000;0;10000;4000;Efectivo
VEN04661;CLI067;10063;ALICATE FOCCI 8,5 DSF-1684;Milena Restrepo;9/03/2026;1;2000;0;2000;800;Tarjeta
VEN04662;CLI078;10033;ALAMBRE PUA C16 X 200MT CORSAN;Diana Tobón;9/09/2025;10;2000;2000;18000;6000;Tarjeta
VEN04663;CLI233;10001;ABRAZADERA 1/2 ECONOMICA;Carlos Mario Hoyos;6/07/2025;2;2000;0;4000;1600;Efectivo
VEN04664;CLI255;10039;ALAMBRE CENTELSA N  8 ROJO;Carlos Mario Hoyos;13/04/2025;3;2000;0;6000;2400;Transferencia
VEN04665;CLI296;10045;ALAMBRE CENTELSA N 10 ROJO;Andrés Cardona;6/05/2025;5;2000;500;9500;3500;Transferencia
VEN04666;CLI245;11060;AGUA STOP PASTA GRIVAL;Carlos Mario Hoyos;18/05/2025;3;2000;0;6000;2400;Tarjeta
VEN04667;CLI179;10046;ALAMBRE CENTELSA N 10 VERDE;Andrés Cardona;10/09/2025;1;2000;0;2000;800;Tarjeta
VEN04668;CLI254;10021;ACOPLE LAVAMANOS GRIPLAS;Milena Restrepo;12/03/2025;10;2000;0;20000;8000;Transferencia
VEN04669;CLI281;10013;ABRAZADERA TITAN 23/8A31/8  40-40;Carlos Mario Hoyos;11/05/2026;2;2000;200;3800;1400;Efectivo
VEN04670;CLI105;11943;AGUA STOP PLASTGRIFOS;Carlos Mario Hoyos;14/03/2025;1;2000;100;1900;700;Transferencia
VEN04671;CLI291;10009;ABRAZADERA TITAN 11/8A17/8  40-24;Diana Tobón;5/10/2025;1;2000;0;2000;800;Efectivo
VEN04672;CLI231;11698;"ADAPTADOR HEMBRA  1/2"" LEO PRECION";Milena Restrepo;15/03/2025;3;2000;0;6000;2400;Transferencia
VEN04673;CLI061;10879;ADAPTADOR MACHO 1/2 X 16MM PE AL PE;Andrés Cardona;8/08/2025;1;2000;100;1900;700;Transferencia
VEN04674;CLI242;10022;ACOPLE SANITARIO CARDENAS LARGO;Milena Restrepo;29/01/2025;5;2000;0;10000;4000;Efectivo
VEN04675;CLI140;10045;ALAMBRE CENTELSA N 10 ROJO;Milena Restrepo;22/02/2026;2;2000;200;3800;1400;Transferencia
VEN04676;CLI126;11703;"ADAPTADOR MACHO DE 11/2"" PVC LEO";Diana Tobón;2/03/2026;2;2000;0;4000;1600;Efectivo
VEN04677;CLI188;10009;ABRAZADERA TITAN 11/8A17/8  40-24;Diana Tobón;3/03/2025;5;2000;0;10000;4000;Transferencia
VEN04678;CLI166;10004;ABRAZADERA TITAN 7/16A25/32 - 1/2 10-06;Carlos Mario Hoyos;31/05/2025;3;2000;600;5400;1800;Tarjeta
VEN04679;CLI271;10043;ALAMBRE CENTELSA N 10 BLANCO;Carlos Mario Hoyos;4/01/2026;5;2000;0;10000;4000;Transferencia
VEN04680;CLI253;10037;ALAMBRE CENTELSA N  8 BLANCO;Diana Tobón;26/06/2025;1;2000;0;2000;800;Efectivo
VEN04681;CLI122;10001;ABRAZADERA 1/2 ECONOMICA;Andrés Cardona;8/01/2026;5;2000;500;9500;3500;Transferencia
VEN04682;CLI157;11697;"ADAPTADOR HEMBRA DE 1"" PVC LEO";Milena Restrepo;28/02/2025;10;2000;0;20000;8000;Tarjeta
VEN04683;CLI040;10005;ABRAZADERA TITAN 1/2A3/4  40-06;Diana Tobón;8/11/2025;2;2000;0;4000;1600;Transferencia
VEN04684;CLI093;11696;ADAPTADOR PVC ALARGE 1/2 X 3/8;Milena Restrepo;18/01/2026;2;2000;0;4000;1600;Efectivo
VEN04685;CLI066;10012;ABRAZADERA TITAN  2A2-3/8 40-36;Carlos Mario Hoyos;2/03/2026;10;2000;0;20000;8000;Tarjeta
VEN04686;CLI119;10002;ABRAZADERA TITAN 5/16-15/32 10-00;Diana Tobón;21/06/2025;5;2000;0;10000;4000;Efectivo
VEN04687;CLI115;10878;ADAPTADOR HEMBRA 1/2 X 16MM PE AL PE;Milena Restrepo;13/04/2026;5;10800;0;54000;48000;Tarjeta
VEN04688;CLI219;10041;ALAMBRE CENTELSA N 10 AMARILLO;Diana Tobón;31/03/2025;3;2000;0;6000;2400;Transferencia
VEN04689;CLI116;10012;ABRAZADERA TITAN  2A2-3/8 40-36;Andrés Cardona;16/02/2025;10;2000;0;20000;8000;Transferencia
VEN04690;CLI134;10049;ALAMBRE CENTELSA N 12 BLANCO;Milena Restrepo;21/03/2025;2;2000;0;4000;1600;Transferencia
VEN04691;CLI042;12241;ACOPLE SAMURAY CAUCHO ECONOMICO;Milena Restrepo;30/04/2026;2;2000;0;4000;1600;Efectivo
VEN04692;CLI105;12241;ACOPLE SAMURAY CAUCHO ECONOMICO;Andrés Cardona;27/01/2026;3;2000;0;6000;2400;Efectivo
VEN04693;CLI231;11702;"ADAPTADOR MACHO DE 1"" LEO";Diana Tobón;31/01/2026;2;2000;0;4000;1600;Transferencia
VEN04694;CLI146;10003;ABRAZADERA TITAN 5/16A5/8 - 3/8  10-04;Andrés Cardona;31/03/2026;2;2000;0;4000;1600;Transferencia
VEN04695;CLI143;10040;ALAMBRE CENTELSA N  8 VERDE;Carlos Mario Hoyos;24/03/2026;1;2000;0;2000;800;Transferencia
VEN04696;CLI296;10735;ADAPTADOR DE ESPIGO A ROSCA DE 1/2;Milena Restrepo;14/03/2026;3;2000;0;6000;2400;Transferencia
VEN04697;CLI039;10060;ALICATE  BICOLOR N 8;Andrés Cardona;6/12/2025;10;2000;0;20000;8000;Tarjeta
VEN04698;CLI044;11060;AGUA STOP PASTA GRIVAL;Andrés Cardona;29/04/2025;1;2000;0;2000;800;Efectivo
VEN04699;CLI158;11696;ADAPTADOR PVC ALARGE 1/2 X 3/8;Andrés Cardona;27/09/2025;10;2000;1000;19000;7000;Transferencia
VEN04700;CLI027;12187;ACOPLE RAPIDO PISTOLA PINTAR;Andrés Cardona;21/12/2025;10;2000;0;20000;8000;Efectivo
VEN04701;CLI175;12242;ACOPLE SAMURAY PREMIER AMARILLO;Andrés Cardona;7/01/2025;2;2000;0;4000;1600;Efectivo
VEN04702;CLI144;12242;ACOPLE SAMURAY PREMIER AMARILLO;Andrés Cardona;22/01/2025;3;2000;0;6000;2400;Efectivo
VEN04703;CLI030;12597;ADAPTADOR DE 3/4 EMT;Carlos Mario Hoyos;8/01/2026;10;2000;0;20000;8000;Transferencia
VEN04704;CLI006;10035;ALAMBRE CENTELSA N  8 AMARILLO;Andrés Cardona;20/05/2025;10;2000;0;20000;8000;Efectivo
VEN04705;CLI273;10059;ALCOHOL INDUSTRIAL X 500;Andrés Cardona;14/08/2025;2;2000;0;4000;1600;Tarjeta
VEN04706;CLI286;10037;ALAMBRE CENTELSA N  8 BLANCO;Diana Tobón;13/11/2025;10;2000;0;20000;8000;Efectivo
VEN04707;CLI186;10062;ALICATE 8 NARANJA DSF-6050;Diana Tobón;17/01/2025;1;2000;0;2000;800;Transferencia
VEN04708;CLI242;10034;ALAMBRE PUA C16 X 400MT CORSAN;Carlos Mario Hoyos;27/03/2025;5;2000;0;10000;4000;Tarjeta
VEN04709;CLI261;10025;ACRONAL  DE 1/4;Diana Tobón;2/06/2025;3;2000;0;6000;2400;Tarjeta
VEN04710;CLI095;11057;ACOPLE LAVAMANOS GRIVAL 40CMS;Andrés Cardona;19/03/2025;10;2000;0;20000;8000;Tarjeta
VEN04711;CLI173;10986;AGUA STOP ARGOLLA GERFOR 581140;Milena Restrepo;25/11/2025;1;2000;0;2000;800;Tarjeta
VEN04712;CLI245;10053;ALAMBRE CENTELSA N 14 AMARILLO;Milena Restrepo;29/12/2025;1;2000;0;2000;800;Efectivo
VEN04713;CLI159;10060;ALICATE  BICOLOR N 8;Andrés Cardona;15/06/2025;3;2000;0;6000;2400;Transferencia
VEN04714;CLI097;11685;ACOPLE CAUCHO SUELTO LICUADORA OSTER;Milena Restrepo;12/09/2025;3;2000;0;6000;2400;Efectivo
VEN04715;CLI071;10024;ACOPLE SANITARIO GRIPLAS;Diana Tobón;7/02/2025;5;2000;0;10000;4000;Transferencia
VEN04716;CLI090;10037;ALAMBRE CENTELSA N  8 BLANCO;Milena Restrepo;10/02/2025;1;2000;100;1900;700;Efectivo
VEN04717;CLI088;10062;ALICATE 8 NARANJA DSF-6050;Diana Tobón;29/10/2025;5;2000;0;10000;4000;Transferencia
VEN04718;CLI264;10012;ABRAZADERA TITAN  2A2-3/8 40-36;Carlos Mario Hoyos;24/03/2026;10;2000;2000;18000;6000;Tarjeta
VEN04719;CLI026;10054;ALAMBRE CENTELSA N 14 AZUL;Diana Tobón;5/10/2025;10;2000;2000;18000;6000;Tarjeta
VEN04720;CLI222;11685;ACOPLE CAUCHO SUELTO LICUADORA OSTER;Diana Tobón;15/04/2026;10;2000;1000;19000;7000;Efectivo
VEN04721;CLI050;10013;ABRAZADERA TITAN 23/8A31/8  40-40;Diana Tobón;9/03/2026;3;2000;0;6000;2400;Tarjeta
VEN04722;CLI175;10034;ALAMBRE PUA C16 X 400MT CORSAN;Andrés Cardona;19/03/2025;3;2000;0;6000;2400;Efectivo
VEN04723;CLI241;10026;ACRONAL  DE GALON;Andrés Cardona;24/08/2025;10;2000;0;20000;8000;Efectivo
VEN04724;CLI098;12188;ACOPLE RAPIDO PISTOLA X 2 DORADO DSF-6035;Diana Tobón;27/05/2025;3;2000;0;6000;2400;Efectivo
VEN04725;CLI272;10038;ALAMBRE CENTELSA N  8 NEGRO;Andrés Cardona;14/02/2026;3;2000;300;5700;2100;Transferencia
VEN04726;CLI027;10005;ABRAZADERA TITAN 1/2A3/4  40-06;Diana Tobón;9/04/2026;1;2000;0;2000;800;Transferencia
VEN04727;CLI270;10048;ALAMBRE CENTELSA N 12 AZUL;Andrés Cardona;28/02/2025;10;2000;0;20000;8000;Efectivo
VEN04728;CLI051;10047;ALAMBRE CENTELSA N 12 AMARILLO;Andrés Cardona;3/03/2025;2;2000;0;4000;1600;Transferencia
VEN04729;CLI164;10008;ABRAZADERA TITAN 1A19/16 40-20;Diana Tobón;8/01/2025;3;2000;300;5700;2100;Tarjeta
VEN04730;CLI217;11059;AGUA STOP CAUCHO GRIVAL;Milena Restrepo;6/02/2026;3;2000;0;6000;2400;Tarjeta
VEN04731;CLI081;11700;"ADAPTADOR MACHO DE 1/2"" PVC LEO";Andrés Cardona;28/10/2025;10;2000;0;20000;8000;Transferencia
VEN04732;CLI168;10006;ABRAZADERA TITAN 3/4A1 40-12;Andrés Cardona;11/06/2025;3;2000;0;6000;2400;Efectivo
VEN04733;CLI023;10041;ALAMBRE CENTELSA N 10 AMARILLO;Carlos Mario Hoyos;4/07/2025;5;2000;0;10000;4000;Efectivo
VEN04734;CLI027;10024;ACOPLE SANITARIO GRIPLAS;Andrés Cardona;27/01/2026;1;2000;0;2000;800;Transferencia
VEN04735;CLI266;10026;ACRONAL  DE GALON;Diana Tobón;21/08/2025;5;2000;0;10000;4000;Transferencia
VEN04736;CLI195;10047;ALAMBRE CENTELSA N 12 AMARILLO;Milena Restrepo;28/09/2025;10;2000;0;20000;8000;Tarjeta
VEN04737;CLI057;10064;ALICATE STANLEY N 8 84-023;Milena Restrepo;21/02/2025;3;2000;0;6000;2400;Transferencia
VEN04738;CLI057;10987;AGUA STOP PINES SAPITO GERFOR 580051;Diana Tobón;15/01/2026;2;2000;0;4000;1600;Transferencia
VEN04739;CLI009;10058;ALAMBRE CENTELSA N 14 VERDE;Diana Tobón;20/06/2025;5;2000;500;9500;3500;Tarjeta
VEN04740;CLI235;10037;ALAMBRE CENTELSA N  8 BLANCO;Carlos Mario Hoyos;24/06/2025;5;2000;0;10000;4000;Efectivo
VEN04741;CLI006;12597;ADAPTADOR DE 3/4 EMT;Milena Restrepo;18/01/2025;10;2000;0;20000;8000;Tarjeta
VEN04742;CLI046;10011;ABRAZADERA TITAN 13/4A21/2  40-32;Carlos Mario Hoyos;25/05/2025;5;2000;0;10000;4000;Transferencia
VEN04743;CLI177;10063;ALICATE FOCCI 8,5 DSF-1684;Carlos Mario Hoyos;27/09/2025;1;2000;0;2000;800;Transferencia
VEN04744;CLI029;10059;ALCOHOL INDUSTRIAL X 500;Diana Tobón;15/07/2025;2;2000;0;4000;1600;Transferencia
VEN04745;CLI044;10009;ABRAZADERA TITAN 11/8A17/8  40-24;Milena Restrepo;17/08/2025;2;2000;0;4000;1600;Transferencia
VEN04746;CLI292;11072;ACOPLE SANITARIO GRIVAL LARGO 55;Diana Tobón;10/07/2025;1;2000;0;2000;800;Tarjeta
VEN04747;CLI217;12187;ACOPLE RAPIDO PISTOLA PINTAR;Milena Restrepo;17/03/2026;10;2000;0;20000;8000;Tarjeta
VEN04748;CLI161;11941;AGUA STOP AHORRADOR PLASTIG;Carlos Mario Hoyos;27/12/2025;3;2000;0;6000;2400;Tarjeta
VEN04749;CLI115;10024;ACOPLE SANITARIO GRIPLAS;Carlos Mario Hoyos;25/08/2025;1;2000;0;2000;800;Efectivo
VEN04750;CLI187;12188;ACOPLE RAPIDO PISTOLA X 2 DORADO DSF-6035;Andrés Cardona;7/02/2025;2;2000;0;4000;1600;Efectivo
VEN04751;CLI295;10064;ALICATE STANLEY N 8 84-023;Andrés Cardona;9/05/2026;1;2000;0;2000;800;Transferencia
VEN04752;CLI024;10050;ALAMBRE CENTELSA N 12 NEGRO;Diana Tobón;14/02/2026;1;2000;0;2000;800;Transferencia
VEN04753;CLI214;10057;ALAMBRE CENTELSA N 14 ROJO;Carlos Mario Hoyos;13/05/2025;5;2000;0;10000;4000;Efectivo
VEN04754;CLI171;10064;ALICATE STANLEY N 8 84-023;Andrés Cardona;22/12/2025;1;2000;0;2000;800;Efectivo
VEN04755;CLI113;10007;ABRAZADERA TITAN 29/32A1-3/8 40-16;Diana Tobón;18/05/2025;1;2000;0;2000;800;Transferencia
VEN04756;CLI285;10878;ADAPTADOR HEMBRA 1/2 X 16MM PE AL PE;Diana Tobón;12/09/2025;10;10800;0;108000;96000;Efectivo
VEN04757;CLI074;10012;ABRAZADERA TITAN  2A2-3/8 40-36;Diana Tobón;4/03/2026;3;2000;0;6000;2400;Efectivo
VEN04758;CLI028;11058;ACOPLE SANITARIO GRIVAL 40 CMS;Diana Tobón;12/08/2025;2;2000;400;3600;1200;Tarjeta
VEN04759;CLI143;10025;ACRONAL  DE 1/4;Diana Tobón;4/07/2025;2;2000;0;4000;1600;Tarjeta
VEN04760;CLI238;10986;AGUA STOP ARGOLLA GERFOR 581140;Andrés Cardona;19/07/2025;10;2000;0;20000;8000;Tarjeta
VEN04761;CLI179;10043;ALAMBRE CENTELSA N 10 BLANCO;Carlos Mario Hoyos;5/01/2026;3;2000;0;6000;2400;Efectivo
VEN04762;CLI174;11685;ACOPLE CAUCHO SUELTO LICUADORA OSTER;Andrés Cardona;8/03/2026;3;2000;0;6000;2400;Tarjeta
VEN04763;CLI024;10056;ALAMBRE CENTELSA N 14 NEGRO;Diana Tobón;6/03/2025;1;2000;0;2000;800;Tarjeta
VEN04764;CLI247;10044;ALAMBRE CENTELSA N 10 NEGRO;Diana Tobón;29/01/2026;2;2000;0;4000;1600;Transferencia
VEN04765;CLI099;10010;ABRAZADERA TITAN 11/4A2 40-28;Andrés Cardona;20/12/2025;2;2000;0;4000;1600;Tarjeta
VEN04766;CLI240;10019;ACOPLE LAVAMANO CORTO  CARDENAS;Milena Restrepo;22/10/2025;10;2000;0;20000;8000;Tarjeta
VEN04767;CLI184;10019;ACOPLE LAVAMANO CORTO  CARDENAS;Milena Restrepo;10/02/2026;5;2000;0;10000;4000;Efectivo
VEN04768;CLI117;10061;ALICATE 6 NARANJA DSF-6049;Diana Tobón;29/01/2025;1;2000;0;2000;800;Efectivo
VEN04769;CLI197;12595;ADAPTADOR DE 1 EMT;Andrés Cardona;14/05/2026;5;2000;0;10000;4000;Transferencia
VEN04770;CLI178;10057;ALAMBRE CENTELSA N 14 ROJO;Andrés Cardona;4/01/2026;3;2000;0;6000;2400;Efectivo
VEN04771;CLI195;10034;ALAMBRE PUA C16 X 400MT CORSAN;Diana Tobón;1/10/2025;2;2000;0;4000;1600;Efectivo
VEN04772;CLI088;10987;AGUA STOP PINES SAPITO GERFOR 580051;Diana Tobón;16/09/2025;3;2000;0;6000;2400;Efectivo
VEN04773;CLI017;11058;ACOPLE SANITARIO GRIVAL 40 CMS;Carlos Mario Hoyos;1/09/2025;3;2000;600;5400;1800;Tarjeta
VEN04774;CLI126;12241;ACOPLE SAMURAY CAUCHO ECONOMICO;Carlos Mario Hoyos;25/08/2025;5;2000;500;9500;3500;Efectivo
VEN04775;CLI167;10034;ALAMBRE PUA C16 X 400MT CORSAN;Andrés Cardona;29/11/2025;2;2000;400;3600;1200;Efectivo
VEN04776;CLI274;11703;"ADAPTADOR MACHO DE 11/2"" PVC LEO";Milena Restrepo;13/05/2025;2;2000;0;4000;1600;Tarjeta
VEN04777;CLI135;11701;"ADAPTADOR MACHO DE 3/4"" PVC LEO";Carlos Mario Hoyos;4/04/2025;1;2000;100;1900;700;Transferencia
VEN04778;CLI154;10058;ALAMBRE CENTELSA N 14 VERDE;Carlos Mario Hoyos;7/06/2025;5;2000;500;9500;3500;Efectivo
VEN04779;CLI240;10053;ALAMBRE CENTELSA N 14 AMARILLO;Carlos Mario Hoyos;23/05/2025;10;2000;0;20000;8000;Tarjeta
VEN04780;CLI183;12595;ADAPTADOR DE 1 EMT;Milena Restrepo;15/03/2025;5;2000;0;10000;4000;Tarjeta
VEN04781;CLI177;12242;ACOPLE SAMURAY PREMIER AMARILLO;Milena Restrepo;8/02/2025;10;2000;0;20000;8000;Transferencia
VEN04782;CLI103;12597;ADAPTADOR DE 3/4 EMT;Diana Tobón;24/03/2026;5;2000;0;10000;4000;Efectivo
VEN04783;CLI284;10007;ABRAZADERA TITAN 29/32A1-3/8 40-16;Diana Tobón;27/03/2026;3;2000;300;5700;2100;Transferencia
VEN04784;CLI024;10064;ALICATE STANLEY N 8 84-023;Diana Tobón;30/11/2025;1;2000;0;2000;800;Tarjeta
VEN04785;CLI207;11060;AGUA STOP PASTA GRIVAL;Andrés Cardona;6/09/2025;3;2000;0;6000;2400;Efectivo
VEN04786;CLI142;10046;ALAMBRE CENTELSA N 10 VERDE;Andrés Cardona;11/07/2025;1;2000;100;1900;700;Transferencia
VEN04787;CLI246;11702;"ADAPTADOR MACHO DE 1"" LEO";Milena Restrepo;12/04/2025;2;2000;0;4000;1600;Tarjeta
VEN04788;CLI275;10048;ALAMBRE CENTELSA N 12 AZUL;Andrés Cardona;13/12/2025;5;2000;500;9500;3500;Tarjeta
VEN04789;CLI102;10026;ACRONAL  DE GALON;Andrés Cardona;30/01/2025;2;2000;0;4000;1600;Tarjeta
VEN04790;CLI148;11696;ADAPTADOR PVC ALARGE 1/2 X 3/8;Carlos Mario Hoyos;15/06/2025;2;2000;200;3800;1400;Tarjeta
VEN04791;CLI270;11685;ACOPLE CAUCHO SUELTO LICUADORA OSTER;Diana Tobón;19/01/2025;10;2000;0;20000;8000;Tarjeta
VEN04792;CLI288;10042;ALAMBRE CENTELSA N 10 AZUL;Milena Restrepo;24/10/2025;1;2000;0;2000;800;Tarjeta
VEN04793;CLI202;10040;ALAMBRE CENTELSA N  8 VERDE;Carlos Mario Hoyos;27/02/2025;1;2000;0;2000;800;Transferencia
VEN04794;CLI056;10019;ACOPLE LAVAMANO CORTO  CARDENAS;Milena Restrepo;15/09/2025;3;2000;0;6000;2400;Tarjeta
VEN04795;CLI025;10049;ALAMBRE CENTELSA N 12 BLANCO;Andrés Cardona;14/12/2025;10;2000;0;20000;8000;Transferencia
VEN04796;CLI259;10043;ALAMBRE CENTELSA N 10 BLANCO;Milena Restrepo;14/04/2026;1;2000;100;1900;700;Transferencia
VEN04797;CLI299;10010;ABRAZADERA TITAN 11/4A2 40-28;Carlos Mario Hoyos;30/11/2025;2;2000;400;3600;1200;Tarjeta
VEN04798;CLI074;10014;ABRAZADERA TITAN 2-3/8A3-1/8  40-44;Milena Restrepo;19/10/2025;1;2000;0;2000;800;Transferencia
VEN04799;CLI270;12188;ACOPLE RAPIDO PISTOLA X 2 DORADO DSF-6035;Milena Restrepo;11/01/2026;2;2000;0;4000;1600;Transferencia
VEN04800;CLI175;10010;ABRAZADERA TITAN 11/4A2 40-28;Diana Tobón;25/04/2026;10;2000;1000;19000;7000;Tarjeta
VEN04801;CLI135;10060;ALICATE  BICOLOR N 8;Carlos Mario Hoyos;1/08/2025;2;2000;0;4000;1600;Efectivo
VEN04802;CLI244;11700;"ADAPTADOR MACHO DE 1/2"" PVC LEO";Andrés Cardona;23/06/2025;5;2000;0;10000;4000;Efectivo
VEN04803;CLI086;12596;ADAPTADOR DE 1/2 EMT;Andrés Cardona;24/12/2025;5;2000;0;10000;4000;Tarjeta
VEN04804;CLI252;10011;ABRAZADERA TITAN 13/4A21/2  40-32;Andrés Cardona;30/09/2025;10;2000;1000;19000;7000;Transferencia
VEN04805;CLI207;10059;ALCOHOL INDUSTRIAL X 500;Carlos Mario Hoyos;8/03/2026;5;2000;0;10000;4000;Tarjeta
VEN04806;CLI298;10987;AGUA STOP PINES SAPITO GERFOR 580051;Andrés Cardona;26/01/2025;5;2000;0;10000;4000;Transferencia
VEN04807;CLI263;10046;ALAMBRE CENTELSA N 10 VERDE;Andrés Cardona;12/07/2025;2;2000;0;4000;1600;Efectivo
VEN04808;CLI139;10059;ALCOHOL INDUSTRIAL X 500;Milena Restrepo;15/03/2025;1;2000;0;2000;800;Transferencia
VEN04809;CLI192;10059;ALCOHOL INDUSTRIAL X 500;Milena Restrepo;11/04/2026;3;2000;0;6000;2400;Efectivo
VEN04810;CLI273;10014;ABRAZADERA TITAN 2-3/8A3-1/8  40-44;Diana Tobón;20/02/2025;10;2000;0;20000;8000;Efectivo
VEN04811;CLI115;11071;ACOPLE LAVAMANOS GRIVAL LARGO 60;Andrés Cardona;5/05/2025;5;2000;0;10000;4000;Transferencia
VEN04812;CLI177;10015;ABRAZADERA TITAN 31/2A45/16 40-56;Andrés Cardona;3/03/2026;5;2000;0;10000;4000;Efectivo
VEN04813;CLI262;11703;"ADAPTADOR MACHO DE 11/2"" PVC LEO";Andrés Cardona;4/03/2026;3;2000;0;6000;2400;Efectivo
VEN04814;CLI203;10049;ALAMBRE CENTELSA N 12 BLANCO;Carlos Mario Hoyos;8/08/2025;3;2000;0;6000;2400;Efectivo
VEN04815;CLI195;10052;ALAMBRE CENTELSA N 12 VERDE;Carlos Mario Hoyos;31/01/2026;1;2000;0;2000;800;Tarjeta
VEN04816;CLI235;10037;ALAMBRE CENTELSA N  8 BLANCO;Milena Restrepo;30/09/2025;5;2000;0;10000;4000;Efectivo
VEN04817;CLI170;10010;ABRAZADERA TITAN 11/4A2 40-28;Milena Restrepo;6/02/2026;5;2000;500;9500;3500;Efectivo
VEN04818;CLI074;10003;ABRAZADERA TITAN 5/16A5/8 - 3/8  10-04;Andrés Cardona;26/07/2025;5;2000;0;10000;4000;Tarjeta
VEN04819;CLI066;10053;ALAMBRE CENTELSA N 14 AMARILLO;Diana Tobón;17/10/2025;2;2000;0;4000;1600;Efectivo
VEN04820;CLI033;11701;"ADAPTADOR MACHO DE 3/4"" PVC LEO";Andrés Cardona;4/01/2026;10;2000;0;20000;8000;Efectivo
VEN04821;CLI175;10026;ACRONAL  DE GALON;Milena Restrepo;11/04/2026;10;2000;0;20000;8000;Tarjeta
VEN04822;CLI028;11060;AGUA STOP PASTA GRIVAL;Diana Tobón;28/12/2025;1;2000;0;2000;800;Transferencia
VEN04823;CLI241;10043;ALAMBRE CENTELSA N 10 BLANCO;Carlos Mario Hoyos;1/01/2026;3;2000;0;6000;2400;Efectivo
VEN04824;CLI260;10034;ALAMBRE PUA C16 X 400MT CORSAN;Milena Restrepo;15/01/2025;3;2000;0;6000;2400;Efectivo
VEN04825;CLI141;10016;ACEITE USA1 X 30 CC;Milena Restrepo;24/07/2025;3;2000;0;6000;2400;Tarjeta
VEN04826;CLI272;10043;ALAMBRE CENTELSA N 10 BLANCO;Andrés Cardona;13/04/2025;1;2000;0;2000;800;Efectivo
VEN04827;CLI124;10001;ABRAZADERA 1/2 ECONOMICA;Diana Tobón;9/10/2025;5;2000;1000;9000;3000;Efectivo
VEN04828;CLI063;10027;AEROGRAFO F75 400 ML DSF-1499;Milena Restrepo;14/06/2025;10;2000;0;20000;8000;Transferencia
VEN04829;CLI172;11696;ADAPTADOR PVC ALARGE 1/2 X 3/8;Andrés Cardona;29/09/2025;10;2000;0;20000;8000;Transferencia
VEN04830;CLI225;10046;ALAMBRE CENTELSA N 10 VERDE;Milena Restrepo;25/01/2025;1;2000;100;1900;700;Tarjeta
VEN04831;CLI148;11704;"ADAPTADOR MACHO DE 2"" PVC LEO";Diana Tobón;6/01/2025;2;2000;0;4000;1600;Transferencia
VEN04832;CLI032;11704;"ADAPTADOR MACHO DE 2"" PVC LEO";Carlos Mario Hoyos;8/03/2026;3;2000;0;6000;2400;Tarjeta
VEN04833;CLI115;10006;ABRAZADERA TITAN 3/4A1 40-12;Andrés Cardona;1/12/2025;2;2000;0;4000;1600;Transferencia
VEN04834;CLI083;12187;ACOPLE RAPIDO PISTOLA PINTAR;Andrés Cardona;25/03/2026;2;2000;0;4000;1600;Tarjeta
VEN04835;CLI061;10014;ABRAZADERA TITAN 2-3/8A3-1/8  40-44;Andrés Cardona;15/07/2025;10;2000;0;20000;8000;Tarjeta
VEN04836;CLI235;10043;ALAMBRE CENTELSA N 10 BLANCO;Milena Restrepo;30/07/2025;3;2000;0;6000;2400;Transferencia
VEN04837;CLI031;11941;AGUA STOP AHORRADOR PLASTIG;Diana Tobón;22/04/2026;5;2000;0;10000;4000;Efectivo
VEN04838;CLI027;10050;ALAMBRE CENTELSA N 12 NEGRO;Diana Tobón;20/04/2026;2;2000;400;3600;1200;Tarjeta
VEN04839;CLI270;11943;AGUA STOP PLASTGRIFOS;Diana Tobón;8/02/2025;3;2000;300;5700;2100;Efectivo
VEN04840;CLI015;10001;ABRAZADERA 1/2 ECONOMICA;Diana Tobón;14/11/2025;1;2000;0;2000;800;Tarjeta
VEN04841;CLI256;10032;ALAMBRE PUA  C14 X 350MT CORSAN;Diana Tobón;12/04/2026;10;2000;0;20000;8000;Transferencia
VEN04842;CLI250;11700;"ADAPTADOR MACHO DE 1/2"" PVC LEO";Andrés Cardona;7/09/2025;3;2000;600;5400;1800;Efectivo
VEN04843;CLI133;10019;ACOPLE LAVAMANO CORTO  CARDENAS;Carlos Mario Hoyos;21/03/2025;2;2000;0;4000;1600;Transferencia
VEN04844;CLI075;10024;ACOPLE SANITARIO GRIPLAS;Milena Restrepo;14/04/2026;5;2000;0;10000;4000;Tarjeta
VEN04845;CLI217;10019;ACOPLE LAVAMANO CORTO  CARDENAS;Andrés Cardona;12/08/2025;5;2000;0;10000;4000;Transferencia
VEN04846;CLI026;10061;ALICATE 6 NARANJA DSF-6049;Andrés Cardona;1/08/2025;5;2000;0;10000;4000;Tarjeta
VEN04847;CLI178;10023;ACOPLE SANITARIO CORTO CARDENAS;Carlos Mario Hoyos;30/03/2025;5;2000;1000;9000;3000;Efectivo
VEN04848;CLI194;10055;ALAMBRE CENTELSA N 14 BLANCO;Diana Tobón;26/08/2025;10;2000;0;20000;8000;Tarjeta
VEN04849;CLI162;10014;ABRAZADERA TITAN 2-3/8A3-1/8  40-44;Carlos Mario Hoyos;3/12/2025;2;2000;0;4000;1600;Transferencia
VEN04850;CLI133;10023;ACOPLE SANITARIO CORTO CARDENAS;Diana Tobón;22/03/2025;3;2000;300;5700;2100;Tarjeta
VEN04851;CLI136;10059;ALCOHOL INDUSTRIAL X 500;Carlos Mario Hoyos;27/02/2026;10;2000;0;20000;8000;Efectivo
VEN04852;CLI037;10064;ALICATE STANLEY N 8 84-023;Milena Restrepo;23/11/2025;2;2000;200;3800;1400;Transferencia
VEN04853;CLI001;10046;ALAMBRE CENTELSA N 10 VERDE;Diana Tobón;29/03/2025;1;2000;100;1900;700;Tarjeta
VEN04854;CLI118;12177;AGUJAS PISTOLA PINTAR;Diana Tobón;13/05/2025;1;2000;0;2000;800;Tarjeta
VEN04855;CLI189;11071;ACOPLE LAVAMANOS GRIVAL LARGO 60;Milena Restrepo;28/01/2026;5;2000;0;10000;4000;Tarjeta
VEN04856;CLI262;10038;ALAMBRE CENTELSA N  8 NEGRO;Andrés Cardona;27/01/2026;2;2000;0;4000;1600;Transferencia
VEN04857;CLI262;10050;ALAMBRE CENTELSA N 12 NEGRO;Milena Restrepo;30/03/2025;3;2000;300;5700;2100;Tarjeta
VEN04858;CLI068;11057;ACOPLE LAVAMANOS GRIVAL 40CMS;Andrés Cardona;22/08/2025;2;2000;200;3800;1400;Efectivo
VEN04859;CLI016;10027;AEROGRAFO F75 400 ML DSF-1499;Carlos Mario Hoyos;23/12/2025;3;2000;300;5700;2100;Transferencia
VEN04860;CLI236;10003;ABRAZADERA TITAN 5/16A5/8 - 3/8  10-04;Andrés Cardona;28/03/2025;2;2000;200;3800;1400;Efectivo
VEN04861;CLI077;11058;ACOPLE SANITARIO GRIVAL 40 CMS;Milena Restrepo;4/01/2026;10;2000;0;20000;8000;Efectivo
VEN04862;CLI058;10039;ALAMBRE CENTELSA N  8 ROJO;Carlos Mario Hoyos;13/01/2026;5;2000;0;10000;4000;Transferencia
VEN04863;CLI220;10031;ALAMBRE PUA C 14 X 500MT;Diana Tobón;30/08/2025;3;2000;0;6000;2400;Transferencia
VEN04864;CLI237;10051;ALAMBRE CENTELSA N 12 ROJO;Carlos Mario Hoyos;12/02/2026;1;2000;0;2000;800;Efectivo
VEN04865;CLI229;12188;ACOPLE RAPIDO PISTOLA X 2 DORADO DSF-6035;Milena Restrepo;4/03/2025;1;2000;0;2000;800;Tarjeta
VEN04866;CLI030;12178;ACOPLE RAPIDO PISTOLA PINTAR JUEGO X 5;Carlos Mario Hoyos;23/02/2025;5;2000;0;10000;4000;Tarjeta
VEN04867;CLI037;12241;ACOPLE SAMURAY CAUCHO ECONOMICO;Diana Tobón;20/01/2025;10;2000;0;20000;8000;Tarjeta
VEN04868;CLI012;10037;ALAMBRE CENTELSA N  8 BLANCO;Andrés Cardona;14/02/2026;5;2000;0;10000;4000;Efectivo
VEN04869;CLI083;10024;ACOPLE SANITARIO GRIPLAS;Carlos Mario Hoyos;8/10/2025;10;2000;2000;18000;6000;Efectivo
VEN04870;CLI290;10015;ABRAZADERA TITAN 31/2A45/16 40-56;Diana Tobón;15/03/2025;10;2000;0;20000;8000;Tarjeta
VEN04871;CLI112;10039;ALAMBRE CENTELSA N  8 ROJO;Diana Tobón;31/05/2025;10;2000;2000;18000;6000;Efectivo
VEN04872;CLI090;11941;AGUA STOP AHORRADOR PLASTIG;Carlos Mario Hoyos;21/06/2025;2;2000;0;4000;1600;Efectivo
VEN04873;CLI272;10057;ALAMBRE CENTELSA N 14 ROJO;Milena Restrepo;28/02/2026;5;2000;0;10000;4000;Transferencia
VEN04874;CLI248;10048;ALAMBRE CENTELSA N 12 AZUL;Diana Tobón;15/01/2025;2;2000;0;4000;1600;Efectivo
VEN04875;CLI095;10063;ALICATE FOCCI 8,5 DSF-1684;Milena Restrepo;20/04/2025;2;2000;0;4000;1600;Transferencia
VEN04876;CLI141;11700;"ADAPTADOR MACHO DE 1/2"" PVC LEO";Andrés Cardona;16/01/2026;2;2000;200;3800;1400;Tarjeta
VEN04877;CLI229;10057;ALAMBRE CENTELSA N 14 ROJO;Andrés Cardona;2/01/2025;5;2000;0;10000;4000;Transferencia
VEN04878;CLI271;10017;ACEITE USA1 X 70 CC;Andrés Cardona;31/08/2025;10;2000;0;20000;8000;Tarjeta
VEN04879;CLI103;10044;ALAMBRE CENTELSA N 10 NEGRO;Andrés Cardona;24/02/2026;1;2000;0;2000;800;Tarjeta
VEN04880;CLI238;10001;ABRAZADERA 1/2 ECONOMICA;Diana Tobón;6/01/2026;5;2000;0;10000;4000;Tarjeta
VEN04881;CLI253;10030;AEROGRAFO X 150 ML ABANICO HOPEX F2;Carlos Mario Hoyos;13/04/2025;1;2000;0;2000;800;Tarjeta
VEN04882;CLI008;11072;ACOPLE SANITARIO GRIVAL LARGO 55;Milena Restrepo;30/08/2025;10;2000;0;20000;8000;Tarjeta
VEN04883;CLI276;10033;ALAMBRE PUA C16 X 200MT CORSAN;Diana Tobón;1/05/2026;3;2000;0;6000;2400;Transferencia
VEN04884;CLI234;12177;AGUJAS PISTOLA PINTAR;Andrés Cardona;10/06/2025;3;2000;0;6000;2400;Tarjeta
VEN04885;CLI098;11701;"ADAPTADOR MACHO DE 3/4"" PVC LEO";Carlos Mario Hoyos;7/11/2025;2;2000;0;4000;1600;Tarjeta
VEN04886;CLI293;10044;ALAMBRE CENTELSA N 10 NEGRO;Milena Restrepo;31/01/2026;5;2000;0;10000;4000;Efectivo
VEN04887;CLI023;12188;ACOPLE RAPIDO PISTOLA X 2 DORADO DSF-6035;Milena Restrepo;4/01/2025;5;2000;0;10000;4000;Tarjeta
VEN04888;CLI133;10013;ABRAZADERA TITAN 23/8A31/8  40-40;Carlos Mario Hoyos;4/09/2025;5;2000;0;10000;4000;Tarjeta
VEN04889;CLI083;11060;AGUA STOP PASTA GRIVAL;Diana Tobón;27/12/2025;5;2000;0;10000;4000;Transferencia
VEN04890;CLI111;10049;ALAMBRE CENTELSA N 12 BLANCO;Carlos Mario Hoyos;28/02/2026;1;2000;100;1900;700;Tarjeta
VEN04891;CLI020;10010;ABRAZADERA TITAN 11/4A2 40-28;Carlos Mario Hoyos;27/04/2026;3;2000;0;6000;2400;Transferencia
VEN04892;CLI013;10025;ACRONAL  DE 1/4;Diana Tobón;25/01/2025;3;2000;0;6000;2400;Efectivo
VEN04893;CLI237;10032;ALAMBRE PUA  C14 X 350MT CORSAN;Milena Restrepo;7/12/2025;1;2000;100;1900;700;Transferencia
VEN04894;CLI222;10022;ACOPLE SANITARIO CARDENAS LARGO;Milena Restrepo;4/09/2025;2;2000;0;4000;1600;Efectivo
VEN04895;CLI101;10044;ALAMBRE CENTELSA N 10 NEGRO;Andrés Cardona;15/03/2025;3;2000;0;6000;2400;Tarjeta
VEN04896;CLI179;10008;ABRAZADERA TITAN 1A19/16 40-20;Diana Tobón;20/04/2026;5;2000;0;10000;4000;Tarjeta
VEN04897;CLI136;10986;AGUA STOP ARGOLLA GERFOR 581140;Milena Restrepo;3/06/2025;10;2000;0;20000;8000;Tarjeta
VEN04898;CLI009;10005;ABRAZADERA TITAN 1/2A3/4  40-06;Carlos Mario Hoyos;16/08/2025;2;2000;200;3800;1400;Efectivo
VEN04899;CLI122;10878;ADAPTADOR HEMBRA 1/2 X 16MM PE AL PE;Diana Tobón;20/11/2025;2;10800;0;21600;19200;Transferencia
VEN04900;CLI195;11943;AGUA STOP PLASTGRIFOS;Diana Tobón;28/05/2025;2;2000;400;3600;1200;Efectivo
VEN04901;CLI184;10049;ALAMBRE CENTELSA N 12 BLANCO;Andrés Cardona;30/03/2026;1;2000;0;2000;800;Tarjeta
VEN04902;CLI289;10004;ABRAZADERA TITAN 7/16A25/32 - 1/2 10-06;Andrés Cardona;21/03/2025;1;2000;0;2000;800;Efectivo
VEN04903;CLI089;11696;ADAPTADOR PVC ALARGE 1/2 X 3/8;Diana Tobón;5/11/2025;5;2000;0;10000;4000;Efectivo
VEN04904;CLI209;11699;ADAPTADOR HEMBRA DE 3/4 PVC LEO;Milena Restrepo;17/04/2025;5;2000;0;10000;4000;Efectivo
VEN04905;CLI276;10053;ALAMBRE CENTELSA N 14 AMARILLO;Andrés Cardona;29/04/2026;2;2000;0;4000;1600;Tarjeta
VEN04906;CLI231;11057;ACOPLE LAVAMANOS GRIVAL 40CMS;Diana Tobón;8/11/2025;1;2000;0;2000;800;Tarjeta
VEN04907;CLI093;10054;ALAMBRE CENTELSA N 14 AZUL;Milena Restrepo;18/02/2025;3;2000;0;6000;2400;Efectivo
VEN04908;CLI152;11941;AGUA STOP AHORRADOR PLASTIG;Carlos Mario Hoyos;16/08/2025;10;2000;0;20000;8000;Tarjeta
VEN04909;CLI214;10059;ALCOHOL INDUSTRIAL X 500;Diana Tobón;20/04/2026;1;2000;0;2000;800;Tarjeta
VEN04910;CLI279;12596;ADAPTADOR DE 1/2 EMT;Andrés Cardona;2/04/2025;2;2000;0;4000;1600;Efectivo
VEN04911;CLI088;10015;ABRAZADERA TITAN 31/2A45/16 40-56;Carlos Mario Hoyos;25/03/2025;3;2000;0;6000;2400;Transferencia
VEN04912;CLI033;12242;ACOPLE SAMURAY PREMIER AMARILLO;Diana Tobón;12/06/2025;2;2000;0;4000;1600;Transferencia
VEN04913;CLI181;12240;ACOPLE PASTA SAMURAY ECONOMICO;Andrés Cardona;28/02/2025;10;2000;0;20000;8000;Tarjeta
VEN04914;CLI297;10001;ABRAZADERA 1/2 ECONOMICA;Milena Restrepo;17/07/2025;5;2000;0;10000;4000;Efectivo
VEN04915;CLI004;11696;ADAPTADOR PVC ALARGE 1/2 X 3/8;Andrés Cardona;7/03/2026;2;2000;400;3600;1200;Tarjeta
VEN04916;CLI274;10011;ABRAZADERA TITAN 13/4A21/2  40-32;Diana Tobón;23/03/2026;10;2000;2000;18000;6000;Transferencia
VEN04917;CLI272;11698;"ADAPTADOR HEMBRA  1/2"" LEO PRECION";Andrés Cardona;31/01/2026;5;2000;0;10000;4000;Efectivo
VEN04918;CLI025;10013;ABRAZADERA TITAN 23/8A31/8  40-40;Milena Restrepo;6/03/2025;10;2000;0;20000;8000;Transferencia
VEN04919;CLI153;11072;ACOPLE SANITARIO GRIVAL LARGO 55;Diana Tobón;8/02/2026;5;2000;1000;9000;3000;Efectivo
VEN04920;CLI034;10061;ALICATE 6 NARANJA DSF-6049;Carlos Mario Hoyos;12/04/2025;10;2000;1000;19000;7000;Transferencia
VEN04921;CLI015;10058;ALAMBRE CENTELSA N 14 VERDE;Milena Restrepo;15/04/2025;10;2000;0;20000;8000;Tarjeta
VEN04922;CLI021;10058;ALAMBRE CENTELSA N 14 VERDE;Milena Restrepo;7/05/2025;5;2000;0;10000;4000;Efectivo
VEN04923;CLI019;12242;ACOPLE SAMURAY PREMIER AMARILLO;Diana Tobón;1/12/2025;1;2000;0;2000;800;Transferencia
VEN04924;CLI113;11701;"ADAPTADOR MACHO DE 3/4"" PVC LEO";Diana Tobón;26/09/2025;5;2000;0;10000;4000;Tarjeta
VEN04925;CLI147;10062;ALICATE 8 NARANJA DSF-6050;Milena Restrepo;15/02/2026;2;2000;0;4000;1600;Tarjeta
VEN04926;CLI264;11697;"ADAPTADOR HEMBRA DE 1"" PVC LEO";Diana Tobón;28/04/2025;3;2000;0;6000;2400;Tarjeta
VEN04927;CLI185;11701;"ADAPTADOR MACHO DE 3/4"" PVC LEO";Milena Restrepo;13/07/2025;5;2000;0;10000;4000;Efectivo
VEN04928;CLI094;10034;ALAMBRE PUA C16 X 400MT CORSAN;Milena Restrepo;16/10/2025;10;2000;0;20000;8000;Transferencia
VEN04929;CLI128;10037;ALAMBRE CENTELSA N  8 BLANCO;Diana Tobón;19/05/2025;2;2000;0;4000;1600;Efectivo
VEN04930;CLI101;10017;ACEITE USA1 X 70 CC;Andrés Cardona;30/12/2025;2;2000;0;4000;1600;Efectivo
VEN04931;CLI184;10007;ABRAZADERA TITAN 29/32A1-3/8 40-16;Milena Restrepo;23/04/2026;3;2000;0;6000;2400;Transferencia
VEN04932;CLI273;10036;ALAMBRE CENTELSA N  8 AZUL;Carlos Mario Hoyos;22/09/2025;5;2000;1000;9000;3000;Tarjeta
VEN04933;CLI227;10010;ABRAZADERA TITAN 11/4A2 40-28;Andrés Cardona;14/06/2025;2;2000;200;3800;1400;Efectivo
VEN04934;CLI102;10026;ACRONAL  DE GALON;Carlos Mario Hoyos;9/07/2025;3;2000;0;6000;2400;Tarjeta
VEN04935;CLI002;10735;ADAPTADOR DE ESPIGO A ROSCA DE 1/2;Diana Tobón;18/04/2025;10;2000;0;20000;8000;Efectivo
VEN04936;CLI053;10031;ALAMBRE PUA C 14 X 500MT;Andrés Cardona;26/04/2025;10;2000;0;20000;8000;Efectivo
VEN04937;CLI047;10055;ALAMBRE CENTELSA N 14 BLANCO;Andrés Cardona;19/07/2025;3;2000;600;5400;1800;Transferencia
VEN04938;CLI119;10057;ALAMBRE CENTELSA N 14 ROJO;Andrés Cardona;12/04/2026;1;2000;0;2000;800;Transferencia
VEN04939;CLI238;12596;ADAPTADOR DE 1/2 EMT;Andrés Cardona;20/02/2025;1;2000;0;2000;800;Efectivo
VEN04940;CLI221;12241;ACOPLE SAMURAY CAUCHO ECONOMICO;Carlos Mario Hoyos;8/12/2025;3;2000;0;6000;2400;Efectivo
VEN04941;CLI043;11941;AGUA STOP AHORRADOR PLASTIG;Carlos Mario Hoyos;8/01/2026;3;2000;300;5700;2100;Transferencia
VEN04942;CLI174;10005;ABRAZADERA TITAN 1/2A3/4  40-06;Carlos Mario Hoyos;14/04/2025;3;2000;0;6000;2400;Tarjeta
VEN04943;CLI254;10016;ACEITE USA1 X 30 CC;Diana Tobón;7/03/2026;3;2000;0;6000;2400;Transferencia
VEN04944;CLI231;10030;AEROGRAFO X 150 ML ABANICO HOPEX F2;Milena Restrepo;3/05/2025;2;2000;0;4000;1600;Efectivo
VEN04945;CLI261;10043;ALAMBRE CENTELSA N 10 BLANCO;Milena Restrepo;12/10/2025;5;2000;0;10000;4000;Tarjeta
VEN04946;CLI029;10036;ALAMBRE CENTELSA N  8 AZUL;Andrés Cardona;16/08/2025;2;2000;400;3600;1200;Efectivo
VEN04947;CLI038;11698;"ADAPTADOR HEMBRA  1/2"" LEO PRECION";Andrés Cardona;29/08/2025;2;2000;0;4000;1600;Tarjeta
VEN04948;CLI209;10032;ALAMBRE PUA  C14 X 350MT CORSAN;Carlos Mario Hoyos;22/04/2026;10;2000;1000;19000;7000;Transferencia
VEN04949;CLI055;12241;ACOPLE SAMURAY CAUCHO ECONOMICO;Andrés Cardona;30/05/2025;5;2000;1000;9000;3000;Transferencia
VEN04950;CLI096;10059;ALCOHOL INDUSTRIAL X 500;Andrés Cardona;19/10/2025;3;2000;0;6000;2400;Tarjeta
VEN04951;CLI199;11704;"ADAPTADOR MACHO DE 2"" PVC LEO";Carlos Mario Hoyos;14/10/2025;3;2000;0;6000;2400;Efectivo
VEN04952;CLI259;10048;ALAMBRE CENTELSA N 12 AZUL;Andrés Cardona;19/04/2025;1;2000;0;2000;800;Transferencia
VEN04953;CLI055;10878;ADAPTADOR HEMBRA 1/2 X 16MM PE AL PE;Carlos Mario Hoyos;18/02/2025;10;10800;10800;97200;85200;Transferencia
VEN04954;CLI164;11685;ACOPLE CAUCHO SUELTO LICUADORA OSTER;Milena Restrepo;1/04/2025;2;2000;0;4000;1600;Transferencia
VEN04955;CLI129;10006;ABRAZADERA TITAN 3/4A1 40-12;Diana Tobón;5/10/2025;5;2000;0;10000;4000;Transferencia
VEN04956;CLI067;10048;ALAMBRE CENTELSA N 12 AZUL;Andrés Cardona;14/07/2025;3;2000;0;6000;2400;Efectivo
VEN04957;CLI121;10878;ADAPTADOR HEMBRA 1/2 X 16MM PE AL PE;Andrés Cardona;12/02/2025;3;10800;0;32400;28800;Tarjeta
VEN04958;CLI117;10034;ALAMBRE PUA C16 X 400MT CORSAN;Andrés Cardona;7/03/2026;10;2000;0;20000;8000;Efectivo
VEN04959;CLI238;11071;ACOPLE LAVAMANOS GRIVAL LARGO 60;Carlos Mario Hoyos;7/01/2025;3;2000;0;6000;2400;Efectivo
VEN04960;CLI088;11943;AGUA STOP PLASTGRIFOS;Milena Restrepo;14/10/2025;5;2000;1000;9000;3000;Tarjeta
VEN04961;CLI170;10053;ALAMBRE CENTELSA N 14 AMARILLO;Carlos Mario Hoyos;21/05/2025;2;2000;0;4000;1600;Transferencia
VEN04962;CLI179;10007;ABRAZADERA TITAN 29/32A1-3/8 40-16;Carlos Mario Hoyos;2/03/2025;3;2000;0;6000;2400;Tarjeta
VEN04963;CLI088;10048;ALAMBRE CENTELSA N 12 AZUL;Andrés Cardona;16/06/2025;2;2000;0;4000;1600;Tarjeta
VEN04964;CLI012;11700;"ADAPTADOR MACHO DE 1/2"" PVC LEO";Carlos Mario Hoyos;30/03/2026;1;2000;0;2000;800;Tarjeta
VEN04965;CLI227;10025;ACRONAL  DE 1/4;Milena Restrepo;3/12/2025;5;2000;0;10000;4000;Efectivo
VEN04966;CLI093;11700;"ADAPTADOR MACHO DE 1/2"" PVC LEO";Milena Restrepo;14/03/2025;3;2000;0;6000;2400;Transferencia
VEN04967;CLI100;10033;ALAMBRE PUA C16 X 200MT CORSAN;Diana Tobón;29/01/2026;3;2000;0;6000;2400;Transferencia
VEN04968;CLI182;10063;ALICATE FOCCI 8,5 DSF-1684;Diana Tobón;27/08/2025;5;2000;0;10000;4000;Efectivo
VEN04969;CLI197;10017;ACEITE USA1 X 70 CC;Milena Restrepo;2/05/2026;10;2000;0;20000;8000;Transferencia
VEN04970;CLI249;11703;"ADAPTADOR MACHO DE 11/2"" PVC LEO";Diana Tobón;7/01/2025;10;2000;0;20000;8000;Efectivo
VEN04971;CLI253;10053;ALAMBRE CENTELSA N 14 AMARILLO;Diana Tobón;27/06/2025;5;2000;1000;9000;3000;Transferencia
VEN04972;CLI190;11697;"ADAPTADOR HEMBRA DE 1"" PVC LEO";Andrés Cardona;31/12/2025;10;2000;0;20000;8000;Transferencia
VEN04973;CLI253;10056;ALAMBRE CENTELSA N 14 NEGRO;Milena Restrepo;4/03/2025;5;2000;0;10000;4000;Efectivo
VEN04974;CLI217;10879;ADAPTADOR MACHO 1/2 X 16MM PE AL PE;Carlos Mario Hoyos;29/01/2025;3;2000;0;6000;2400;Efectivo
VEN04975;CLI116;10017;ACEITE USA1 X 70 CC;Milena Restrepo;11/06/2025;3;2000;0;6000;2400;Transferencia
VEN04976;CLI160;10034;ALAMBRE PUA C16 X 400MT CORSAN;Diana Tobón;4/11/2025;1;2000;0;2000;800;Transferencia
VEN04977;CLI128;10034;ALAMBRE PUA C16 X 400MT CORSAN;Carlos Mario Hoyos;26/09/2025;10;2000;0;20000;8000;Transferencia
VEN04978;CLI102;11057;ACOPLE LAVAMANOS GRIVAL 40CMS;Carlos Mario Hoyos;22/02/2026;5;2000;0;10000;4000;Transferencia
VEN04979;CLI284;10003;ABRAZADERA TITAN 5/16A5/8 - 3/8  10-04;Milena Restrepo;27/01/2025;5;2000;0;10000;4000;Efectivo
VEN04980;CLI171;10053;ALAMBRE CENTELSA N 14 AMARILLO;Diana Tobón;29/06/2025;5;2000;0;10000;4000;Tarjeta
VEN04981;CLI142;10005;ABRAZADERA TITAN 1/2A3/4  40-06;Carlos Mario Hoyos;13/07/2025;2;2000;0;4000;1600;Efectivo
VEN04982;CLI243;10037;ALAMBRE CENTELSA N  8 BLANCO;Milena Restrepo;25/04/2025;2;2000;200;3800;1400;Transferencia
VEN04983;CLI018;10015;ABRAZADERA TITAN 31/2A45/16 40-56;Milena Restrepo;23/08/2025;1;2000;100;1900;700;Transferencia
VEN04984;CLI030;10009;ABRAZADERA TITAN 11/8A17/8  40-24;Andrés Cardona;25/02/2026;1;2000;0;2000;800;Tarjeta
VEN04985;CLI231;10050;ALAMBRE CENTELSA N 12 NEGRO;Diana Tobón;5/03/2026;10;2000;0;20000;8000;Efectivo
VEN04986;CLI064;11697;"ADAPTADOR HEMBRA DE 1"" PVC LEO";Diana Tobón;30/11/2025;5;2000;0;10000;4000;Tarjeta
VEN04987;CLI158;10060;ALICATE  BICOLOR N 8;Andrés Cardona;13/02/2026;5;2000;0;10000;4000;Transferencia
VEN04988;CLI197;10049;ALAMBRE CENTELSA N 12 BLANCO;Carlos Mario Hoyos;8/01/2025;2;2000;200;3800;1400;Tarjeta
VEN04989;CLI257;10012;ABRAZADERA TITAN  2A2-3/8 40-36;Diana Tobón;17/07/2025;1;2000;0;2000;800;Transferencia
VEN04990;CLI045;10011;ABRAZADERA TITAN 13/4A21/2  40-32;Andrés Cardona;25/09/2025;10;2000;0;20000;8000;Transferencia
VEN04991;CLI275;10029;AEROGRAFO X 125 ML CHORRO DSF-1505 K3;Andrés Cardona;7/03/2025;2;2000;0;4000;1600;Tarjeta
VEN04992;CLI116;10048;ALAMBRE CENTELSA N 12 AZUL;Milena Restrepo;15/04/2026;10;2000;0;20000;8000;Transferencia
VEN04993;CLI118;12596;ADAPTADOR DE 1/2 EMT;Carlos Mario Hoyos;16/06/2025;5;2000;0;10000;4000;Tarjeta
VEN04994;CLI043;10016;ACEITE USA1 X 30 CC;Diana Tobón;24/11/2025;5;2000;0;10000;4000;Efectivo
VEN04995;CLI231;10048;ALAMBRE CENTELSA N 12 AZUL;Andrés Cardona;14/01/2026;2;2000;0;4000;1600;Efectivo
VEN04996;CLI230;10879;ADAPTADOR MACHO 1/2 X 16MM PE AL PE;Milena Restrepo;30/10/2025;2;2000;0;4000;1600;Tarjeta
VEN04997;CLI190;10035;ALAMBRE CENTELSA N  8 AMARILLO;Andrés Cardona;19/07/2025;2;2000;0;4000;1600;Tarjeta
VEN04998;CLI265;10021;ACOPLE LAVAMANOS GRIPLAS;Milena Restrepo;18/03/2025;3;2000;0;6000;2400;Efectivo
VEN04999;CLI166;11685;ACOPLE CAUCHO SUELTO LICUADORA OSTER;Milena Restrepo;25/08/2025;2;2000;0;4000;1600;Efectivo
VEN05000;CLI004;10051;ALAMBRE CENTELSA N 12 ROJO;Carlos Mario Hoyos;3/12/2025;2;2000;0;4000;1600;Transferencia
